t_us,lat_us,aiming,hasTarget,classId,conf,cx,cy,w,h,emit_dx,emit_dy,mscale_x,mscale_y,inject_cum_x
34275,4067,0,1,0,0.322526,119.992,238.953,41.2656,65.7188,-6,0,0.5,0.5,0
37643,3320,0,1,0,0.802865,117.195,236.812,54.2344,72.625,-4,1,0.5,0.5,0
40956,3287,0,1,0,0.7398,114.023,235.914,48.5781,73.1719,-3,1,0.5,0.5,0
44374,3296,0,1,0,0.742423,108.984,238.578,54.1562,69.2188,-5,1,0.5,0.5,0
51105,3305,0,1,0,0.355776,108.82,238.828,35.0469,59.5312,-5,1,0.5,0.5,0
55238,3290,0,1,0,0.445529,101.414,247.82,52.4219,68.5469,-6,1,0.5,0.5,0
60666,3285,0,1,0,0.74872,100.574,247.812,53.2266,77,-6,1,0.5,0.5,0
64651,3282,0,1,0,0.254971,99.6367,248.172,47.1016,70.0312,-6,1,0.5,0.5,0
71033,3301,0,1,0,0.735262,99.0781,257.82,50.4062,74.6094,-6,1,0.5,0.5,0
74813,3278,0,1,0,0.588416,99.1719,260.281,51.4062,74.6875,-5,1,0.5,0.5,0
81057,3281,0,1,0,0.790206,99.8984,264.414,51.6719,77.3281,-5,1,0.5,0.5,0
87752,3289,0,1,0,0.579876,101.945,264.43,47.8594,76.8594,-6,1,0.5,0.5,0
91945,3278,0,1,0,0.4917,105.805,263.312,34.2344,72,-5,1,0.5,0.5,0
97396,3275,0,1,0,0.299925,98.3672,267.109,39.1406,70.1562,-5,1,0.5,0.5,0
101034,3268,0,1,0,0.31195,99.9453,259.359,23.8281,71.3438,-6,1,0.5,0.5,0
104895,3274,0,1,0,0.390011,100.133,260.109,26.8281,73.2812,-6,1,0.5,0.5,0
109118,3268,0,1,0,0.30198,99.2812,260.906,27.5,73.6875,-6,1,0.5,0.5,0
114245,3273,0,1,0,0.315313,101.469,262.68,23.8125,68.5469,-5,1,0.5,0.5,0
118075,3274,0,1,0,0.47317,90.3438,261.328,48.8438,76.2188,-7,1,0.5,0.5,0
122332,3273,0,1,0,0.696371,91.207,266.016,42.6016,66.7812,-6,0,0.5,0.5,0
126239,3274,0,1,0,0.272605,91.4453,266.219,44.8906,65.4375,-6,1,0.5,0.5,0
129759,3271,0,1,0,0.615088,93.4688,264.422,47.75,70.3438,-6,1,0.5,0.5,0
135130,3269,0,1,0,0.530723,94.5469,263.117,42.4062,74.7344,-6,1,0.5,0.5,0
141633,3271,0,1,0,0.459561,96.6602,263.805,44.1953,74.3594,-6,1,0.5,0.5,0
145472,3274,0,1,0,0.531209,96.6641,264.711,44.9531,70.9531,-6,1,0.5,0.5,0
149190,3254,0,0,-1,0,0,0,0,0,0,0,0,0,0
152914,3270,0,1,0,0.361165,108.031,261.516,26.1875,71.9062,-6,0,0.5,0.5,0
158107,3274,0,1,0,0.349088,104.02,263.531,33.6641,71.9375,-6,1,0.5,0.5,0
162148,3260,0,0,-1,0,0,0,0,0,0,0,0,0,0
166236,3274,0,1,0,0.268943,105.438,261.664,34.3438,78.0781,-6,0,0.5,0.5,0
172057,3274,0,1,0,0.534127,106.82,260.391,35.7656,81.2188,-5,1,0.5,0.5,0
175905,3275,0,1,0,0.302186,107.09,264.391,33.8203,70.3438,-5,1,0.5,0.5,0
181806,3273,0,1,0,0.267026,107.203,261.078,36.6562,79.9062,-5,1,0.5,0.5,0
185951,3275,0,1,0,0.270673,105.984,263.57,40.2188,73.6406,-5,1,0.5,0.5,0
191972,3273,0,1,0,0.317214,107.625,261.164,39.3125,78.8281,-5,2,0.5,0.5,0
196397,3279,0,1,0,0.430147,108.945,261.18,35.3906,77.1094,-6,1,0.5,0.5,0
201622,3265,0,1,0,0.346431,111.035,264.93,36.6328,69.7344,-4,1,0.5,0.5,0
205443,3270,0,1,0,0.531696,112.195,263.516,34.8281,73.4062,-5,1,0.5,0.5,0
208983,3268,0,1,0,0.433022,114.043,263.875,32.2109,67.6875,-5,1,0.5,0.5,0
213050,3267,0,1,0,0.401218,116.113,258.25,30.5703,74,-4,1,0.5,0.5,0
218387,3265,0,1,0,0.306112,115.625,258.234,33.0625,77.5312,-4,1,0.5,0.5,0
222321,3268,0,1,0,0.394201,115.586,258.523,34.0156,79.4531,-5,1,0.5,0.5,0
226273,3267,0,1,0,0.57081,116.688,258.305,33.2188,79.2344,-5,1,0.5,0.5,0
229752,3268,0,1,0,0.307566,116.602,258.68,35.1406,78.7656,-4,1,0.5,0.5,0
235013,3274,0,1,0,0.300746,116.934,258.727,36.4453,79.7969,-4,1,0.5,0.5,0
238808,3276,0,1,0,0.259261,117.141,258.648,36.6875,81.9531,-5,1,0.5,0.5,0
243333,3274,0,1,0,0.516108,119.891,262.312,31.75,69.625,-4,1,0.5,0.5,0
248492,3271,0,1,0,0.617858,120.258,258.695,34.4531,80.1406,-3,1,0.5,0.5,0
252237,3275,0,1,0,0.571766,120.422,258.602,34.6562,79.9531,-5,1,0.5,0.5,0
256064,3276,0,1,0,0.301568,123.77,260.672,30.4766,67.9062,-3,1,0.5,0.5,0
261806,3275,0,1,0,0.811975,123.727,259.281,32.2969,80.875,-4,1,0.5,0.5,0
265364,3270,0,1,0,0.792464,123.898,260.406,33.0469,84.0625,-3,1,0.5,0.5,0
268902,3275,0,1,0,0.424889,124.641,263.773,30.9688,77.9531,-4,1,0.5,0.5,0
272768,3276,0,1,0,0.678754,125.801,261.672,31.0547,85.0312,-3,2,0.5,0.5,0
277116,3277,0,1,0,0.768383,126.602,261.445,30.9219,85.7344,-4,1,0.5,0.5,0
282386,3276,0,1,0,0.800068,126.52,261.422,30.6172,85.4688,-2,1,0.5,0.5,0
285923,3274,0,1,0,0.670176,127.344,261.344,29.4688,84.1875,-4,1,0.5,0.5,0
289786,3272,0,1,0,0.71103,128.172,260.047,30.0625,80.7188,-3,1,0.5,0.5,0
293228,3270,0,1,0,0.773558,128.117,259.969,31.2031,82.3125,-3,1,0.5,0.5,0
298731,3280,0,1,0,0.553505,130.328,259.43,29,78.3594,-2,1,0.5,0.5,0
302997,3271,0,1,0,0.639736,130.332,259.797,27.4453,76.9062,-4,1,0.5,0.5,0
308543,3278,0,1,0,0.699254,132.602,259.211,28.0469,78.1719,-2,1,0.5,0.5,0
312333,3274,0,1,0,0.678327,133,259.344,26.5938,77.9375,-2,1,0.5,0.5,0
318725,3280,0,1,0,0.680454,133.594,262.062,26.3438,71.75,-2,2,0.5,0.5,0
322949,3275,0,1,0,0.449392,134.422,264.531,25.0312,64.75,-3,1,0.5,0.5,0
328664,3277,0,1,0,0.600657,134.701,264.922,24.9961,62.7188,-2,1,0.5,0.5,0
332642,3278,0,1,0,0.44071,135.852,264.391,25.0156,68.5938,-2,1,0.5,0.5,0
338828,3275,0,1,0,0.341143,136.186,265.641,24.2539,65.9688,-1,1,0.5,0.5,0
342811,3275,0,1,0,0.585101,136.508,265.406,24.6406,61.8125,-2,1,0.5,0.5,0
346789,3272,0,1,0,0.454714,143.045,272.453,20.5195,61.4688,-2,1,0.5,0.5,0
352196,3275,0,1,0,0.697608,150.145,281.984,21.1328,59.5938,0,1,0.5,0.5,0
356466,3275,0,1,0,0.59972,157.855,286.125,25.6016,59.75,0,2,0.5,0.5,0
360945,3273,0,1,0,0.607663,165.789,289.516,24.8281,57.5938,0,1,0.5,0.5,0
366450,3275,0,1,0,0.438785,177.969,292.812,27.375,54.0625,1,1,0.5,0.5,0
370004,3270,0,1,0,0.409693,190.723,299.359,24.3203,40.5938,2,1,0.5,0.5,0
374058,3258,0,0,-1,0,0,0,0,0,0,0,0,0,0
377893,3260,0,0,-1,0,0,0,0,0,0,0,0,0,0
382803,3258,0,0,-1,0,0,0,0,0,0,0,0,0,0
386819,3262,0,0,-1,0,0,0,0,0,0,0,0,0,0
390958,3257,0,0,-1,0,0,0,0,0,0,0,0,0,0
396753,3254,0,0,-1,0,0,0,0,0,0,0,0,0,0
401413,3255,0,0,-1,0,0,0,0,0,0,0,0,0,0
406662,3257,0,0,-1,0,0,0,0,0,0,0,0,0,0
410660,3257,0,0,-1,0,0,0,0,0,0,0,0,0,0
414919,3268,0,0,-1,0,0,0,0,0,0,0,0,0,0
418998,3269,0,1,0,0.422505,195.668,302.449,25.5703,35.0859,2,1,0.5,0.5,0
422992,3274,0,1,0,0.250546,193.418,303.633,25.2891,32.4219,2,1,0.5,0.5,0
426884,3279,0,1,0,0.461987,190.043,299.469,26.6641,41,2,1,0.5,0.5,0
432613,3277,0,1,0,0.372048,187.969,299.801,25.9688,40.6016,1,1,0.5,0.5,0
436620,3276,0,1,0,0.517083,186.051,294.109,28.5859,49.6562,1,1,0.5,0.5,0
440010,3272,0,1,0,0.658857,185.875,294.133,28.6875,50.7031,1,1,0.5,0.5,0
446038,3270,0,1,0,0.679178,181,294.773,30.4375,50.5781,1,1,0.5,0.5,0
450142,3280,0,1,0,0.62932,180.031,286.5,35.1562,66.9375,1,2,0.5,0.5,0
456309,3274,0,1,0,0.495117,179.176,289.625,35.5078,57.125,1,1,0.5,0.5,0
460862,3278,0,1,0,0.503418,179.043,289.891,39.3359,60.2188,1,1,0.5,0.5,0
466737,3276,0,1,0,0.755275,177.453,288.273,37.7812,59.2344,1,1,0.5,0.5,0
472696,3278,0,1,0,0.518059,176.652,281.5,34.1172,58.375,1,1,0.5,0.5,0
476737,3277,0,1,0,0.624752,172.172,278.211,37.5312,57.7969,0,1,0.5,0.5,0
482629,3276,0,1,0,0.641983,171.738,273.312,49.3984,79.0625,1,1,0.5,0.5,0
486920,3277,0,1,0,0.608129,169.449,270.734,50.8516,72.2812,0,1,0.5,0.5,0
491019,3276,0,1,0,0.382142,165.824,268.867,42.3516,59.9844,1,2,0.5,0.5,0
496544,3279,0,1,0,0.333938,163.953,262.914,45.1562,73.2031,0,1,0.5,0.5,0
500205,3275,0,1,0,0.25349,169.641,259.969,16.6719,58.375,0,1,0.5,0.5,0
504208,3259,0,0,-1,0,0,0,0,0,0,0,0,0,0
510517,3262,0,0,-1,0,0,0,0,0,0,0,0,0,0
516466,3279,0,1,0,0.266453,146.594,256.703,47.5625,70.0938,0,1,0.5,0.5,0
520261,3275,0,1,0,0.530723,144.238,254.5,47.2109,64.625,-2,1,0.5,0.5,0
524542,3274,0,1,0,0.438304,144.18,252.25,44.1406,63.875,-1,1,0.5,0.5,0
530002,3269,0,0,-1,0,0,0,0,0,0,0,0,0,0
533649,3271,0,1,0,0.713033,139.82,237.344,41.5156,71.6875,-1,0,0.5,0.5,0
537762,3269,0,1,0,0.402627,134.973,237.891,42.8047,66.8438,-3,1,0.5,0.5,0
543959,3276,0,1,0,0.482429,132.367,235.406,38.7656,59.875,-3,1,0.5,0.5,0
549619,3273,0,1,0,0.319546,130.094,235.312,39.625,60.4375,-2,1,0.5,0.5,0
553680,3273,0,1,0,0.277473,131,231.422,36.3125,62.0312,-2,0,0.5,0.5,0
558090,3275,0,1,0,0.257951,129.875,231.969,35.7812,60,-3,1,0.5,0.5,0
563020,3272,0,1,0,0.258325,138.594,229.312,23.75,60.5625,-1,1,0.5,0.5,0
566807,3273,0,1,0,0.430626,131.715,232.906,37.4297,56.0625,-3,1,0.5,0.5,0
570792,3277,0,1,0,0.596433,131.758,233.25,35.9844,56.3125,-2,0,0.5,0.5,0
574181,3272,0,1,0,0.62932,132.367,235.719,37.5156,60.4375,-3,1,0.5,0.5,0
578091,3273,0,1,0,0.348202,138.445,235.609,27.7031,57.1562,-1,1,0.5,0.5,0
583567,3276,0,1,0,0.250913,139.957,235.523,25.7734,61.0469,-2,1,0.5,0.5,0
587750,3274,0,1,0,0.304869,144.73,242.969,20.8203,56.4375,-1,1,0.5,0.5,0
591963,3277,0,1,0,0.295433,146.312,236.031,22.4375,64,-1,1,0.5,0.5,0
597882,3275,0,1,0,0.402157,137.75,239.844,31.0312,60.5625,-1,0,0.5,0.5,0
603594,3272,0,1,0,0.563138,141.301,237.867,34.3047,64.1719,-2,1,0.5,0.5,0
610084,3284,0,1,0,0.253121,149.41,238.453,20.6328,61.9688,0,1,0.5,0.5,0
613981,3275,0,1,0,0.365683,150.697,239.703,21.1914,63.0938,-1,1,0.5,0.5,0
619793,3268,0,1,0,0.298696,145.086,239.297,31.2031,69.9688,-1,1,0.5,0.5,0
624387,3274,0,1,0,0.291787,145.828,239.133,31.875,65.1406,-1,1,0.5,0.5,0
629878,3270,0,1,0,0.519521,147.055,238.594,28.2969,71.4375,-1,1,0.5,0.5,0
634037,3271,0,1,0,0.533641,147.426,239.719,29.2578,69.4375,0,0,0.5,0.5,0
640457,3272,0,1,0,0.627496,146.172,237.891,23.9062,59.2812,-1,1,0.5,0.5,0
644122,3271,0,1,0,0.444083,146.352,237.094,23.1406,58.0625,-1,1,0.5,0.5,0
650157,3273,0,1,0,0.560734,148.348,234.281,22.4453,62.75,-1,1,0.5,0.5,0
653615,3273,0,1,0,0.648243,150.914,227.469,25.2344,70.9375,-1,1,0.5,0.5,0
657521,3272,0,1,0,0.289773,151.531,221.656,27.5,59.25,0,0,0.5,0.5,0
661441,3257,0,0,-1,0,0,0,0,0,0,0,0,0,0
665132,3276,0,1,0,0.277865,151.664,214.891,29.0781,59.3438,0,0,0.5,0.5,0
670233,3276,0,1,0,0.350421,152.066,207.121,25.2422,36.4922,-1,0,0.5,0.5,0
674120,3273,0,1,0,0.425367,153.34,202.986,25.2578,44.8477,-1,1,0.5,0.5,0
680190,3276,0,1,0,0.433981,153.264,198.742,22.9727,34.5469,0,0,0.5,0.5,0
683662,3273,0,1,0,0.261896,151.414,204.5,36.4531,67,0,0,0.5,0.5,0
688039,3274,0,1,0,0.296247,154.066,202.992,26.1172,54.9844,-1,1,0.5,0.5,0
693709,3272,0,1,0,0.496582,157.625,198.25,27.5,65.1875,0,0,0.5,0.5,0
697577,3271,0,1,0,0.276691,157.629,194.203,28.3203,68.7188,0,0,0.5,0.5,0
701437,3275,0,1,0,0.516596,158.898,195.828,29.6094,73.3438,0,0,0.5,0.5,0
706946,3273,0,1,0,0.450359,159.039,193.469,29.1719,64.0625,0,0,0.5,0.5,0
711286,3275,0,1,0,0.253121,158.742,192.875,26.1406,63.125,0,0,0.5,0.5,0
717134,3277,0,1,0,0.37182,158.973,193.414,29.0547,70.9219,0,0,0.5,0.5,0
721026,3276,0,1,0,0.401688,159.047,193.445,30.5312,67.1094,0,0,0.5,0.5,0
726779,3275,0,1,0,0.524395,159.746,190.844,29.0703,68.0625,0,0,0.5,0.5,0
730470,3273,0,1,0,0.45423,158.602,191.031,26.2031,68,0,0,0.5,0.5,0
734817,3273,0,1,0,0.422505,156.195,188.172,29.2188,70.2812,0,1,0.5,0.5,0
740393,3275,0,1,0,0.38445,154.828,189.078,30.0938,66.6562,0,0,0.5,0.5,0
743845,3275,0,1,0,0.352648,154.727,184.312,29.7656,62.875,-1,0,0.5,0.5,0
748210,3281,0,1,0,0.334589,154.746,184.312,25.2891,60.875,0,0,0.5,0.5,0
753584,3274,0,1,0,0.555917,153.695,183.938,27.9844,65.375,0,0,0.5,0.5,0
757660,3276,0,1,0,0.362518,151.473,181.891,27.3828,71.2812,0,0,0.5,0.5,0
764101,3276,0,1,0,0.279042,152.482,181.844,22.0898,61.5,-1,0,0.5,0.5,0
768394,3276,0,1,0,0.306942,150.02,185.266,25.3516,56.9688,0,0,0.5,0.5,0
773710,3276,0,1,0,0.353987,148.926,182.906,25.4141,69.3125,-1,0,0.5,0.5,0
778072,3276,0,1,0,0.426322,150.168,182.672,21.2109,61.9062,-1,0,0.5,0.5,0
781376,3282,0,1,0,0.539469,149.402,182.906,23.8047,62.25,0,0,0.5,0.5,0
787422,3278,0,1,0,0.26303,148.316,185.594,23.7109,56.8125,-1,0,0.5,0.5,0
790889,3273,0,1,0,0.437343,149.062,185.766,22.25,59.4062,0,0,0.5,0.5,0
796973,3276,0,1,0,0.380299,147.441,189.93,20.3047,54.6094,-1,0,0.5,0.5,0
800794,3280,0,1,0,0.295026,139.922,191.828,35.8125,65.0938,-2,0,0.5,0.5,0
804638,3274,0,1,0,0.364777,139.984,191.734,36.2188,66.4062,-2,0,0.5,0.5,0
809049,3277,0,1,0,0.29972,142.172,194.18,24.1875,58.2031,-1,0,0.5,0.5,0
814827,3274,0,1,0,0.619241,134.832,195.383,43.4609,67.1406,-2,0,0.5,0.5,0
820978,3276,0,1,0,0.479504,133.68,197.406,38.7031,61.8125,-2,0,0.5,0.5,0
825405,3278,0,1,0,0.573678,132.75,197.992,43.125,62.9844,-3,0,0.5,0.5,0
831731,3270,0,1,0,0.420124,136.375,201.102,29.1875,53.9531,-2,1,0.5,0.5,0
837470,3275,0,1,0,0.262084,133.477,201.219,34.7656,57.375,-2,0,0.5,0.5,0
841827,3275,0,1,0,0.539954,134.695,198.32,26.8594,57.8906,-3,0,0.5,0.5,0
845553,3275,0,1,0,0.285372,132.723,200.062,33.2578,57.375,-2,0,0.5,0.5,0
850998,3276,1,1,0,0.619701,132.391,202.43,36.1562,54.7344,-3,1,0.5,0.5,0
857289,3274,1,1,0,0.465873,130.539,202.484,36.9219,56.2188,-3,0,0.5,0.5,0
861340,3274,1,1,0,0.612773,129.168,202.211,38.5078,53.7031,-3,0,0.5,0.5,0
867706,3275,1,1,0,0.5564,132.055,198.562,40.3281,61.75,-2,0,0.5,0.5,0
874026,3276,1,1,0,0.464901,133.07,199.203,36.3281,56.1562,-3,1,0.5,0.5,0
878055,3275,1,1,0,0.627496,136.723,200.297,37.3828,55.5938,-3,0,0.5,0.5,0
882506,3277,1,1,0,0.557845,139.422,198.332,37.8438,58.8516,-2,0,0.5,0.5,0
888317,3271,1,1,0,0.378919,141.527,194.453,34.7578,62.2812,-1,0,0.5,0.5,0
894110,3275,1,1,0,0.346431,141.984,196.562,36.5625,64.9375,-2,0,0.5,0.5,0
898771,3276,1,1,0,0.530236,148.398,197.859,52.7344,70.0312,-1,1,0.5,0.5,0
904338,3275,1,1,0,0.307566,150.062,198.109,47.9375,65.2812,-1,0,0.5,0.5,0
908030,3272,1,1,0,0.639285,147.141,195.922,34.7188,64.2188,-1,0,0.5,0.5,0
914603,3272,1,1,0,0.466359,147.32,195.859,35.8594,66.4062,-2,0,0.5,0.5,0
918741,3274,1,1,0,0.306527,146.367,195.477,32.6719,65.8281,-1,0,0.5,0.5,0
924139,3274,1,1,0,0.399343,147.066,195.641,33.5078,64.1562,-1,0,0.5,0.5,0
927979,3274,1,1,0,0.680454,156.867,205.047,54.0156,71.9688,0,1,0.5,0.5,0
931486,3271,1,1,0,0.67147,156.199,206.453,53.9766,71.2188,0,0,0.5,0.5,0
937323,3274,1,1,0,0.664976,151.832,202.234,42.4609,65.0938,-1,0,0.5,0.5,0
941029,3276,1,1,0,0.379378,150.781,196.406,31.375,62.9375,-1,0,0.5,0.5,0
944973,3275,1,1,0,0.348424,147.707,196.547,33.1016,71.1562,-1,0,0.5,0.5,0
948977,3276,1,1,0,0.465387,147.617,197.984,34.3594,72.2812,0,1,0.5,0.5,0
954248,3277,1,1,0,0.277473,156.734,201.859,54.125,82.2812,-1,0,0.5,0.5,0
957982,3274,1,1,0,0.602997,157.422,200.328,54.4062,78.4688,0,0,0.5,0.5,0
962271,3275,1,1,0,0.603932,156.457,199.633,53.6641,83.0156,0,0,0.5,0.5,0
967719,3256,1,0,-1,0,0,0,0,0,0,0,0,0,0
971805,3274,1,1,0,0.69802,156.508,199.469,54.1406,81.3125,0,0,0.5,0.5,0
977679,3279,1,1,0,0.410166,156.172,201.711,54.5312,79.2031,0,0,0.5,0.5,0
981479,3277,1,1,0,0.831963,153.945,202.016,54.2969,87.9688,0,0,0.5,0.5,0
985234,3277,1,1,0,0.812273,152.195,201.625,54.3594,87.6875,-1,0,0.5,0.5,0
990781,3275,1,1,0,0.845179,150.723,202.625,50.4922,90.125,0,0,0.5,0.5,0
994643,3274,1,1,0,0.755996,149.688,202.172,50.25,84.7812,-1,0,0.5,0.5,0
1000888,3275,1,1,0,0.52342,149.164,205.703,49.5156,87.8438,0,1,0.5,0.5,0
1004907,3273,1,1,0,0.750187,143.188,202.297,40,87.5938,-2,0,0.5,0.5,0
1011293,3274,1,1,0,0.759937,149.469,206.156,51.9375,95.9375,0,0,0.5,0.5,0
1015098,3275,1,1,0,0.818448,144.41,201.469,43.6328,88.8125,-1,0,0.5,0.5,0
1019278,3275,1,1,0,0.52829,146.312,203.758,46.8125,93.9844,-1,0,0.5,0.5,0
1024909,3275,1,1,0,0.86681,143.883,202.82,45.2031,92.7656,-2,0,0.5,0.5,0
1031032,3272,1,1,0,0.864995,142.645,202.195,45.1172,91.1406,-1,0,0.5,0.5,0
1035549,3277,1,1,0,0.703346,145.383,202.672,42.1094,92.1562,0,0,0.5,0.5,0
1040929,3276,1,1,0,0.811079,142.969,206.5,42.1562,82.625,-2,1,0.5,0.5,0
1045127,3273,1,1,0,0.827548,142.723,206.469,39.1953,83.125,-1,0,0.5,0.5,0
1048651,3274,1,1,0,0.707405,142.797,202.133,39.1562,90.9844,-2,0,0.5,0.5,0
1054132,3273,1,1,0,0.834136,143.285,201.641,39.1797,92.7812,0,0,0.5,0.5,0
1057724,3269,1,1,0,0.775945,142.352,201.891,39.9219,94.9688,-2,0,0.5,0.5,0
1061544,3275,1,1,0,0.835215,145.164,201.359,38.1719,94.2188,-1,0,0.5,0.5,0
1065153,3274,1,1,0,0.616012,143.723,202.438,38.4141,90.875,-2,0,0.5,0.5,0
1071103,3275,1,1,0,0.839472,142.969,201.203,38.8125,92.1562,0,0,0.5,0.5,0
1074761,3277,1,1,0,0.823043,145.844,202.594,36.875,96.3125,-2,0,0.5,0.5,0
1080972,3275,1,1,0,0.521959,147.906,208.484,34.9375,93.5312,0,0,0.5,0.5,0
1084909,3271,1,1,0,0.808068,145.777,207.594,35.4453,88.1875,-2,1,0.5,0.5,0
1088903,3274,1,1,0,0.788257,147.789,204.516,33.9844,99.0312,0,0,0.5,0.5,0
1094534,3277,1,1,0,0.31658,146.453,205.766,36.3125,84.9062,-2,0,0.5,0.5,0
1098675,3273,1,1,0,0.312369,148.266,205.969,32.8438,87.1875,0,0,0.5,0.5,0
1104569,3273,1,1,0,0.439266,146.375,206.266,33.75,88.2188,-1,0,0.5,0.5,0
1108673,3270,1,1,0,0.693058,147.816,203.531,34.7422,95.6875,-1,0,0.5,0.5,0
1112715,3272,1,1,0,0.479504,147.336,208.094,33.9531,94.9375,-1,0,0.5,0.5,0
1118457,3278,1,1,0,0.657979,147.648,207.148,35.1094,96.0469,-1,1,0.5,0.5,0
1122072,3274,1,1,0,0.581779,147.562,207.297,35.6562,87.7812,-1,0,0.5,0.5,0
1126378,3273,1,1,0,0.797557,148.238,208.125,33.3203,90,-1,0,0.5,0.5,0
1131499,3275,1,1,0,0.63205,148.891,200.891,33.875,101.281,0,0,0.5,0.5,0
1137794,3273,1,1,0,0.736781,148.988,200.969,34.6172,100.688,-1,0,0.5,0.5,0
1141295,3274,1,1,0,0.406391,150.055,201.844,32.5781,100.188,-1,0,0.5,0.5,0
1145232,3274,1,1,0,0.661923,148.578,201.359,33.125,97.4062,-1,0,0.5,0.5,0
1151484,3278,1,1,0,0.480966,148.984,201.898,33.4062,100.297,0,0,0.5,0.5,0
1158130,3278,1,1,0,0.321673,149.105,205.883,32.0859,96.4844,-1,0,0.5,0.5,0
1161838,3274,1,1,0,0.378919,149.594,209.125,32.0312,87.75,-1,0,0.5,0.5,0
1166113,3271,1,1,0,0.706595,147.301,204.812,36.1172,98.75,-1,1,0.5,0.5,0
1171482,3275,1,1,0,0.596903,148.602,206.008,34.5156,89.9844,0,0,0.5,0.5,0
1175066,3273,1,1,0,0.731441,147.359,209.641,35.0938,87.9688,-1,0,0.5,0.5,0
1181268,3273,1,1,0,0.649579,147.199,207.188,34.9453,94.625,-1,0,0.5,0.5,0
1185232,3276,1,1,0,0.677047,146.934,202.406,35.5078,101.688,-1,0,0.5,0.5,0
1188659,3268,1,1,0,0.732208,146.281,201.984,36.3125,101.281,-1,0,0.5,0.5,0
1192849,3271,1,1,0,0.397471,146.719,209.188,35.5312,89,-1,0,0.5,0.5,0
1198661,3274,1,1,0,0.713831,146.758,208.984,33.6406,87.5312,0,1,0.5,0.5,0
1202166,3271,1,1,0,0.690559,146.906,208.805,35.75,87.8594,-1,0,0.5,0.5,0
1208093,3271,1,1,0,0.707809,147.008,208.852,36.0469,89.0469,-1,0,0.5,0.5,0
1211894,3276,1,1,0,0.421076,145.094,206.336,36.0312,81.7969,-2,0,0.5,0.5,0
1215618,3276,1,1,0,0.327669,146.578,206.547,37.2812,90.5312,0,0,0.5,0.5,0
1221315,3277,1,1,0,0.52342,147.219,207.43,36.2812,84.5156,-1,0,0.5,0.5,0
1225360,3273,1,1,0,0.588889,147.086,209.344,36.1094,88.0625,-1,1,0.5,0.5,0
1228802,3274,1,1,0,0.676192,148.117,209.094,35.7656,89.8125,-1,0,0.5,0.5,0
1235071,3266,1,1,0,0.562177,148.031,209.047,36.5312,88.0938,-1,0,0.5,0.5,0
1239038,3272,1,1,0,0.507324,148.039,208.562,39.0469,88.125,0,0,0.5,0.5,0
1243219,3274,1,1,0,0.571288,148.324,208.297,38.6016,90.4688,-1,0,0.5,0.5,0
1248936,3277,1,1,0,0.719778,148.59,207.562,37.5391,90.625,-1,0,0.5,0.5,0
1252699,3275,1,1,0,0.667581,148.391,207.438,37.6875,87.625,-1,1,0.5,0.5,0
1256532,3276,1,1,0,0.674908,147.824,207.672,38.5859,90.9062,0,0,0.5,0.5,0
1262878,3278,1,1,0,0.680879,148.086,207.75,39.1094,88.5,-1,0,0.5,0.5,0
1267055,3276,1,1,0,0.761359,148.074,207.406,39.3828,85.9375,-1,0,0.5,0.5,0
1271327,3275,1,1,0,0.619701,147.844,202.578,41.6875,94.1562,-1,0,0.5,0.5,0
1276648,3272,1,1,0,0.750553,148.711,202.203,41.1094,95.7812,0,0,0.5,0.5,0
1282308,3278,1,1,0,0.772186,147.008,202.141,42.2344,94.5312,-1,1,0.5,0.5,0
1286608,3269,1,1,0,0.770117,147.375,202.258,42.75,96.2656,-1,0,0.5,0.5,0
1292491,3274,1,1,0,0.699254,145.945,206.688,43.7656,86.75,-1,0,0.5,0.5,0
1295894,3272,1,1,0,0.774924,144,206.656,51,86.75,-1,0,0.5,0.5,0
1299437,3271,1,1,0,0.411111,144.18,207.047,49.3906,87.5312,-2,0,0.5,0.5,0
1305977,3272,1,1,0,0.370908,145.203,207.133,53.1562,89.5156,0,0,0.5,0.5,0
1309945,3271,1,1,0,0.718989,148.812,206.375,52.75,84.75,-1,0,0.5,0.5,0
1316079,3277,1,1,0,0.690977,149.328,206.719,50.6562,83.5625,-1,1,0.5,0.5,0
1320136,3275,1,1,0,0.661923,148.664,206.328,52.6719,84.8438,0,0,0.5,0.5,0
1325784,3276,1,1,0,0.525856,146.938,206.688,55.25,84.625,-1,0,0.5,0.5,0
1329741,3278,1,1,0,0.61231,149.141,201.078,52.7812,96.5312,-1,0,0.5,0.5,0
1335959,3276,1,1,0,0.521959,148.535,205.383,56.1797,86.3906,-1,0,0.5,0.5,0
1339960,3276,1,1,0,0.637482,148.68,205.062,58.1094,87.125,-1,0,0.5,0.5,0
1343873,3275,1,1,0,0.751648,147.609,206.047,63.1562,86.5938,0,0,0.5,0.5,0
1349551,3278,1,1,0,0.539954,147.93,204.836,66.2969,88.4531,-1,1,0.5,0.5,0
1353158,3272,1,1,0,0.693473,148.398,198.656,64.5469,98.3125,-1,0,0.5,0.5,0
1357037,3276,1,1,0,0.517571,144.688,200.375,72.375,93.9375,-1,0,0.5,0.5,0
1362825,3272,1,1,0,0.84364,147.445,196.469,69.2031,101.438,-1,0,0.5,0.5,0
1366616,3276,1,1,0,0.729134,147.406,196.688,73.3125,99.5,-1,0,0.5,0.5,0
1372646,3278,1,1,0,0.854642,147.883,196.711,71.0781,101.172,0,0,0.5,0.5,0
1376763,3276,1,1,0,0.848722,148.062,195.953,75.625,100.031,-1,0,0.5,0.5,0
1382534,3275,1,1,0,0.829767,148.234,195.906,73.2188,99.6875,-1,0,0.5,0.5,0
1386560,3275,1,1,0,0.731057,148.297,197.844,74.7812,95.1875,-1,0,0.5,0.5,0
1390341,3274,1,1,0,0.54577,149.086,200.336,72.7969,90.7344,-1,0,0.5,0.5,0
1396095,3276,1,1,0,0.725648,150.961,198.008,72.6406,97.0156,0,0,0.5,0.5,0
1400180,3275,1,1,0,0.830867,151.719,196.672,75.9375,101.344,-1,0,0.5,0.5,0
1403669,3269,1,1,0,0.588416,149.594,195.734,76.0625,98.1562,0,0,0.5,0.5,0
1407773,3274,1,1,0,0.669744,150.531,198.648,75.8125,98.1719,-1,0,0.5,0.5,0
1413625,3277,1,1,0,0.668014,147.766,197.297,78.9688,95.4688,-1,0,0.5,0.5,0
1417324,3277,1,1,0,0.732591,147.547,201.852,81.4688,91.7031,-1,0,0.5,0.5,0
1421069,3276,1,1,0,0.593138,147.5,197.578,79.125,98.6562,0,0,0.5,0.5,0
1426375,3273,1,1,0,0.74651,152.641,197.453,74.2812,98.9062,-1,0,0.5,0.5,0
1432863,3285,1,1,0,0.598312,152.797,197.469,76.7188,97.75,0,0,0.5,0.5,0
1436665,3278,1,1,0,0.298389,151.648,200.844,73.8281,89.1875,0,0,0.5,0.5,0
1440495,3277,1,1,0,0.262084,152.391,189.906,30.3438,64.5,-1,0,0.5,0.5,0
1446055,3278,1,1,0,0.4436,152.875,195.922,73.3125,96.2812,0,0,0.5,0.5,0
1449950,3271,1,1,0,0.517083,152.555,196.344,74.4531,100.188,-1,0,0.5,0.5,0
1453860,3275,1,1,0,0.309754,153.062,196.656,71.375,97.9375,0,0,0.5,0.5,0
1457695,3276,1,1,0,0.280616,153.391,196.719,66.9688,96.9375,0,0,0.5,0.5,0
1463030,3280,1,1,0,0.275617,154.445,200.562,64.7969,86.875,-1,0,0.5,0.5,0
1466777,3273,1,1,0,0.353987,152.109,197.82,65.0312,96.7656,0,0,0.5,0.5,0
1471252,3276,1,1,0,0.648243,151.43,202.398,66.2656,86.4219,-1,0,0.5,0.5,0
1476277,3271,1,1,0,0.572245,151.379,202.344,61.6172,85.5625,0,0,0.5,0.5,0
1480180,3274,1,1,0,0.472197,151.586,202.344,64.9219,86.625,0,0,0.5,0.5,0
1486275,3274,1,1,0,0.646906,151.047,202.031,64.0312,89.5625,-1,0,0.5,0.5,0
1489730,3270,1,1,0,0.675336,150.766,195.781,64.1562,99.8125,0,0,0.5,0.5,0
1495933,3272,1,1,0,0.70416,150.602,196.25,63.2969,98,-1,0,0.5,0.5,0
1499973,3276,1,1,0,0.659296,150.242,195.922,62.5156,98.0312,0,0,0.5,0.5,0
1504228,3277,1,1,0,0.274741,149.016,197.391,60.0938,95.8438,-1,0,0.5,0.5,0
1509755,3275,1,1,0,0.633864,149.016,195.719,61.4062,98.4375,-1,0,0.5,0.5,0
1516753,3271,1,1,0,0.782663,148.141,196.531,60.3438,97.1875,0,0,0.5,0.5,0
1520327,3275,1,1,0,0.733738,148.547,197.719,57.9688,95.6875,-1,0,0.5,0.5,0
1524150,3276,1,1,0,0.74872,148.426,202.25,54.6484,87.3125,-1,0,0.5,0.5,0
1529813,3279,1,1,0,0.735642,148.102,201.016,56.2031,90.4062,0,0,0.5,0.5,0
1536073,3275,1,1,0,0.786623,146.391,200.047,57.0938,90.1562,-1,0,0.5,0.5,0
1540045,3279,1,1,0,0.797872,146.062,200.781,56.375,89.1875,-1,0,0.5,0.5,0
1543949,3273,1,1,0,0.628408,145.453,199.922,52.2812,91.4688,-1,0,0.5,0.5,0
1547991,3276,1,1,0,0.520496,145.5,200.477,50.25,88.6719,-1,0,0.5,0.5,0
1553161,3274,1,1,0,0.524395,145.609,200.141,50.0938,88.3438,-1,1,0.5,0.5,0
1556964,3275,1,1,0,0.745029,145.984,195.734,51.9062,98.7812,-1,0,0.5,0.5,0
1562834,3277,1,1,0,0.667581,145.57,197.516,49.8281,94.0938,-1,0,0.5,0.5,0
1567187,3278,1,1,0,0.534613,147.312,202.703,44.75,83.8438,-1,0,0.5,0.5,0
1570767,3275,1,1,0,0.780997,144.898,196.25,42.2344,98.75,-1,0,0.5,0.5,0
1576288,3277,1,1,0,0.592667,144.539,200.305,45.3594,88.0156,-1,0,0.5,0.5,0
1579984,3273,1,1,0,0.764186,143.68,197.211,41.1094,96.9219,-1,0,0.5,0.5,0
1583850,3276,1,1,0,0.518546,144.152,198.875,40.7266,90.125,-1,0,0.5,0.5,0
1589363,3275,1,1,0,0.358915,145.262,203.031,36.9609,84.6875,-1,0,0.5,0.5,0
1593049,3273,1,1,0,0.572245,145.18,202.188,35.4219,83.125,-2,0,0.5,0.5,0
1596918,3275,1,1,0,0.496582,145.094,202.219,34.4375,84.0625,0,0,0.5,0.5,0
1603117,3275,1,1,0,0.419648,144.066,202.172,37.1953,86.0938,-2,0,0.5,0.5,0
1607191,3273,1,1,0,0.538013,145.645,196.172,33.4922,96.5938,-1,0,0.5,0.5,0
1610693,3270,1,1,0,0.602997,144.715,201.336,34.5078,86.0781,-1,0,0.5,0.5,0
1616740,3273,1,1,0,0.602062,146.844,202.227,33.125,86.5781,-1,0,0.5,0.5,0
1620874,3274,1,1,0,0.376623,147.789,200.391,30.1094,90.1562,-1,0,0.5,0.5,0
1626824,3273,1,1,0,0.317003,146.035,201.227,33.1328,87.9531,0,1,0.5,0.5,0
1633092,3275,1,1,0,0.326379,146.52,200.734,31.9922,88.0312,-2,0,0.5,0.5,0
1636909,3280,1,1,0,0.477067,146.715,201.289,30.6953,85.4219,-1,0,0.5,0.5,0
1640859,3277,1,1,0,0.317426,145.887,198.672,32.5703,89.3438,-1,0,0.5,0.5,0
1646773,3257,1,0,-1,0,0,0,0,0,0,0,0,0,0
1650362,3275,1,1,0,0.454714,148.18,198.953,30.5781,88.0938,-1,0,0.5,0.5,0
1654211,3273,1,1,0,0.340484,149.199,199.594,28.5547,86.5625,0,0,0.5,0.5,0
1660358,3273,1,1,0,0.352202,148.207,200.109,33.9766,86.7188,-2,0,0.5,0.5,0
1663754,3272,1,1,0,0.549157,148.27,200.062,34.1484,87.125,0,0,0.5,0.5,0
1669931,3274,1,1,0,0.326379,146.871,200.07,37.0547,87.3906,-1,0,0.5,0.5,0
1674291,3277,1,1,0,0.507812,147.379,199.555,37.5078,87.8594,-1,0,0.5,0.5,0
1679903,3276,1,1,0,0.630686,146.105,200.438,41.9922,89.375,-1,0,0.5,0.5,0
1684138,3271,1,1,0,0.36094,146.699,200.547,40.9609,87.0938,-1,0,0.5,0.5,0
1688652,3276,1,1,0,0.332853,146.246,200.328,39.3984,87.4062,0,0,0.5,0.5,0
1694073,3274,1,1,0,0.257577,148.051,183.797,26.9766,55.875,-1,0,0.5,0.5,0
1699983,3273,1,1,0,0.350199,143.977,198.531,38.1094,89.6875,-2,0,0.5,0.5,0
1703949,3273,1,1,0,0.488771,145.238,198.805,35.2734,85.6094,-1,0,0.5,0.5,0
1709936,3275,1,1,0,0.31195,144.871,198.25,39.7734,87.25,0,0,0.5,0.5,0
1714135,3272,1,1,0,0.268367,146.027,196.562,38.3203,88.875,-2,0,0.5,0.5,0
1718905,3256,1,0,-1,0,0,0,0,0,0,0,0,0,0
1723908,3273,1,1,0,0.300746,143.059,197.953,38.9297,89.0938,-1,0,0.5,0.5,0
1727608,3276,1,1,0,0.388618,143.801,197.188,40.5859,92.25,-2,0,0.5,0.5,0
1733710,3275,1,1,0,0.312579,144.023,198.164,38.2344,88.6719,-1,0,0.5,0.5,0
1737505,3270,1,1,0,0.632957,144.742,198.258,41.0781,90.3906,-1,0,0.5,0.5,0
1740816,3278,1,1,0,0.529263,146.832,199.531,39.3984,85.4375,0,0,0.5,0.5,0
1744147,3274,1,1,0,0.553023,146.492,200.117,38.2031,85.1406,-2,0,0.5,0.5,0
1747567,3272,1,1,0,0.444565,146.105,200.523,38.8984,83.7031,-1,0,0.5,0.5,0
1751150,3270,1,1,0,0.712633,146.535,199.57,37.4453,86.5156,-1,0,0.5,0.5,0
1755237,3276,1,1,0,0.694717,145.301,199.547,37.9609,87.7812,-1,0,0.5,0.5,0
1758785,3272,1,1,0,0.489259,148.473,199.977,37.0547,84.6719,0,0,0.5,0.5,0
1764610,3274,1,1,0,0.305283,148.617,199.82,32.9844,85.1406,-1,0,0.5,0.5,0
1770572,3273,1,1,0,0.493165,149.5,199.922,35.5625,85.7188,-1,0,0.5,0.5,0
1774155,3275,1,1,0,0.292595,148.969,201.195,36.1562,81.7969,-1,0,0.5,0.5,0
1778688,3274,1,1,0,0.529263,148.672,201,34.875,83.125,-1,1,0.5,0.5,0
1784145,3273,1,1,0,0.254045,149.406,198.289,34.7812,88.8281,0,0,0.5,0.5,0
1787779,3273,1,1,0,0.37479,149.664,197.477,34.1094,89.9531,-1,0,0.5,0.5,0
1793697,3277,1,1,0,0.575111,150.242,199.328,32.4219,83.5938,0,0,0.5,0.5,0
1800150,3274,1,1,0,0.538498,148.879,198.312,35.7422,86.125,-1,0,0.5,0.5,0
1804277,3277,1,1,0,0.315946,148.145,196,35.0234,91.9375,-1,0,0.5,0.5,0
1810500,3272,1,1,0,0.47317,147.949,197.422,33.3984,85.2812,-1,0,0.5,0.5,0
1817348,3275,1,1,0,0.391406,147.535,195.203,36.2422,92.8438,0,0,0.5,0.5,0
1823921,3276,1,1,0,0.607663,146.445,194.391,37.9219,95.8438,-1,0,0.5,0.5,0
1830791,3273,1,1,0,0.333069,144.98,199.625,37.6797,83.75,-2,0,0.5,0.5,0
1834572,3278,1,1,0,0.430626,144.863,199.172,36.9609,85.9688,0,0,0.5,0.5,0
1840426,3277,1,1,0,0.499023,144.375,199.273,38.5625,86.4219,-2,0,0.5,0.5,0
1844495,3274,1,1,0,0.376853,144.758,200.57,35.7031,82.6094,-1,0,0.5,0.5,0
1850740,3274,1,1,0,0.594551,143.844,198.266,38.8438,89.2812,-1,0,0.5,0.5,0
1854539,3274,1,1,0,0.620622,146.109,199.758,39.6562,83.9844,-1,0,0.5,0.5,0
1858586,3273,1,1,0,0.672331,144.066,199.859,40.6016,86.2188,-1,0,0.5,0.5,0
1864068,3270,1,1,0,0.644224,144.781,196.719,42.125,92.6875,-1,0,0.5,0.5,0
1867723,3269,1,1,0,0.541409,144.617,196.148,44.0156,94.2969,-1,0,0.5,0.5,0
1871245,3272,1,1,0,0.609059,143.332,200.383,45.5391,84.7344,-2,1,0.5,0.5,0
1875429,3277,1,1,0,0.636579,143.609,199.836,47.25,85.9219,-1,0,0.5,0.5,0
1881021,3275,1,1,0,0.723309,145.203,200.172,45.5938,84.9688,-1,0,0.5,0.5,0
1884783,3274,1,1,0,0.7398,146.117,199.523,48.8906,82.8281,-1,0,0.5,0.5,0
1888785,3276,1,1,0,0.706595,145.75,199.469,49.625,82.5,-1,0,0.5,0.5,0
1892767,3275,1,1,0,0.659735,146.766,198.906,49.8438,81.6875,-1,0,0.5,0.5,0
1897981,3276,1,1,0,0.428234,147.203,199.266,50.0938,80.3438,-1,0,0.5,0.5,0
1901867,3274,1,1,0,0.559771,147.234,194.305,50.9062,91.6094,-1,0,0.5,0.5,0
1908390,3275,1,1,0,0.373646,148.688,199.008,50.625,82.3906,-1,0,0.5,0.5,0
1912713,3276,1,1,0,0.445529,147.383,196.078,55.2344,87.4062,-1,0,0.5,0.5,0
1918805,3274,1,1,0,0.625668,147.227,198.758,59.7969,84.1406,0,0,0.5,0.5,0
1922248,3272,1,1,0,0.710629,147.148,198.703,62.2344,84.2188,-2,0,0.5,0.5,0
1928280,3274,1,1,0,0.620162,147.484,198.258,68.5938,84.7344,0,0,0.5,0.5,0
1931981,3274,1,1,0,0.704974,147.289,196.984,69.1719,87.4062,-1,0,0.5,0.5,0
1935663,3272,1,1,0,0.592195,147.203,197.523,66.9062,85.5781,-1,0,0.5,0.5,0
1942256,3277,1,1,0,0.732591,147.914,197.422,68.2031,87.0312,-1,0,0.5,0.5,0
1948782,3270,1,1,0,0.779658,148.969,196.406,68.5625,87.3125,-1,1,0.5,0.5,0
1954882,3272,1,1,0,0.702121,150.281,195.344,73.0625,91.75,0,0,0.5,0.5,0
1958840,3274,1,1,0,0.510741,150,195.703,73.875,89.7812,-1,0,0.5,0.5,0
1964644,3278,1,1,0,0.792464,149.281,191.156,75.25,97.3125,-1,0,0.5,0.5,0
1968944,3274,1,1,0,0.531696,148.297,191.234,74.7188,95.9062,0,0,0.5,0.5,0
1974982,3275,1,1,0,0.567937,150.578,194.078,72.9062,90.1562,-1,0,0.5,0.5,0
1978853,3276,1,1,0,0.777638,151.797,192.672,72.4688,90.5938,-1,0,0.5,0.5,0
1982941,3276,1,1,0,0.777976,150.844,190.719,75.6875,97.1875,0,0,0.5,0.5,0
1988177,3275,1,1,0,0.484868,151.078,190.375,74.6562,97.625,-1,0,0.5,0.5,0
1992067,3276,1,1,0,0.479016,150.906,190.422,75.625,97.9062,0,0,0.5,0.5,0
1995928,3274,1,1,0,0.75274,150.906,190.359,72.0625,97.2188,-1,0,0.5,0.5,0
2000166,3274,1,1,0,0.852201,151.688,190.297,76,97.2188,0,0,0.5,0.5,0
2005547,3275,1,1,0,0.833052,151.82,190.062,69.6406,98.625,-1,0,0.5,0.5,0
2009544,3269,1,1,0,0.834676,153.422,190.188,71.9688,99.125,0,0,0.5,0.5,0
2015566,3275,1,1,0,0.775265,152.602,190.156,71.4219,98.9375,-1,0,0.5,0.5,0
2019751,3274,1,1,0,0.557845,152.891,192.359,71.6562,93.7812,0,0,0.5,0.5,0
2023841,3274,1,1,0,0.706595,152.453,193.297,71.5312,92.2812,0,0,0.5,0.5,0
2029011,3276,1,1,0,0.658418,153.281,192.023,69.0625,93.0469,-1,0,0.5,0.5,0
2032973,3275,1,1,0,0.54577,152.844,195.773,68.3125,87.5469,0,0,0.5,0.5,0
2038784,3274,1,1,0,0.643328,151.031,196.328,68.625,84.9688,0,0,0.5,0.5,0
2042555,3273,1,1,0,0.762422,151.07,196.406,67.3594,85.0625,-1,0,0.5,0.5,0
2046886,3271,1,1,0,0.694303,150.188,193.953,66,88.0312,-1,0,0.5,0.5,0
2052269,3278,1,1,0,0.269421,149.578,193.453,64.5938,90.0938,0,0,0.5,0.5,0
2056088,3273,1,1,0,0.311845,149.289,192.719,62.4844,91.8125,-1,0,0.5,0.5,0
2062398,3273,1,1,0,0.505371,149.242,191.344,64.6094,94.3125,0,0,0.5,0.5,0
2068575,3272,1,1,0,0.61555,149.344,190.734,64.9375,97.7188,-1,0,0.5,0.5,0
2072749,3272,1,1,0,0.533155,148.633,190.938,65.1094,96.5625,-1,0,0.5,0.5,0
2078947,3274,1,1,0,0.393735,148.523,191.156,58.2344,96.6875,0,0,0.5,0.5,0
2082864,3274,1,1,0,0.545286,147.992,190.531,58.9844,98.9375,-1,0,0.5,0.5,0
2088764,3276,1,1,0,0.273963,147.758,190.453,56.8281,97.5312,-1,0,0.5,0.5,0
2092468,3272,1,1,0,0.532668,146.789,190.438,60.2969,99.625,0,0,0.5,0.5,0
2096706,3267,1,1,0,0.745029,146.75,190.375,56.75,98.25,-1,0,0.5,0.5,0
2102390,3273,1,1,0,0.422505,146.664,190.5,52.9531,99.625,-1,0,0.5,0.5,0
2105799,3272,1,1,0,0.281998,145.875,192.844,53.8125,92.8125,-1,0,0.5,0.5,0
2109371,3251,1,0,-1,0,0,0,0,0,0,0,0,0,0
2115526,3269,1,1,0,0.29584,147.574,188.203,22.2109,64.3438,0,0,0.5,0.5,0
2119773,3257,1,0,-1,0,0,0,0,0,0,0,0,0,0
2125589,3275,1,1,0,0.263598,147.156,182.094,21.4375,65.125,-1,0,0.5,0.5,0
2129997,3276,1,1,0,0.37182,146.797,185.25,19.2188,59.8438,-1,0,0.5,0.5,0
2135760,3274,1,1,0,0.443118,141.773,193.68,36.7031,91.7344,-1,0,0.5,0.5,0
2140140,3275,1,1,0,0.449392,141.398,189.047,33.4844,96.4688,-2,0,0.5,0.5,0
2143905,3271,1,1,0,0.464415,141.703,187.875,37,99.1875,-1,0,0.5,0.5,0
2149381,3273,1,1,0,0.309441,143.738,187.328,34.0859,98.9062,-1,0,0.5,0.5,0
2153423,3274,1,1,0,0.329824,147.324,186.797,33.6328,99.0312,-1,0,0.5,0.5,0
2157570,3272,1,1,0,0.507812,146.914,186.578,35.4531,98.1562,-1,0,0.5,0.5,0
2162785,3277,1,1,0,0.471223,148.184,186.75,36.9141,98.25,0,0,0.5,0.5,0
2167400,3276,1,1,0,0.52975,147.723,186.578,38.3516,98.5312,-1,0,0.5,0.5,0
2171462,3274,1,1,0,0.304042,154.305,180.219,27.25,69.0625,-1,0,0.5,0.5,0
2176789,3275,1,1,0,0.322953,152.895,180.672,26.8203,69.2188,0,0,0.5,0.5,0
2182610,3275,1,1,0,0.304455,148.461,179.156,27.8281,77.5,0,0,0.5,0.5,0
2186803,3271,1,1,0,0.264548,149.004,189.336,29.4141,98.6719,-1,0,0.5,0.5,0
2192575,3273,1,1,0,0.327454,147.441,186.938,35.0703,98.875,-1,0,0.5,0.5,0
2196088,3272,1,1,0,0.378919,149.094,188.141,33.7812,100.281,-1,0,0.5,0.5,0
2200073,3269,1,1,0,0.496094,150.461,181.758,34.4219,88.7656,0,0,0.5,0.5,0
2205790,3276,1,1,0,0.536556,153.172,181.383,34.4375,86.7656,-1,0,0.5,0.5,0
2209616,3276,1,1,0,0.764186,155.906,184.992,34,96.2656,0,0,0.5,0.5,0
2215918,3277,1,1,0,0.601125,157.211,185.844,33.4531,92.9375,0,0,0.5,0.5,0
2219855,3275,1,1,0,0.4436,158.277,186.125,34.3828,94,0,0,0.5,0.5,0
2225903,3277,1,1,0,0.652684,159.625,185.625,35.625,93.75,0,0,0.5,0.5,0
2230348,3276,1,1,0,0.530723,160.816,188.164,35.6328,89.7969,0,0,0.5,0.5,0
2235775,3275,1,1,0,0.520984,161.223,187.016,35.9609,93.2812,0,0,0.5,0.5,0
2239858,3272,1,1,0,0.580828,161.695,186.953,35.5469,95.9062,0,0,0.5,0.5,0
2245743,3277,1,1,0,0.626125,163.609,187.141,35.75,96.9062,0,0,0.5,0.5,0
2250147,3275,1,1,0,0.559771,164.785,192.594,35.5078,92.4375,0,0,0.5,0.5,0
2256516,3274,1,1,0,0.68805,164.812,187.984,37.1875,99.8438,0,0,0.5,0.5,0
2260904,3275,1,1,0,0.419172,164.668,192.805,35.2734,85.6406,0,0,0.5,0.5,0
2266745,3276,1,1,0,0.670176,166.375,188,36.125,94.25,0,0,0.5,0.5,0
2270925,3275,1,1,0,0.271059,166.914,189.523,37.6719,91.7031,1,0,0.5,0.5,0
2276842,3275,1,1,0,0.481454,167.875,189.641,35.625,93.8438,0,0,0.5,0.5,0
2280960,3275,1,1,0,0.357568,168.43,187.703,38.1406,97.5312,0,0,0.5,0.5,0
2286704,3273,1,1,0,0.671039,169.523,187.5,34.9219,99,1,0,0.5,0.5,0
2293121,3276,1,1,0,0.694303,170.195,188.016,35.8594,100.969,0,0,0.5,0.5,0
2296823,3276,1,1,0,0.7237,171.254,188.492,35.3672,100.266,1,0,0.5,0.5,0
2300912,3273,1,1,0,0.713831,171.867,188.383,34.4219,98.5156,1,0,0.5,0.5,0
2306082,3273,1,1,0,0.776624,171.891,188.406,35.0312,99.5,0,0,0.5,0.5,0
2310446,3273,1,1,0,0.721743,170.875,188.203,36.125,98.4062,1,0,0.5,0.5,0
2313935,3272,1,1,0,0.534127,170.172,189.398,34.2188,97.2031,0,0,0.5,0.5,0
2319599,3273,1,1,0,0.650468,172.164,193.461,33.2656,89.3281,1,0,0.5,0.5,0
2323520,3271,1,1,0,0.730675,172.367,189,33.5781,97.1875,1,0,0.5,0.5,0
2327292,3273,1,1,0,0.486332,172.652,188.875,33.5078,98.25,1,0,0.5,0.5,0
2330743,3273,1,1,0,0.650912,172.664,189.102,33.7031,97.2969,0,0,0.5,0.5,0
2336673,3279,1,1,0,0.649579,172.164,189.328,32.1094,96.3438,1,0,0.5,0.5,0
2342735,3275,1,1,0,0.666714,172.391,189.359,31.6875,96.4688,1,0,0.5,0.5,0
2346823,3278,1,1,0,0.432543,172.758,189.391,34.3906,99.4688,1,0,0.5,0.5,0
2350947,3274,1,1,0,0.652241,171.852,189.859,32.1406,99.0312,0,0,0.5,0.5,0
2356550,3276,1,1,0,0.347759,168.469,194.391,29.3438,82.9062,1,0,0.5,0.5,0
2360971,3273,1,1,0,0.595963,168.004,194.984,31.4141,86.5312,0,0,0.5,0.5,0
2364828,3272,1,1,0,0.283781,167.68,194.969,27.4219,86,1,0,0.5,0.5,0
2370293,3276,1,1,0,0.280222,171.047,193.375,34.3125,87.1875,0,0,0.5,0.5,0
2374318,3275,1,1,0,0.721743,171.75,193.758,35.375,90.1406,1,0,0.5,0.5,0
2379622,3275,1,1,0,0.72487,171.227,194.984,34.2656,87.6562,1,0,0.5,0.5,0
2383746,3276,1,1,0,0.793106,171.039,195.016,35.5156,87.4688,1,0,0.5,0.5,0
2389485,3275,1,1,0,0.784649,172.047,195.617,36.6875,88.6406,0,0,0.5,0.5,0
2393151,3279,1,1,0,0.720565,170.695,196.094,37.2344,87.5625,1,0,0.5,0.5,0
2396971,3272,1,1,0,0.70416,171.305,196.43,36.8281,88.1406,1,0,0.5,0.5,0
2403245,3279,1,1,0,0.716616,172.695,197.281,37.6406,86.6875,0,0,0.5,0.5,0
2407239,3274,1,1,0,0.802246,172.973,197.609,38.3203,85.5938,1,0,0.5,0.5,0
2413057,3272,1,1,0,0.809277,172.434,197.562,40.6641,85.125,1,0,0.5,0.5,0
2416771,3276,1,1,0,0.742796,172.707,197.688,41.6641,85.375,1,0,0.5,0.5,0
2420740,3275,1,1,0,0.802556,173.285,197.523,40.8203,85.2969,1,0,0.5,0.5,0
2424755,3275,1,1,0,0.849722,172.984,197.703,40.75,84.9688,0,0,0.5,0.5,0
2429946,3278,1,1,0,0.782995,172.492,197.586,42.4844,85.4531,1,0,0.5,0.5,0
2433916,3278,1,1,0,0.825307,171.938,192.828,45,93.9062,1,0,0.5,0.5,0
2439832,3276,1,1,0,0.772529,172.324,195.422,45.5234,89.9062,1,0,0.5,0.5,0
2443826,3277,1,1,0,0.717804,172.512,195.422,47.7109,89.8438,1,0,0.5,0.5,0
2447839,3275,1,1,0,0.737159,172.125,197.539,51.75,88.4219,0,0,0.5,0.5,0
2451442,3277,1,1,0,0.782995,172.344,197.766,50.6875,87.7188,1,0,0.5,0.5,0
2456449,3274,1,1,0,0.748353,172.102,199.109,50.9219,88.2812,1,0,0.5,0.5,0
2460103,3276,1,1,0,0.844667,172.516,197.914,51.375,89.3281,1,0,0.5,0.5,0
2463848,3278,1,1,0,0.814349,172.461,198.312,53.5781,87.25,1,0,0.5,0.5,0
2467803,3276,1,1,0,0.692642,172.07,198.82,54.7031,86.3594,1,0,0.5,0.5,0
2473841,3278,1,1,0,0.797872,171.758,199.422,53.4531,85.0938,0,0,0.5,0.5,0
2477884,3271,1,1,0,0.810779,172.234,198.25,54.2188,89.25,1,1,0.5,0.5,0
2483372,3277,1,1,0,0.74651,170.75,198.641,62.5,86.4688,1,0,0.5,0.5,0
2487460,3272,1,1,0,0.791176,170.625,198.578,58.125,86.2812,1,0,0.5,0.5,0
2490967,3273,1,1,0,0.822474,170.719,197.781,61.3125,87.625,0,0,0.5,0.5,0
2495031,3274,1,1,0,0.778313,170.5,197.312,61.75,87.6875,1,0,0.5,0.5,0
2499940,3274,1,1,0,0.782663,169.445,194.672,63.1094,93.0312,0,0,0.5,0.5,0
2503643,3276,1,1,0,0.621081,169.273,196.633,63.3906,86.4844,1,0,0.5,0.5,0
2507491,3274,1,1,0,0.801626,169.102,196.812,66.4219,90.25,1,0,0.5,0.5,0
2511016,3274,1,1,0,0.74872,168.266,196.719,65.7188,88.75,0,0,0.5,0.5,0
2515021,3275,1,1,0,0.722527,167.875,196.672,64.75,87.5938,0,0,0.5,0.5,0
2520144,3272,1,1,0,0.501953,166.367,197.781,64.1094,84.9375,1,0,0.5,0.5,0
2524165,3273,1,1,0,0.394668,166.375,197.992,65.875,85.7656,0,0,0.5,0.5,0
2530435,3278,1,1,0,0.72409,166.594,197.828,68.5625,88.2812,1,0,0.5,0.5,0
2535583,3276,1,1,0,0.761359,165.961,197.297,68.5156,89.2188,0,0,0.5,0.5,0
2540038,3275,1,1,0,0.478529,165.578,198.352,68.5938,85.9531,0,0,0.5,0.5,0
2543839,3278,1,1,0,0.768036,164.883,197.875,66.2656,87,0,0,0.5,0.5,0
2547651,3274,1,1,0,0.806244,166.902,196.984,63.3047,88.4062,1,0,0.5,0.5,0
2553340,3285,1,1,0,0.769771,167.188,197.703,62.3125,86.1562,0,0,0.5,0.5,0
2557123,3272,1,1,0,0.742049,167.125,196.781,64.6875,88.375,0,0,0.5,0.5,0
2563582,3277,1,1,0,0.620162,167.57,194.984,62.3906,90.7188,1,0,0.5,0.5,0
2567361,3275,1,1,0,0.577019,168.125,197.398,61.375,87.2969,0,0,0.5,0.5,0
2570867,3273,1,1,0,0.73412,171.234,197.258,57.7188,86.2656,1,0,0.5,0.5,0
2574854,3273,1,1,0,0.25386,169.906,196.359,61.125,87.7812,0,0,0.5,0.5,0
2580478,3270,1,1,0,0.718199,170.539,196.672,57.7031,86.8438,1,0,0.5,0.5,0
2583917,3273,1,1,0,0.743914,170.816,197.008,57.3203,87.7656,0,1,0.5,0.5,0
2590466,3271,1,1,0,0.383064,171.172,196.719,59.5938,85.9375,1,0,0.5,0.5,0
2594279,3273,1,1,0,0.461987,171.543,196.703,58.1016,88.2188,1,0,0.5,0.5,0
2600701,3275,1,1,0,0.372961,172.195,197.031,56.9844,87.875,0,0,0.5,0.5,0
2604904,3271,1,1,0,0.529263,172.93,194.359,54.2656,93.4688,1,0,0.5,0.5,0
2610464,3271,1,1,0,0.474631,174.172,195.742,54.9688,90.9844,1,0,0.5,0.5,0
2613961,3271,1,1,0,0.421076,174.633,196.492,55.2656,88.3906,1,0,0.5,0.5,0
2620559,3276,1,1,0,0.442637,174.625,195.344,52.5,89.5625,1,0,0.5,0.5,0
2624298,3271,1,1,0,0.722527,176.766,190.516,54.0312,101.344,1,0,0.5,0.5,0
2628660,3281,1,1,0,0.570331,177.531,190.75,52.375,100.125,2,0,0.5,0.5,0
2633585,3275,1,1,0,0.63205,177.445,189.969,52.6406,100.938,1,0,0.5,0.5,0
2637580,3270,1,1,0,0.698843,178.172,189.75,48.7812,101.75,1,0,0.5,0.5,0
2641674,3275,1,1,0,0.619241,177.891,195.875,48.2812,88.25,1,0,0.5,0.5,0
2646981,3273,1,1,0,0.335024,176.906,195.766,45.0625,85.9688,2,0,0.5,0.5,0
2650859,3273,1,1,0,0.266644,175.336,197.328,41.2656,83.8438,1,0,0.5,0.5,0
2657264,3274,1,1,0,0.382142,175.477,196.609,47.4531,87.4062,1,0,0.5,0.5,0
2661176,3276,1,1,0,0.460531,174.398,194.547,45.1406,90.1562,1,0,0.5,0.5,0
2667283,3276,1,1,0,0.375477,176.684,196.781,39.7734,86.8125,1,0,0.5,0.5,0
2671090,3274,1,1,0,0.563618,176.398,197.188,41.8594,84.125,2,0,0.5,0.5,0
2677018,3276,1,1,0,0.464901,176.355,196.914,37.9766,87.3281,1,0,0.5,0.5,0
2680872,3274,1,1,0,0.356,175.992,196.805,36.2969,85.6094,1,0,0.5,0.5,0
2684698,3276,1,1,0,0.744286,177.754,195.391,38.8047,84.2188,2,0,0.5,0.5,0
2690538,3278,1,1,0,0.648689,176.727,192.758,39.9531,92.1094,1,0,0.5,0.5,0
2694869,3274,1,1,0,0.593138,176.875,187.336,39.5,100.578,1,0,0.5,0.5,0
2700755,3279,1,1,0,0.433981,174.945,193.938,39.5469,89.875,1,0,0.5,0.5,0
2704465,3277,1,1,0,0.656659,174.969,188.5,38.9688,101.125,2,0,0.5,0.5,0
2711086,3276,1,1,0,0.422505,175.734,189.859,40,99.0312,1,0,0.5,0.5,0
2717162,3273,1,1,0,0.597373,172.406,187.688,41.4688,101.375,1,0,0.5,0.5,0
2720897,3269,1,1,0,0.325736,170.16,198.258,28.2734,80.3594,0,0,0.5,0.5,0
2724815,3276,1,1,0,0.402627,169.934,196.719,32.2266,83.8125,1,0,0.5,0.5,0
2730858,3279,1,1,0,0.456168,173.297,197.852,36.3438,83.3281,1,0,0.5,0.5,0
2734885,3275,1,1,0,0.265499,170.344,199.398,34.0312,79.2656,1,0,0.5,0.5,0
2740866,3274,1,1,0,0.685529,173.855,189.125,39.6641,101.125,1,0,0.5,0.5,0
2747256,3277,1,1,0,0.489747,172.918,195.836,39.0234,86.0781,1,0,0.5,0.5,0
2751430,3278,1,1,0,0.737916,175.102,191.438,38.2656,95,1,0,0.5,0.5,0
2757317,3274,1,1,0,0.711832,174.816,191.078,36.8047,98.1562,1,0,0.5,0.5,0
2761164,3275,1,1,0,0.479016,174.16,194.688,37.7578,90.5,1,0,0.5,0.5,0
2764854,3276,1,1,0,0.73412,174.738,188.609,36.1016,103.531,1,0,0.5,0.5,0
2768850,3276,1,1,0,0.70416,175.098,188.656,38.1953,103.312,2,0,0.5,0.5,0
2774502,3271,1,1,0,0.695545,175.16,188.586,36.5547,103.578,1,0,0.5,0.5,0
2778539,3273,1,1,0,0.698432,174.922,188.781,36,101.938,1,0,0.5,0.5,0
2784155,3277,1,1,0,0.436862,173.551,191.266,35.4297,97.9688,0,0,0.5,0.5,0
2788072,3275,1,1,0,0.755275,173.605,188.781,35.5391,102.438,2,0,0.5,0.5,0
2794037,3277,1,1,0,0.624294,173.844,189.453,35.3438,101.594,1,0,0.5,0.5,0
2800642,3276,1,1,0,0.485356,176.027,189.914,34.3047,100.922,1,0,0.5,0.5,0
2804654,3274,1,1,0,0.697608,174.555,192.492,33.7656,94.6406,1,0,0.5,0.5,0
2808841,3274,1,1,0,0.583203,174.766,192.57,33.8438,96.4844,1,0,0.5,0.5,0
2814399,3274,1,1,0,0.41253,174,197.602,33.625,89.4219,2,0,0.5,0.5,0
2818145,3274,1,1,0,0.799755,174.086,190.703,33.7344,102.406,0,0,0.5,0.5,0
2822138,3274,1,1,0,0.637482,173.875,195.93,34.5625,87.1406,2,0,0.5,0.5,0
2825962,3275,1,1,0,0.809879,172.383,190.688,34.7031,100.5,0,0,0.5,0.5,0
2831038,3276,1,1,0,0.748353,172.992,190.781,33.5156,100.812,2,0,0.5,0.5,0
2835188,3275,1,1,0,0.710227,172.086,196.18,33.0469,90.1406,0,0,0.5,0.5,0
2840669,3275,1,1,0,0.652241,172.242,197.375,34.7344,88.75,1,0,0.5,0.5,0
2844795,3271,1,1,0,0.681727,171.453,197.383,34.0312,86.8594,1,0,0.5,0.5,0
2851003,3274,1,1,0,0.674908,172.539,198.297,33.9531,86.4062,1,0,0.5,0.5,0
2855071,3276,1,1,0,0.663669,171.664,198.547,35.2031,86.7812,1,0,0.5,0.5,0
2858573,3275,1,1,0,0.69802,172.371,198.812,32.9453,87.125,1,0,0.5,0.5,0
2864495,3272,1,1,0,0.695958,171.812,197.969,34.625,89.75,1,0,0.5,0.5,0
2868651,3275,1,1,0,0.695131,171.18,197.938,34.3594,89.9375,0,0,0.5,0.5,0
2874274,3274,1,1,0,0.761004,171.172,197.938,36.5312,89.1875,1,0,0.5,0.5,0
2878074,3272,1,1,0,0.725648,171.008,198.539,36.2344,87.9219,1,0,0.5,0.5,0
2884753,3273,1,1,0,0.839998,171.594,192.297,37.6875,100.969,1,0,0.5,0.5,0
2888853,3274,1,1,0,0.815233,171.57,192.516,38.4844,101.906,1,0,0.5,0.5,0
2894524,3275,1,1,0,0.730675,171.836,192.5,39.2656,102,0,0,0.5,0.5,0
2898649,3272,1,1,0,0.744286,171.516,197.43,39.7188,90.3906,1,0,0.5,0.5,0
2904140,3273,1,1,0,0.841567,170.984,193.109,44.0938,101.219,1,0,0.5,0.5,0
2911034,3273,1,1,0,0.657979,170.977,194.477,45.3281,98.5469,1,0,0.5,0.5,0
2914813,3273,1,1,0,0.750187,171.875,199.406,47.0938,88.0625,0,0,0.5,0.5,0
2921230,3272,1,1,0,0.811975,171.039,198.703,48.7031,90.6562,1,0,0.5,0.5,0
2924888,3275,1,1,0,0.819027,171.152,198.562,49.2422,90.125,1,0,0.5,0.5,0
2929010,3273,1,1,0,0.819027,172.328,195.445,53.1562,96.8906,1,0,0.5,0.5,0
2934711,3277,1,1,0,0.80038,171.523,195.391,54.7344,97.0312,0,0,0.5,0.5,0
2939186,3275,1,1,0,0.554953,170.828,196.617,58.0938,91.6406,1,0,0.5,0.5,0
2944564,3276,1,1,0,0.73029,169.73,196.734,62.5391,95.8438,1,0,0.5,0.5,0
2948837,3277,1,1,0,0.861768,170.203,193.625,61.1562,103.25,0,0,0.5,0.5,0
2954179,3274,1,1,0,0.806549,168.93,193.031,65.3906,103.438,1,0,0.5,0.5,0
2958601,3272,1,1,0,0.836822,171.695,191.961,60.3906,102.578,1,0,0.5,0.5,0
2965006,3274,1,1,0,0.287167,171.828,192.188,63.2188,103.625,0,0,0.5,0.5,0
2968628,3276,1,1,0,0.82866,170.352,192.422,68.1094,102.844,1,0,0.5,0.5,0
2974714,3273,1,1,0,0.756356,170.617,192.547,64.9531,101.031,1,0,0.5,0.5,0
2978903,3275,1,1,0,0.742796,170.453,192.141,69.4062,102.031,0,0,0.5,0.5,0
2984765,3276,1,1,0,0.855126,170.641,191.953,67.0938,103.156,1,0,0.5,0.5,0
2988974,3277,1,1,0,0.827548,170.586,192.031,66.4219,102.438,1,0,0.5,0.5,0
2994422,3276,1,1,0,0.843124,171.156,191.828,66.4375,101.781,0,0,0.5,0.5,0
2998231,3274,1,1,0,0.809277,171.148,191.688,63.8906,100.625,1,0,0.5,0.5,0
3002295,3273,1,1,0,0.758509,171.352,191.672,65.4844,101.344,1,0,0.5,0.5,0
3007870,3278,1,1,0,0.514644,170.742,196.641,63.7969,91.3438,1,0,0.5,0.5,0
3011832,3271,1,1,0,0.452778,170.82,191.641,63.4531,99.5938,0,0,0.5,0.5,0
3017984,3274,1,1,0,0.633864,170.688,192.625,66.125,101.25,1,0,0.5,0.5,0
3021537,3276,1,1,0,0.74614,170.633,192.109,64.3594,100.594,0,0,0.5,0.5,0
3025504,3275,1,1,0,0.664105,169.414,196.797,68.6094,92.2188,1,0,0.5,0.5,0
3031464,3276,1,1,0,0.482429,171.16,194.219,56.9453,97.9375,1,0,0.5,0.5,0
3035071,3277,1,1,0,0.803791,171.836,192.5,59.8281,102.125,0,0,0.5,0.5,0
3038871,3277,1,1,0,0.74651,171,193.609,64.4375,98.9688,1,0,0.5,0.5,0
3044811,3276,1,1,0,0.399343,170.086,196.742,58.9531,89.1406,1,0,0.5,0.5,0
3048946,3275,1,1,0,0.793106,170.734,192.062,61.0312,101.375,0,0,0.5,0.5,0
3052647,3274,1,1,0,0.284377,170.422,197.359,59.9688,87.7812,1,0,0.5,0.5,0
3056523,3278,1,1,0,0.762775,170.656,192.367,56.9062,99.2344,1,0,0.5,0.5,0
3061678,3277,1,1,0,0.664105,170.758,192.547,61.2344,99.4062,0,0,0.5,0.5,0
3068153,3282,1,1,0,0.708616,171.398,192.5,60.4531,103.5,1,0,0.5,0.5,0
3072426,3275,1,1,0,0.353094,172.172,192.594,60.0312,100.562,1,0,0.5,0.5,0
3078217,3274,1,1,0,0.431105,172.281,198.641,58.1875,87.2188,1,0,0.5,0.5,0
3082018,3271,1,1,0,0.585575,173.719,198.523,54.375,88.2031,0,0,0.5,0.5,0
3086067,3276,1,1,0,0.69802,174.812,199.5,48.75,87.375,2,0,0.5,0.5,0
3091484,3275,1,1,0,0.616936,176.09,198.82,44.8203,88.1406,1,0,0.5,0.5,0
3095157,3272,1,1,0,0.577019,176.781,200,43.3438,86.25,1,0,0.5,0.5,0
3098828,3273,1,1,0,0.349088,176.805,200.023,43.0781,87.0469,1,0,0.5,0.5,0
3104803,3276,1,1,0,0.466359,176.062,199.148,40.125,87.7969,1,0,0.5,0.5,0
3108748,3275,1,1,0,0.391871,176.543,198.617,41.3828,85.1094,2,0,0.5,0.5,0
3115434,3273,1,1,0,0.260953,176.258,198.5,36.7031,87.9375,1,0,0.5,0.5,0
3118916,3272,1,1,0,0.259449,175.461,198.539,35.4844,88.4844,1,0,0.5,0.5,0
3124804,3271,1,1,0,0.294417,172.199,199.273,28.9141,85.7031,0,0,0.5,0.5,0
3128775,3277,1,1,0,0.267026,172.195,200.25,26.5469,84.875,2,0,0.5,0.5,0
3133022,3274,1,1,0,0.339827,170.891,210.125,24.375,65.5,0,0,0.5,0.5,0
3138720,3258,1,0,-1,0,0,0,0,0,0,0,0,0,0
3145229,3260,1,0,-1,0,0,0,0,0,0,0,0,0,0
3148924,3273,1,1,0,0.63205,177.914,191.102,39.2656,103.953,2,0,0.5,0.5,0
3154946,3273,1,1,0,0.507324,180.477,191.766,39.1719,102.219,2,0,0.5,0.5,0
3158806,3275,1,1,0,0.720565,180.695,191.609,39.7344,104.719,1,0,0.5,0.5,0
3162650,3273,1,1,0,0.700485,179.637,190.859,38.3828,103.906,2,0,0.5,0.5,0
3168261,3276,1,1,0,0.565539,177.902,197.953,39.8047,89.0938,1,0,0.5,0.5,0
3171908,3271,1,1,0,0.628408,177.105,197.594,38.9766,91.9375,1,0,0.5,0.5,0
3175803,3277,1,1,0,0.393269,175.781,196.789,39.75,95.3281,2,0,0.5,0.5,0
3181952,3276,1,1,0,0.792785,175.973,191.484,39.3359,103.844,1,0,0.5,0.5,0
3188268,3271,1,1,0,0.500977,173.848,196.234,37.2578,87.2188,1,0,0.5,0.5,0
3192565,3274,1,1,0,0.679604,174.77,191.75,36.3672,88.125,1,0,0.5,0.5,0
3198753,3278,1,1,0,0.721351,176.004,188.031,36.1484,96.5625,1,0,0.5,0.5,0
3202662,3274,1,1,0,0.771842,175.367,186.578,36.4219,96.7188,2,0,0.5,0.5,0
3208268,3276,1,1,0,0.759937,175.531,188.094,37.0312,98.9375,1,0,0.5,0.5,0
3212049,3272,1,1,0,0.751283,174.926,189.289,37.2422,102.172,1,0,0.5,0.5,0
3215701,3279,1,1,0,0.711431,173.852,189.688,34.8594,91.25,1,0,0.5,0.5,0
3219273,3270,1,1,0,0.467332,173.867,190.484,34.9219,99.0312,1,0,0.5,0.5,0
3225294,3275,1,1,0,0.636579,174.289,192.43,34.3281,92.1406,1,0,0.5,0.5,0
3228847,3274,1,1,0,0.7773,173.562,192.984,34.5,89.3438,2,0,0.5,0.5,0
3232943,3271,1,1,0,0.750187,173.242,192.891,33.9844,85.6562,0,0,0.5,0.5,0
3238613,3277,1,1,0,0.823043,173.41,189.688,35.2109,101.938,1,0,0.5,0.5,0
3242885,3273,1,1,0,0.609989,171.977,189.82,34.3281,90.2656,1,0,0.5,0.5,0
3248563,3274,1,1,0,0.784319,173.398,187.562,33.4844,97.5,2,0,0.5,0.5,0
3252340,3275,1,1,0,0.710227,172.289,194.508,34.1406,85.7656,0,0,0.5,0.5,0
3256644,3270,1,1,0,0.280616,172.227,193.219,33.3281,84.4375,1,0,0.5,0.5,0
3262774,3272,1,1,0,0.645119,170.93,188.539,35.0781,99.6719,1,0,0.5,0.5,0
3268732,3276,1,1,0,0.432543,172.523,189.203,34.6094,98.0938,1,0,0.5,0.5,0
3272521,3273,1,1,0,0.811079,172.234,187.844,33.5938,96.875,1,0,0.5,0.5,0
3276536,3273,1,1,0,0.753466,172.289,191.625,33.8906,87.25,0,0,0.5,0.5,0
3282479,3269,1,1,0,0.305697,172.039,193.156,34.6094,85.25,1,0,0.5,0.5,0
3285880,3274,1,1,0,0.365683,171.703,192.969,34.8438,83.9375,2,0,0.5,0.5,0
3289934,3270,1,1,0,0.403097,172.125,193.688,33.8125,84.125,0,0,0.5,0.5,0
3295617,3272,1,1,0,0.367496,171.727,194.031,33.9844,83.25,1,0,0.5,0.5,0
3302043,3273,1,1,0,0.309441,171.266,193.781,36,83.625,0,0,0.5,0.5,0
3306112,3271,1,1,0,0.463444,171.789,194.672,34.5156,79.5938,2,0,0.5,0.5,0
3310110,3272,1,1,0,0.750553,172.289,196.203,32.8906,76.9062,0,0,0.5,0.5,0
3315875,3271,1,1,0,0.819027,173.289,188.031,35.3906,92.9375,1,0,0.5,0.5,0
3319674,3273,1,1,0,0.725648,171.777,195,35.6328,77.75,1,0,0.5,0.5,0
3325664,3274,1,1,0,0.846199,172.332,189.109,36.6172,90.9062,1,0,0.5,0.5,0
3329779,3275,1,1,0,0.595963,170.758,189.609,38.5156,88.0312,1,0,0.5,0.5,0
3336084,3274,1,1,0,0.746879,171.508,193.305,38.8281,82.1406,0,0,0.5,0.5,0
3339889,3272,1,1,0,0.553505,170.195,190.461,40.7031,90.4219,1,0,0.5,0.5,0
3345616,3273,1,1,0,0.80502,170.93,189.328,41.6094,92.9062,1,0,0.5,0.5,0
3350027,3274,1,1,0,0.743169,170.375,190.156,42.6875,93.4375,1,0,0.5,0.5,0
3355948,3273,1,1,0,0.690977,172.023,193.578,44.9844,96.5938,0,0,0.5,0.5,0
3359592,3272,1,1,0,0.818448,170.625,190.734,46.2812,94.9062,1,0,0.5,0.5,0
3363746,3272,1,1,0,0.786295,170.906,192.773,47.125,99.4531,1,0,0.5,0.5,0
3369075,3270,1,1,0,0.793746,170.969,194.086,47.0625,97.5781,0,0,0.5,0.5,0
3372781,3275,1,1,0,0.266644,171.164,200.078,45.9531,86.4688,1,0,0.5,0.5,0
3376689,3274,1,1,0,0.763834,170.672,200.523,47.5312,85.9844,1,0,0.5,0.5,0
3382991,3274,1,1,0,0.818448,172.016,199.234,47.9375,93.2188,1,0,0.5,0.5,0
3387317,3274,1,1,0,0.770117,169.59,196.766,48.3828,97.2812,0,0,0.5,0.5,0
3392999,3270,1,1,0,0.763128,169.352,199.773,50.0781,85.0781,1,0,0.5,0.5,0
3396545,3270,1,1,0,0.732208,170.102,201.695,51.9844,84.3594,0,0,0.5,0.5,0
3400670,3265,1,1,0,0.801626,171.027,201.484,53.0078,87.4062,1,0,0.5,0.5,0
3406074,3271,1,1,0,0.823611,171.086,201.562,52.5781,85,1,0,0.5,0.5,0
3410210,3270,1,1,0,0.816699,170.938,201.242,52.6875,88.4844,1,0,0.5,0.5,0
3415834,3268,1,1,0,0.838416,170,201.828,54.25,86.1562,0,0,0.5,0.5,0
3420443,3265,1,1,0,0.763128,169.617,200.188,54.0156,89.875,1,0,0.5,0.5,0
3424072,3270,1,1,0,0.762422,168.332,198.547,55.3359,91.9062,0,0,0.5,0.5,0
3429242,3268,1,1,0,0.572723,168.008,200.609,55.1094,79.4062,1,0,0.5,0.5,0
3433115,3274,1,1,0,0.788257,167.297,201.141,56.1562,81.3438,0,1,0.5,0.5,0
3436698,3272,1,1,0,0.776284,167.25,201.164,55.0625,79.2969,0,0,0.5,0.5,0
3440658,3274,1,1,0,0.77865,166.543,199.844,55.2266,77.4375,1,0,0.5,0.5,0
3446261,3273,1,1,0,0.656219,166.969,200.359,55.125,81.6562,0,0,0.5,0.5,0
3450184,3273,1,1,0,0.743169,167.125,192.719,55.625,96.75,1,0,0.5,0.5,0
3456269,3274,1,1,0,0.793426,166.164,200.094,54.4219,81.0625,0,0,0.5,0.5,0
3462883,3277,1,1,0,0.665845,166.172,200.117,54.3438,80.4844,0,0,0.5,0.5,0
3466597,3274,1,1,0,0.751648,166.363,193.828,56.2734,91.9062,0,0,0.5,0.5,0
3472574,3277,1,1,0,0.753103,166.273,200.297,54.4219,79.5938,1,0,0.5,0.5,0
3476856,3274,1,1,0,0.785308,166.902,193.219,56.8203,96.3125,0,0,0.5,0.5,0
3480226,3273,1,1,0,0.676192,166.828,201.117,55.5,77.4844,0,0,0.5,0.5,0
3485934,3279,1,1,0,0.748353,167.344,193.844,55.875,95.6875,1,0,0.5,0.5,0
3489736,3276,1,1,0,0.643776,166.969,197.141,56.375,86.9688,0,0,0.5,0.5,0
3493635,3276,1,1,0,0.649579,166.992,197.172,56.6406,88.5938,0,0,0.5,0.5,0
3499599,3270,1,1,0,0.469277,165.812,200,56.1875,80.25,1,0,0.5,0.5,0
3504167,3274,1,1,0,0.323808,167.016,198.328,58.0938,82.5312,0,0,0.5,0.5,0
3509796,3274,1,1,0,0.478041,166.82,198.945,56.5781,82.3594,0,0,0.5,0.5,0
3513346,3275,1,1,0,0.649134,166.688,199.82,54.875,81.1094,1,1,0.5,0.5,0
3519657,3274,1,1,0,0.617858,167.758,197.016,53.2031,85.5312,0,0,0.5,0.5,0
3523871,3273,1,1,0,0.713432,167.484,199.82,53.5312,79.0156,0,0,0.5,0.5,0
3527779,3278,1,1,0,0.291989,181.488,198.359,28.8828,82.4688,3,0,0.5,0.5,0
3533142,3275,1,1,0,0.281406,181.625,200.609,24.5625,79.5312,2,0,0.5,0.5,0
3537615,3275,1,1,0,0.298901,183.938,191.148,33.4062,97.0469,1,0,0.5,0.5,0
3540916,3268,1,0,-1,0,0,0,0,0,0,0,0,0,0
3546453,3281,1,1,0,0.271831,172.094,199.672,37.1562,81.5312,0,0,0.5,0.5,0
3550125,3275,1,1,0,0.420124,168.672,198.109,50.3125,85.0312,1,0,0.5,0.5,0
3554339,3278,1,1,0,0.272025,179.984,198.578,29.8125,84.4688,2,0,0.5,0.5,0
3559488,3277,1,1,0,0.31174,177.238,198.883,31.9141,83.7656,1,0,0.5,0.5,0
3563533,3276,1,1,0,0.327454,170.84,198.391,49.2422,86.4688,1,0,0.5,0.5,0
3567688,3274,1,1,0,0.355552,169.945,197.758,49.0781,87.5156,0,0,0.5,0.5,0
3572853,3276,1,1,0,0.347537,169.852,199.312,47.5156,83.625,1,0,0.5,0.5,0
3576847,3273,1,1,0,0.444083,169.703,199.281,47.9062,82.6875,0,0,0.5,0.5,0
3581281,3275,1,1,0,0.287967,177.43,198.727,33.5156,85.9531,2,0,0.5,0.5,0
3586515,3273,1,1,0,0.466845,170.305,195.984,41.8906,82.5312,1,0,0.5,0.5,0
3590674,3276,1,1,0,0.376623,174.391,197.594,38.5938,84.1875,0,0,0.5,0.5,0
3596286,3280,1,1,0,0.70538,170.859,196.273,42.6875,85.7031,1,0,0.5,0.5,0
3600108,3275,1,1,0,0.537527,169.727,195.984,42.8906,85.2812,1,0,0.5,0.5,0
3604172,3275,1,1,0,0.580828,169.5,194.797,42.875,82.2188,0,0,0.5,0.5,0
3609742,3276,1,1,0,0.4917,169.898,194.172,42.1406,79.7188,1,0,0.5,0.5,0
3613696,3275,1,1,0,0.632504,169.727,193.922,39.6719,84.0312,0,0,0.5,0.5,0
3619824,3274,1,1,0,0.47317,171.781,196.867,37.0938,86.3594,1,0,0.5,0.5,0
3624061,3270,1,1,0,0.711431,171.352,192.438,38.2344,81.25,1,1,0.5,0.5,0
3630070,3275,1,1,0,0.627952,172.383,193.242,35.7031,79.0469,1,0,0.5,0.5,0
3633562,3272,1,1,0,0.762775,171.836,193.016,36.0156,79.4062,0,0,0.5,0.5,0
3637713,3274,1,1,0,0.717408,170.859,191.188,38.4062,79.625,1,0,0.5,0.5,0
3643283,3273,1,1,0,0.717012,170.961,187.18,39.8906,88.8594,1,0,0.5,0.5,0
3647182,3275,1,1,0,0.747616,171.57,187.086,38.4844,89.4219,0,0,0.5,0.5,0
3650734,3274,1,1,0,0.761359,172.504,185.172,37.8047,91.3438,1,0,0.5,0.5,0
3656589,3274,1,1,0,0.519521,171.258,185.711,41.4844,94.0781,1,0,0.5,0.5,0
3660293,3276,1,1,0,0.578448,172.18,187.406,38.2969,87.3125,1,0,0.5,0.5,0
3663910,3274,1,1,0,0.644672,172.164,187.383,37.5781,88.2656,0,0,0.5,0.5,0
3668195,3277,1,1,0,0.763834,171.07,186.18,40.2031,92.3594,1,0,0.5,0.5,0
3673280,3276,1,1,0,0.312369,170.438,185.891,41,93.9688,1,0,0.5,0.5,0
3677325,3271,1,1,0,0.693058,170.82,193.062,37.9531,81.875,1,0,0.5,0.5,0
3680749,3275,1,1,0,0.720565,171.633,186.641,38.6406,90.0312,0,0,0.5,0.5,0
3686360,3278,1,1,0,0.555917,170.75,191.031,36.4375,86.75,1,0,0.5,0.5,0
3689982,3275,1,1,0,0.570331,168.938,191.5,34.3438,81.375,1,0,0.5,0.5,0
3693939,3274,1,1,0,0.575588,168.867,191.938,35.4219,94.625,0,0,0.5,0.5,0
3700018,3277,1,1,0,0.335459,165.918,194.453,32.5234,86.8438,0,0,0.5,0.5,0
3703597,3275,1,1,0,0.396536,165.188,193.391,33.6875,77.7812,1,0,0.5,0.5,0
3707551,3275,1,1,0,0.600188,166.336,194.938,35.2656,85.4375,0,0,0.5,0.5,0
3713233,3275,1,1,0,0.270673,164.508,196.281,33.1719,86.4375,0,0,0.5,0.5,0
3717411,3274,1,1,0,0.317849,164.367,193.562,32.5469,79.125,0,0,0.5,0.5,0
3721061,3274,1,1,0,0.531209,165.273,193.719,36.4531,85.25,1,0,0.5,0.5,0
3726535,3274,1,1,0,0.561215,165.641,193.625,37.3438,88,0,0,0.5,0.5,0
3730552,3275,1,1,0,0.4436,165.586,193.68,37.5781,82.8906,0,0,0.5,0.5,0
3736612,3270,1,1,0,0.583203,164.742,193.328,37.6094,84.0938,0,0,0.5,0.5,0
3740818,3273,1,1,0,0.607663,164.934,192.672,38.4453,81.3438,0,0,0.5,0.5,0
3746654,3276,1,1,0,0.720565,165.086,195.438,41.4219,89.8125,1,0,0.5,0.5,0
3750487,3273,1,1,0,0.708616,165.188,195.312,41.4375,86.625,0,0,0.5,0.5,0
3754422,3271,1,1,0,0.812273,164.102,196.234,44.6094,90.0938,0,0,0.5,0.5,0
3760360,3273,1,1,0,0.578924,163.312,195.555,42.5625,84.6094,0,0,0.5,0.5,0
3763982,3272,1,1,0,0.728362,163.238,196.156,43.3984,87.9375,0,0,0.5,0.5,0
3767924,3277,1,1,0,0.730675,162.969,195.25,44,82,0,0,0.5,0.5,0
3773986,3276,1,1,0,0.318061,162.445,195.742,47.9219,84.7656,0,0,0.5,0.5,0
3777494,3271,1,1,0,0.332636,161.75,196.219,51.5625,86.9375,1,0,0.5,0.5,0
3780870,3270,1,1,0,0.544317,163.031,195.703,49.5625,85.1562,0,0,0.5,0.5,0
3786763,3273,1,1,0,0.595963,162.531,196.844,55.6875,87.875,0,0,0.5,0.5,0
3790552,3274,1,1,0,0.52975,160,194.656,51.25,78.0625,0,0,0.5,0.5,0
3794401,3274,1,1,0,0.528777,159.816,195.688,60.3672,80.9375,0,0,0.5,0.5,0
3799836,3274,1,1,0,0.628408,159.371,194.031,62.3828,78.5,0,0,0.5,0.5,0
3804094,3269,1,1,0,0.569853,157.609,194.375,64.7812,77.875,0,0,0.5,0.5,0
3808085,3274,1,1,0,0.687631,157.301,193.406,64.3984,78.8125,0,0,0.5,0.5,0
3813775,3275,1,1,0,0.646906,154.141,193,65.5312,80.0625,0,0,0.5,0.5,0
3817205,3271,1,1,0,0.822474,155.312,194.562,64.25,78.875,0,0,0.5,0.5,0
3821459,3277,1,1,0,0.623836,155.055,193.094,66.7656,79.3125,0,0,0.5,0.5,0
3827025,3273,1,1,0,0.396302,156.75,193.344,69.375,83.1875,0,0,0.5,0.5,0
3831271,3273,1,1,0,0.422028,156.344,195.172,70.4375,78.5938,-1,0,0.5,0.5,0
3836973,3275,1,1,0,0.347205,157.008,195.5,69.9219,81.125,0,0,0.5,0.5,0
3840485,3272,1,1,0,0.38445,152.734,188.875,64.4688,89,0,0,0.5,0.5,0
3844372,3274,1,1,0,0.308815,154.422,193.016,63.7812,80.2188,0,0,0.5,0.5,0
3848840,3274,1,1,0,0.322099,157.43,194.969,69.2656,83.4375,0,0,0.5,0.5,0
3853891,3276,1,1,0,0.254045,149.859,192.961,53.6562,76.7969,-1,0,0.5,0.5,0
3857976,3276,1,1,0,0.282592,155.438,183.703,35,59.3438,0,0,0.5,0.5,0
3861656,3274,1,1,0,0.277865,154.891,187.234,38.6562,66.0938,0,0,0.5,0.5,0
3865501,3274,1,1,0,0.330256,154.383,184.344,37.2656,60.5,0,0,0.5,0.5,0
3871048,3278,1,1,0,0.293405,158.992,192.789,71.2656,77.5781,0,0,0.5,0.5,0
3874988,3267,1,1,0,0.492188,157.312,193.797,69.25,82.2188,-1,0,0.5,0.5,0
3879321,3276,1,1,0,0.367496,152.719,191.602,60.0625,73.5781,0,0,0.5,0.5,0
3884310,3276,1,1,0,0.50293,152.98,190.289,62.6016,75.1719,0,0,0.5,0.5,0
3890353,3276,1,1,0,0.524882,154.148,189.594,65.3281,78.0625,0,0,0.5,0.5,0
3894765,3273,1,1,0,0.420124,157.156,193.109,71.625,81.3438,0,0,0.5,0.5,0
3900460,3274,1,1,0,0.2763,151.602,188.562,66.7031,83.6875,-1,0,0.5,0.5,0
3904286,3275,1,1,0,0.38445,146.75,185.719,41.375,67,-1,0,0.5,0.5,0
3908730,3277,1,1,0,0.288569,147.492,186.406,58.9531,85.1875,0,0,0.5,0.5,0
3914337,3272,1,1,0,0.277473,147.281,184.547,56.875,84.5312,-1,0,0.5,0.5,0
3917722,3266,1,1,0,0.375935,153.992,186.297,67.8906,90.9062,0,0,0.5,0.5,0
3921190,3266,1,1,0,0.808371,152.375,185.922,67.125,89.5938,-1,0,0.5,0.5,0
3925167,3277,1,1,0,0.280419,150.352,186.141,64.5156,87.6562,0,0,0.5,0.5,0
3930985,3275,1,1,0,0.514644,151.016,186.672,66.0938,90.5312,-1,0,0.5,0.5,0
3934734,3271,1,1,0,0.431584,152.992,191.531,65.8906,77.5625,0,0,0.5,0.5,0
3940736,3276,1,1,0,0.70416,150.398,187.391,65.0469,89.9688,0,0,0.5,0.5,0
3944889,3271,1,1,0,0.663669,151.547,187.266,65.9062,91.5938,-1,0,0.5,0.5,0
3948905,3274,1,1,0,0.354881,149.344,188.547,61.25,84.3438,-1,0,0.5,0.5,0
3954466,3271,1,1,0,0.490724,147.742,190.312,61.4531,78,0,0,0.5,0.5,0
3958545,3277,1,1,0,0.355552,148.555,190.039,63.5156,80.7969,-1,0,0.5,0.5,0
3964349,3273,1,1,0,0.804713,148.734,190.656,59.3438,85.4375,0,0,0.5,0.5,0
3968913,3273,1,1,0,0.55929,147.828,191.922,60.0938,77.2812,-1,0,0.5,0.5,0
3972455,3268,1,1,0,0.727975,147.031,195.25,57.6875,80.125,-1,0,0.5,0.5,0
3977916,3274,1,1,0,0.663669,145.602,193.375,57.8281,80.5,-1,0,0.5,0.5,0
3981593,3273,1,1,0,0.81257,145.594,193.453,58,84.1562,-1,0,0.5,0.5,0
3984973,3271,1,1,0,0.25739,146.031,194.234,56.625,82.5312,-1,0,0.5,0.5,0
3990937,3270,1,1,0,0.646906,145.766,194.312,54.0938,86.125,-1,0,0.5,0.5,0
3994705,3271,1,1,0,0.642432,147.016,188.18,50.875,96.9844,0,0,0.5,0.5,0
3998118,3272,1,1,0,0.796609,146.547,186.773,53.7812,94.9531,-2,0,0.5,0.5,0
4004220,3270,1,1,0,0.820182,146.516,186.734,49.5312,94.5312,0,0,0.5,0.5,0
4011109,3273,1,1,0,0.86905,146.195,187.508,48.7969,97.0156,-1,0,0.5,0.5,0
4015082,3274,1,1,0,0.842087,146.156,187.406,48.1875,96.0625,-1,0,0.5,0.5,0
4021061,3274,1,1,0,0.790206,144.48,188.883,46.2266,98.9844,-2,0,0.5,0.5,0
4025309,3275,1,1,0,0.842606,144.34,187.594,45.2578,97.8125,0,0,0.5,0.5,0
4030934,3276,1,1,0,0.328961,143.684,187.938,43.4922,97.5,-2,0,0.5,0.5,0
4034857,3275,1,1,0,0.578924,144.578,187.953,42.875,97.4688,-1,0,0.5,0.5,0
4041192,3272,1,1,0,0.787604,143.172,191.047,40.7188,91.4062,-1,0,0.5,0.5,0
4047482,3274,1,1,0,0.602529,144.473,193.375,39.1797,84,-1,0,0.5,0.5,0
4051399,3275,1,1,0,0.700894,143.695,189.547,39.0156,95.8438,-1,0,0.5,0.5,0
4054851,3271,1,1,0,0.788908,142.844,185.766,36.8438,96.0312,-2,0,0.5,0.5,0
4061085,3270,1,1,0,0.72448,142.73,190.328,37.2266,81.3438,-1,0,0.5,0.5,0
4065398,3275,1,1,0,0.787278,143.656,185.477,37,95.2031,-1,0,0.5,0.5,0
4068783,3270,1,1,0,0.726813,144.434,190.141,35.9609,81.7812,-1,0,0.5,0.5,0
4074572,3274,1,1,0,0.740176,144.508,190.102,35.2031,80.5469,-2,0,0.5,0.5,0
4078943,3274,1,1,0,0.292191,144.891,188.172,34.4062,89.2188,-1,0,0.5,0.5,0
4084509,3275,1,1,0,0.737916,143.121,191.156,36.5234,82.4375,-1,0,0.5,0.5,0
4088930,3273,1,1,0,0.74872,144.855,191.195,34.1328,81.8906,-1,0,0.5,0.5,0
4094608,3268,1,1,0,0.669312,144.711,191.023,34.9531,81.9531,-2,0,0.5,0.5,0
4098941,3277,1,1,0,0.657539,145.742,191.289,33.5781,80.8281,-1,0,0.5,0.5,0
4104573,3274,1,1,0,0.550608,144.875,190.992,33.9062,80.9844,-1,0,0.5,0.5,0
4111298,3274,1,1,0,0.722527,145.969,190.875,35,81.5,-1,0,0.5,0.5,0
4117386,3279,1,1,0,0.686791,147.121,192.062,33.9766,81.5,-1,0,0.5,0.5,0
4121680,3274,1,1,0,0.743169,147.395,191.609,36.1016,80.8438,-1,0,0.5,0.5,0
4127998,3274,1,1,0,0.485356,148.539,191.688,32.2969,81.625,0,0,0.5,0.5,0
4131701,3276,1,1,0,0.382142,148.914,192.023,31.8281,82.4219,-1,0,0.5,0.5,0
4137778,3275,1,1,0,0.425367,148.953,192.18,31.5938,82.6094,-1,0,0.5,0.5,0
4141633,3272,1,1,0,0.598782,147.527,193.438,30.3672,84.875,-1,0,0.5,0.5,0
4145687,3274,1,1,0,0.595022,147.93,193.508,31.8594,84.9844,-1,0,0.5,0.5,0
4151427,3272,1,1,0,0.595022,148.633,194.25,33.1719,86.875,-1,0,0.5,0.5,0
4154899,3271,1,1,0,0.562177,147.867,195.125,33.1719,87.0625,0,0,0.5,0.5,0
4158872,3275,1,1,0,0.560734,148.547,194.484,31.8438,87.5938,-1,0,0.5,0.5,0
4164893,3276,1,1,0,0.603932,148.008,194.414,31.6719,85.9219,-1,0,0.5,0.5,0
4171031,3277,1,1,0,0.546738,148.531,194.953,32.7188,87.9062,-1,0,0.5,0.5,0
4175450,3277,1,1,0,0.644224,147.398,194.125,34.4531,85.375,-1,0,0.5,0.5,0
4180673,3277,1,1,0,0.25128,147.293,190.75,30.2578,77.1875,-1,0,0.5,0.5,0
4184754,3277,1,1,0,0.563618,148.527,192.141,32.5547,84.7188,0,0,0.5,0.5,0
4188645,3276,1,1,0,0.349088,149.023,192.406,33.2969,91.1875,-1,0,0.5,0.5,0
4192662,3273,1,1,0,0.648243,148.312,192.789,32.25,83.1719,-1,0,0.5,0.5,0
4197914,3277,1,1,0,0.47317,148.52,193.523,32.3203,80.4531,-1,0,0.5,0.5,0
4201686,3274,1,1,0,0.633411,147.734,195.094,32.9375,86.8125,-1,0,0.5,0.5,0
4205415,3275,1,1,0,0.508788,147.566,195.711,35.2109,85.3281,0,0,0.5,0.5,0
4208819,3272,1,1,0,0.460046,148.391,196.852,34.7188,85.2969,-1,0,0.5,0.5,0
4215036,3275,1,1,0,0.457137,149.055,195.266,34.5781,85.4062,-1,0,0.5,0.5,0
4218935,3274,1,1,0,0.297674,148.469,197.273,36.4375,83.4531,-1,0,0.5,0.5,0
4223062,3278,1,1,0,0.379378,147.719,196.141,35.5,85.5312,0,0,0.5,0.5,0
4228595,3281,1,1,0,0.469277,148.953,195.93,35.5312,88.1094,-1,0,0.5,0.5,0
4235021,3277,1,1,0,0.496094,148.93,196.078,38.5156,88.7188,-1,0,0.5,0.5,0
4238579,3278,1,1,0,0.368178,149.469,196.336,32.6562,84.4844,-1,0,0.5,0.5,0
4242565,3277,1,1,0,0.516596,146.266,196.219,38.3438,87.9375,0,0,0.5,0.5,0
4248054,3278,1,1,0,0.255714,146.887,198.328,38.9766,84.4688,-1,0,0.5,0.5,0
4251778,3267,1,1,0,0.368178,146.621,195.414,40.0547,93.7031,-1,0,0.5,0.5,0
4255817,3275,1,1,0,0.624752,146.141,196.172,41.1875,86.9062,-1,0,0.5,0.5,0
4261653,3275,1,1,0,0.560734,146.332,196.945,39.6172,89.3594,-1,0,0.5,0.5,0
4266128,3275,1,1,0,0.496582,146.473,196.75,40.8047,87.625,-1,0,0.5,0.5,0
4271504,3276,1,1,0,0.752012,146.191,195.984,39.8516,86.2188,-1,1,0.5,0.5,0
4275125,3275,1,1,0,0.786295,146.102,196,40.9219,87.75,-1,0,0.5,0.5,0
4278867,3274,1,1,0,0.626582,146.039,196.109,40.7969,87.2188,-1,0,0.5,0.5,0
4283359,3273,1,1,0,0.622,146.406,195.562,44.125,84.375,-1,0,0.5,0.5,0
4288325,3276,1,1,0,0.751648,146.449,195.641,43.7266,86.7188,-1,0,0.5,0.5,0
4292073,3274,1,1,0,0.654895,146.516,195.508,44.3438,85.0156,-1,0,0.5,0.5,0
4295707,3278,1,1,0,0.479991,147.402,195.195,46.4453,83.6406,-1,0,0.5,0.5,0
4299274,3276,1,1,0,0.790206,146.273,195.125,48.2656,86.25,0,0,0.5,0.5,0
4303122,3273,1,1,0,0.713033,146.922,195.344,51.5312,85.9375,-2,0,0.5,0.5,0
4308607,3284,1,1,0,0.35914,146.797,193.945,53.6562,86.6406,-1,0,0.5,0.5,0
4313012,3272,1,1,0,0.611382,148.078,194.445,48.5938,84.3594,0,0,0.5,0.5,0
4318261,3273,1,1,0,0.287167,150.328,194.688,47.5938,81.5,-1,0,0.5,0.5,0
4321946,3275,1,1,0,0.304455,150.387,193.086,47.7266,79.4531,0,0,0.5,0.5,0
4325924,3277,1,1,0,0.305905,151.672,196.172,45.0938,78.2188,-1,0,0.5,0.5,0
4332133,3275,1,1,0,0.593609,148.188,194.562,61.25,87.5,-1,0,0.5,0.5,0
4338544,3278,1,1,0,0.753103,147.586,194.984,63.7031,87.0312,-1,0,0.5,0.5,0
4344981,3271,1,1,0,0.63205,148.367,194.656,62.8594,87.1875,0,0,0.5,0.5,0
4348705,3277,1,1,0,0.541894,147.211,194.609,66.3906,83.7188,-1,0,0.5,0.5,0
4352161,3273,1,1,0,0.600657,148.547,194.984,65.2188,86.0312,-1,0,0.5,0.5,0
4358540,3274,1,1,0,0.613237,148.82,193.938,66.2344,88,-1,0,0.5,0.5,0
4362664,3275,1,1,0,0.673191,148.547,194.062,67.5312,85,0,0,0.5,0.5,0
4368564,3275,1,1,0,0.647352,150.719,193.57,66.75,87.3594,-1,0,0.5,0.5,0
4372161,3271,1,1,0,0.595493,150.289,192.516,69.7344,88.5938,0,0,0.5,0.5,0
4375948,3274,1,1,0,0.402157,147.508,191.844,67.9844,83.3125,-1,0,0.5,0.5,0
4381878,3279,1,1,0,0.25386,146.508,191.859,69.7344,81.5312,-1,0,0.5,0.5,0
4388395,3276,1,1,0,0.630231,146.387,191.281,67.2266,84.625,-1,0,0.5,0.5,0
4392540,3271,1,1,0,0.637933,149.672,191.953,69.2188,89.5938,-1,0,0.5,0.5,0
4396555,3275,1,1,0,0.55929,150.672,191.375,71.7188,90.5,0,0,0.5,0.5,0
4402029,3275,1,1,0,0.619241,150.312,192.359,73.875,88.2188,-1,0,0.5,0.5,0
4405995,3270,1,1,0,0.671901,150.305,192.766,73.2656,85.0312,0,0,0.5,0.5,0
4410098,3273,1,1,0,0.315946,149.578,188.133,74.0312,94.7656,-1,0,0.5,0.5,0
4415340,3276,1,1,0,0.32445,151.656,191.633,73.125,89.0156,-1,0,0.5,0.5,0
4419641,3272,1,1,0,0.668447,149.859,189.688,71.7812,88.75,0,0,0.5,0.5,0
4425338,3277,1,1,0,0.385375,150.875,188.922,76.3125,95.8438,-1,0,0.5,0.5,0
4429040,3274,1,1,0,0.771842,151.953,191.656,74.9062,90.5625,0,0,0.5,0.5,0
4432734,3274,1,1,0,0.771153,151.57,191.484,75.6406,90.0312,-1,0,0.5,0.5,0
4438718,3274,1,1,0,0.297879,152.672,192.25,75.9688,90.375,0,0,0.5,0.5,0
4442225,3271,1,1,0,0.271445,152.844,193.617,76.1875,87.9844,0,0,0.5,0.5,0
4446090,3272,1,1,0,0.463444,154.234,193.234,75.5312,87.9688,-1,0,0.5,0.5,0
4451809,3276,1,1,0,0.452294,154.234,193.281,75.6562,88.0625,0,0,0.5,0.5,0
4455608,3277,1,1,0,0.430147,154.141,193.344,75.9688,87.6875,0,0,0.5,0.5,0
4459761,3276,1,1,0,0.385837,154.188,193.328,76.625,87.1562,-1,0,0.5,0.5,0
4465026,3277,1,1,0,0.70619,154.227,193.234,76.9219,87.2188,0,0,0.5,0.5,0
4469027,3275,1,1,0,0.682997,154.117,193.203,76.8906,87.1562,0,0,0.5,0.5,0
4472855,3274,1,1,0,0.710629,156.602,193.641,75.7656,88.2812,0,0,0.5,0.5,0
4478991,3272,1,1,0,0.736781,156.516,193.547,76.4062,88.5938,0,0,0.5,0.5,0
4482646,3272,1,1,0,0.695958,158.594,194.266,59.8125,84.9062,0,0,0.5,0.5,0
4486126,3272,1,1,0,0.669744,158.477,194.141,57.5469,86.7812,-1,0,0.5,0.5,0
4491904,3271,1,1,0,0.845179,157.117,186.453,54.2969,99.7188,0,0,0.5,0.5,0
4495670,3274,1,1,0,0.828105,156.227,186.047,52.3281,99.0938,0,0,0.5,0.5,0
4499946,3273,1,1,0,0.517571,156.625,186.797,49.25,103.031,0,0,0.5,0.5,0
4505419,3275,1,1,0,0.803174,156.805,186.141,47.8281,101.719,0,0,0.5,0.5,0
4509153,3273,1,1,0,0.801004,155.492,185.312,44.8594,100.375,0,0,0.5,0.5,0
4513039,3274,1,1,0,0.695545,154.898,185.453,41.7969,100.094,0,0,0.5,0.5,0
4518846,3277,1,1,0,0.280616,154.008,185.609,38.5469,99.5312,-1,0,0.5,0.5,0
4522532,3275,1,1,0,0.666714,153.977,192.531,36.9531,84.5625,0,0,0.5,0.5,0
4526486,3272,1,1,0,0.673191,153.812,192.547,34.6562,84.7812,0,0,0.5,0.5,0
4532238,3276,1,1,0,0.30013,153.336,190.375,36.4531,89.5,0,0,0.5,0.5,0
4536100,3274,1,1,0,0.754191,153.484,185.742,37.1562,98.4844,-1,0,0.5,0.5,0
4539626,3275,1,1,0,0.311322,153.891,190.844,35.2188,90.0625,0,0,0.5,0.5,0
4545334,3283,1,1,0,0.500488,153.906,191.867,35.4375,87.1406,0,0,0.5,0.5,0
4549744,3274,1,1,0,0.735262,154.789,190.75,36.4219,89.125,0,0,0.5,0.5,0
4553758,3274,1,1,0,0.788908,155.262,189.547,35.9141,92.0312,0,0,0.5,0.5,0
4559196,3279,1,1,0,0.712233,155.281,189.617,34.4375,88.5156,-1,0,0.5,0.5,0
4562839,3273,1,1,0,0.589834,155.277,188.094,35.0703,92.1875,0,0,0.5,0.5,0
4568764,3277,1,1,0,0.31405,155.797,188.922,34.5312,87.7812,0,0,0.5,0.5,0
4572338,3274,1,1,0,0.600188,156.918,188.625,35.0391,91,0,0,0.5,0.5,0
4576106,3277,1,1,0,0.639285,156.867,188.594,34.4531,90.9375,0,0,0.5,0.5,0
4579694,3279,1,1,0,0.67405,156.984,188.625,34.625,91.75,0,0,0.5,0.5,0
4583672,3275,1,1,0,0.66628,157.922,185.523,34.2812,99.0469,0,0,0.5,0.5,0
4588939,3273,1,1,0,0.687631,158.488,182.094,36.3672,102.688,0,0,0.5,0.5,0
4593062,3275,1,1,0,0.605799,159.078,188.195,34.9688,89.6094,0,0,0.5,0.5,0
4599271,3273,1,1,0,0.632957,160.188,187.578,34.125,92.5938,0,0,0.5,0.5,0
4605750,3288,1,1,0,0.531696,160.875,188.625,32.5938,88.75,0,0,0.5,0.5,0
4609663,3274,1,1,0,0.516596,162.461,185.734,31.8594,97.4688,0,0,0.5,0.5,0
4615979,3274,1,1,0,0.404507,162.836,188.883,30.5469,87.9844,0,0,0.5,0.5,0
4619900,3274,1,1,0,0.567457,162.93,188.992,30.8281,89.0156,0,0,0.5,0.5,0
4624089,3275,1,1,0,0.424889,165.578,187.008,32.2812,94.2656,0,0,0.5,0.5,0
4629676,3274,1,1,0,0.306112,166.742,189.148,31.8906,89.5469,0,0,0.5,0.5,0
4636104,3273,1,1,0,0.285172,168.477,183.453,33.0469,102.406,1,0,0.5,0.5,0
4642858,3273,1,1,0,0.435421,168.758,187.305,30.9844,92.1406,0,0,0.5,0.5,0
4649251,3275,1,1,0,0.444083,168.852,187.609,30.7344,84.7812,1,0,0.5,0.5,0
4652822,3274,1,1,0,0.382603,169.168,184.469,30.7109,83.4375,0,0,0.5,0.5,0
4656625,3272,1,1,0,0.350199,172.922,188.875,31.3438,84.625,1,0,0.5,0.5,0
4662333,3272,1,1,0,0.787931,170.383,183.016,35.4844,97.7188,0,0,0.5,0.5,0
4666041,3277,1,1,0,0.376394,171.555,189.078,32.4531,85.7188,1,0,0.5,0.5,0
4669569,3272,1,1,0,0.70416,170.734,184.125,34.0312,98.625,1,0,0.5,0.5,0
4673398,3276,1,1,0,0.708213,171.703,183.695,34.9688,96.6094,0,0,0.5,0.5,0
4679466,3276,1,1,0,0.790206,171.312,189.109,33.125,86.4062,1,0,0.5,0.5,0
4683657,3275,1,1,0,0.794704,171.219,186.547,34.625,92.0938,1,0,0.5,0.5,0
4687373,3273,1,1,0,0.803174,171.531,190.133,33.4688,87.2344,0,0,0.5,0.5,0
4691077,3274,1,1,0,0.828105,171.469,184.797,35.9688,96.7188,1,0,0.5,0.5,0
4696054,3272,1,1,0,0.283186,170.82,188.797,36.4531,89.6562,1,0,0.5,0.5,0
4699652,3274,1,1,0,0.808371,171.586,186.094,37.7969,94.9375,0,0,0.5,0.5,0
4703526,3276,1,1,0,0.677047,171.844,189.031,36.9375,89.3125,1,0,0.5,0.5,0
4707523,3276,1,1,0,0.858004,171.703,185.812,39.0938,96.4375,1,-1,0.5,0.5,0
4713006,3275,1,1,0,0.596433,171.57,189.734,39.3906,88.7812,1,0,0.5,0.5,0
4716798,3273,1,1,0,0.846706,171.133,186.891,40.9531,94.4062,0,0,0.5,0.5,0
4722705,3276,1,1,0,0.712233,171.875,192.078,42.1875,85.8438,1,0,0.5,0.5,0
4727195,3276,1,1,0,0.876425,171.367,186.781,43.6094,98.25,1,0,0.5,0.5,0
4730507,3278,1,1,0,0.72448,172.281,192.656,47.125,89.1875,0,0,0.5,0.5,0
4735852,3278,1,1,0,0.498535,171.922,193.188,47.4375,87.5,1,0,0.5,0.5,0
4739731,3272,1,1,0,0.817283,172.344,193.594,48.3125,87.5625,1,0,0.5,0.5,0
4743549,3278,1,1,0,0.851211,171.852,187.938,52.0781,101.625,1,0,0.5,0.5,0
4749510,3276,1,1,0,0.679178,171.75,192.797,50,89.0938,0,0,0.5,0.5,0
4753711,3276,1,1,0,0.608594,169.688,187.703,53.625,100.281,1,0,0.5,0.5,0
4757785,3278,1,1,0,0.805938,169.629,187.766,56.3203,100.844,1,0,0.5,0.5,0
4762949,3277,1,1,0,0.797241,171.41,191.453,52.8203,92.1562,0,0,0.5,0.5,0
4767036,3275,1,1,0,0.692642,172.516,190.781,55.5938,93.3125,1,0,0.5,0.5,0
4773166,3277,1,1,0,0.892749,171.82,187.891,55.8906,100.219,1,0,0.5,0.5,0
4776870,3276,1,1,0,0.819605,172.453,187.594,57.7812,98.8125,1,0,0.5,0.5,0
4780259,3274,1,1,0,0.851211,172.191,187.281,62.4922,101.688,0,0,0.5,0.5,0
4786081,3279,1,1,0,0.843124,171.922,187.484,61.9688,99.8438,1,0,0.5,0.5,0
4789766,3275,1,1,0,0.82699,170.422,186.969,64.5312,101.312,1,0,0.5,0.5,0
4793729,3274,1,1,0,0.816113,169.664,185.758,64.8281,98.9844,0,0,0.5,0.5,0
4799653,3276,1,1,0,0.819027,169.523,185.961,65.1406,98.8281,1,0,0.5,0.5,0
4803102,3274,1,1,0,0.811079,168.422,186.578,67.5938,99.8438,0,0,0.5,0.5,0
4807091,3269,1,1,0,0.717012,167.609,185.562,66.2188,96.875,1,0,0.5,0.5,0
4813116,3273,1,1,0,0.725648,167.656,186.297,69.4375,99.1562,0,0,0.5,0.5,0
4816611,3276,1,1,0,0.847212,167.477,186.438,71.0781,101.125,1,0,0.5,0.5,0
4822850,3270,1,1,0,0.814644,167.172,186.156,69.0938,98.625,0,0,0.5,0.5,0
4827082,3275,1,1,0,0.387227,167.703,185.953,68.4062,99.5312,0,0,0.5,0.5,0
4832889,3275,1,1,0,0.807461,169.664,185.219,62.7031,100.188,1,0,0.5,0.5,0
4836988,3276,1,1,0,0.768731,168.953,183.828,65.2812,97.5938,1,0,0.5,0.5,0
4842723,3273,1,1,0,0.84364,168.844,184.094,66.4375,100.688,0,-1,0.5,0.5,0
4846862,3274,1,1,0,0.762775,169.375,184.953,68.5,102.656,0,0,0.5,0.5,0
4853367,3272,1,1,0,0.811677,169.18,184.922,65.3906,100.094,1,0,0.5,0.5,0
4856975,3264,1,1,0,0.74651,169.43,187.031,65.7656,101.688,0,0,0.5,0.5,0
4860731,3272,1,1,0,0.827548,169.531,187.375,64.25,101.5,1,0,0.5,0.5,0
4866280,3276,1,1,0,0.368859,169.977,187.438,63.6719,102.5,0,0,0.5,0.5,0
4869813,3269,1,1,0,0.801936,170.508,186.906,63.5469,100.938,1,0,0.5,0.5,0
4873821,3272,1,1,0,0.678754,169.547,186.578,60.9062,101.594,1,0,0.5,0.5,0
4877974,3276,1,1,0,0.851705,171.07,186.109,63.7344,101.719,0,0,0.5,0.5,0
4882965,3277,1,1,0,0.860835,170.914,186.141,62.7031,103.531,1,0,0.5,0.5,0
4887024,3274,1,1,0,0.835215,171.281,186.016,62.9375,102.656,0,0,0.5,0.5,0
4890656,3275,1,1,0,0.842087,172.07,185.688,63.5469,102.625,1,0,0.5,0.5,0
4894820,3276,1,1,0,0.849223,172.344,185.281,62.4375,101.812,1,0,0.5,0.5,0
4900001,3273,1,1,0,0.787604,172.945,184.922,61.6719,102.969,1,-1,0.5,0.5,0
4904069,3274,1,1,0,0.774924,173.062,184.586,60.875,101.422,0,0,0.5,0.5,0
4909693,3286,1,1,0,0.761004,174.484,184.344,57.2188,99.8125,1,0,0.5,0.5,0
4913673,3276,1,1,0,0.275325,173.781,186,60.5625,104.5,2,0,0.5,0.5,0
4917605,3274,1,1,0,0.821903,175.211,186.156,58.1406,103.812,0,0,0.5,0.5,0
4923187,3271,1,1,0,0.808673,176.102,185.484,57.0469,102.469,1,0,0.5,0.5,0
4927011,3271,1,1,0,0.519034,176.578,186.391,51.5312,102.594,2,0,0.5,0.5,0
4931408,3273,1,1,0,0.750553,178.477,184.938,50.0469,102.5,1,0,0.5,0.5,0
4936528,3272,1,1,0,0.791821,178.742,184.734,48.8594,100.594,1,0,0.5,0.5,0
4941164,3272,1,1,0,0.80038,178.766,184.812,49.8438,100.375,2,0,0.5,0.5,0
4944687,3266,1,1,0,0.639285,178.773,184.938,45.6719,97.625,1,0,0.5,0.5,0
4949873,3274,1,1,0,0.680454,178.336,184.734,43.9531,100.656,2,-1,0.5,0.5,0
4954446,3272,1,1,0,0.419172,178.797,181.773,43.9062,99.5469,1,0,0.5,0.5,0
4960187,3272,1,1,0,0.715424,177.203,183.711,43.2188,100.953,2,0,0.5,0.5,0
4963692,3268,1,1,0,0.806549,176.098,185.516,44.6328,101.844,1,0,0.5,0.5,0
4967923,3277,1,1,0,0.577972,176.43,185.688,41.3281,92.125,1,0,0.5,0.5,0
4973131,3270,1,1,0,0.7398,175.199,184.531,43.2109,101.188,1,0,0.5,0.5,0
4977040,3273,1,1,0,0.795022,175.309,182.875,41.4766,99.125,2,0,0.5,0.5,0
4980472,3270,1,1,0,0.805938,176.02,182.234,42.1484,99.3438,1,0,0.5,0.5,0
4984671,3278,1,1,0,0.79534,175.152,182.906,39.5234,100.688,1,0,0.5,0.5,0
4989237,3273,1,1,0,0.768731,173.953,182.797,39.3438,97.4062,1,0,0.5,0.5,0
4993267,3271,1,1,0,0.805938,173.047,182.953,39.0938,99.5312,1,-1,0.5,0.5,0
4997010,3276,1,1,0,0.798501,173.5,182.648,40.7188,100.547,1,0,0.5,0.5,0
5000516,3269,1,1,0,0.694717,173.492,182.648,38.2344,97.9531,1,0,0.5,0.5,0
5004272,3097,1,1,0,0.75274,173.16,182.688,38.8359,99.3125,2,0,0.5,0.5,0
5009364,2487,1,1,0,0.779993,172.484,182.031,38,97.6875,0,0,0.5,0.5,0
5013337,2486,1,1,0,0.832508,172.211,182.156,38.0469,99.1875,1,0,0.5,0.5,0
5017783,2483,1,1,0,0.600657,171.828,184.727,36.5625,92.1719,1,0,0.5,0.5,0
5024182,2483,1,1,0,0.678754,172.688,182.031,36.3438,96.1875,1,0,0.5,0.5,0
5028177,2485,1,1,0,0.542863,171.891,185.797,36.0625,86.1562,1,0,0.5,0.5,0
5032419,2482,1,1,0,0.605332,171.797,182.102,35,91.7031,1,0,0.5,0.5,0
5037845,2483,1,1,0,0.586049,172.469,183.445,36.25,88.3594,0,-1,0.5,0.5,0
5044122,2485,1,1,0,0.728748,172.039,183.281,36.6406,91.1875,1,0,0.5,0.5,0
5047801,2489,1,1,0,0.805327,171.473,181.047,36.8984,96.0312,1,0,0.5,0.5,0
5051908,2481,1,1,0,0.821903,172.594,181.984,37.1875,99.2188,1,0,0.5,0.5,0
5057962,2484,1,1,0,0.801315,172.383,182.242,37.0781,99.4844,1,0,0.5,0.5,0
5061853,2485,1,1,0,0.803174,172.398,182.281,37.4219,98.6875,1,0,0.5,0.5,0
5065730,2483,1,1,0,0.839472,173.148,183.406,34.9844,98.8125,0,0,0.5,0.5,0
5070769,2484,1,1,0,0.803483,172.711,183.578,35.2344,99.3438,1,0,0.5,0.5,0
5075391,2484,1,1,0,0.792785,172.688,184.5,35.75,97.25,2,0,0.5,0.5,0
5080490,2482,1,1,0,0.785637,173.312,188.117,33.4062,89.8906,0,0,0.5,0.5,0
5084175,2484,1,1,0,0.815233,172.621,183.492,37.3203,94.2344,1,0,0.5,0.5,0
5088532,2480,1,1,0,0.403097,171.473,190.812,31.9609,83.625,1,0,0.5,0.5,0
5094195,2481,1,1,0,0.695131,171.562,190.047,32.8438,83.4688,1,0,0.5,0.5,0
5097808,2482,1,1,0,0.296247,170.863,189.75,30.5391,78.125,0,0,0.5,0.5,0
5103665,2485,1,1,0,0.377541,170.898,190.148,33.2969,80.7031,1,0,0.5,0.5,0
5107786,2484,1,1,0,0.382142,171.188,193.859,35.7812,88.2188,1,0,0.5,0.5,0
5111437,2484,1,1,0,0.637933,172.816,192.789,33.7734,91.3281,1,0,0.5,0.5,0
5115308,2481,1,1,0,0.427277,172.383,191.641,34.1406,84.5312,1,0,0.5,0.5,0
5120398,2483,1,1,0,0.70253,167.113,193.633,28.4453,83.2344,0,0,0.5,0.5,0
5124091,2485,1,1,0,0.38769,169.363,194.156,33.8672,87.0625,1,0,0.5,0.5,0
5130436,2483,1,1,0,0.382142,171.289,193.922,33.6406,87.5938,0,0,0.5,0.5,0
5134304,2481,1,1,0,0.613237,172.219,191.773,33.125,86.0469,1,0,0.5,0.5,0
5138296,2481,1,1,0,0.327239,173.406,188.484,34.4062,86.3438,1,0,0.5,0.5,0
5144267,2483,1,1,0,0.713831,174.062,188.422,32.4375,95.5312,1,0,0.5,0.5,0
5147895,2481,1,1,0,0.777976,173.062,188.453,33.1562,97.4688,1,0,0.5,0.5,0
5151817,2491,1,1,0,0.760293,173.039,193.102,34.6719,88.7969,1,0,0.5,0.5,0
5157794,2484,1,1,0,0.770808,173.012,187.484,34.0703,97.2188,0,0,0.5,0.5,0
5161051,2483,1,1,0,0.653569,172.367,193.953,33.2969,85.2188,2,0,0.5,0.5,0
5167877,2483,1,1,0,0.667581,171.477,195.141,34.8281,86.2188,0,0,0.5,0.5,0
5171597,2483,1,1,0,0.509764,173.016,195.562,35.9062,84.625,1,0,0.5,0.5,0
5177094,2483,1,1,0,0.390011,171.68,194.43,37.2344,86.9844,1,0,0.5,0.5,0
5180951,2482,1,1,0,0.520984,171.844,193.547,38.4375,81.3438,1,0,0.5,0.5,0
5184840,2484,1,1,0,0.49707,171.766,193.5,39.0312,82.875,0,0,0.5,0.5,0
5191173,2482,1,1,0,0.561215,171.34,194.32,41.4297,87.6094,1,0,0.5,0.5,0
5195040,2482,1,1,0,0.726037,171.586,194.234,44.5469,85.0312,1,0,0.5,0.5,0
5200471,2482,1,1,0,0.29462,171.516,193.992,43.375,85.1094,1,0,0.5,0.5,0
5204739,2482,1,1,0,0.418221,172.141,192.719,41.875,82.5625,0,0,0.5,0.5,0
5210823,2483,1,1,0,0.705785,172.887,192.828,49.8984,83.8438,1,0,0.5,0.5,0
5214753,2481,1,1,0,0.533641,172.242,192.445,51.9219,87.8906,1,0,0.5,0.5,0
5220496,2482,1,1,0,0.771153,172.059,194.938,55.4297,87.4375,1,0,0.5,0.5,0
5224261,2487,1,1,0,0.449392,179.543,193.797,39.1641,86.6562,2,0,0.5,0.5,0
5228261,2482,1,1,0,0.370908,172.617,193.352,57.5156,90.8281,0,0,0.5,0.5,0
5232685,2482,1,1,0,0.45181,171.086,189.117,58.1406,97.8594,1,0,0.5,0.5,0
5237646,2483,1,1,0,0.799129,168.648,195.094,62.2969,90.1875,1,0,0.5,0.5,0
5241402,2482,1,1,0,0.791821,170.375,194.344,56.625,89.8125,0,0,0.5,0.5,0
5245335,2491,1,1,0,0.767687,168.859,194.695,64.0312,93.8594,1,0,0.5,0.5,0
5250968,2482,1,1,0,0.67147,168.539,194.25,60.4531,93.125,0,0,0.5,0.5,0
5254570,2483,1,1,0,0.671039,170.977,194.578,57.4531,92.9062,1,0,0.5,0.5,0
5258386,2485,1,1,0,0.783657,169.516,188.984,61.4688,106.281,1,0,0.5,0.5,0
5262408,2482,1,1,0,0.755636,168.375,188.531,66,103.438,0,0,0.5,0.5,0
5267370,2480,1,1,0,0.501465,169.625,190,59.5,97.375,1,0,0.5,0.5,0
5271195,2483,1,1,0,0.829214,168.922,188.312,63.9062,104.625,0,0,0.5,0.5,0
5275195,2482,1,1,0,0.675764,168.484,189.289,70.4688,96.9219,1,0,0.5,0.5,0
5278709,2482,1,1,0,0.725648,170.578,189.828,60.1562,93.9062,0,0,0.5,0.5,0
5284504,2485,1,1,0,0.807157,170.172,191.078,63.2812,91.9062,1,0,0.5,0.5,0
5290792,2481,1,1,0,0.857527,171.031,186.906,64.9375,103.812,1,0,0.5,0.5,0
5295066,2483,1,1,0,0.805327,170.875,186.734,66.5625,103.031,0,0,0.5,0.5,0
5301140,2485,1,1,0,0.750187,170.203,186.844,64.5938,100.812,1,0,0.5,0.5,0
5304875,2485,1,1,0,0.848722,170.773,186.312,64.3906,102.875,1,0,0.5,0.5,0
5311157,2482,1,1,0,0.85657,171.031,186.203,67.6875,103.906,0,0,0.5,0.5,0
5315018,2484,1,1,0,0.734882,169.469,187.141,65.3125,100.719,1,0,0.5,0.5,0
5320998,2484,1,1,0,0.855126,169.086,185.875,65.6719,103.25,0,0,0.5,0.5,0
5325256,2481,1,1,0,0.805633,169.039,193.172,65.5469,92.9688,1,0,0.5,0.5,0
5330859,2483,1,1,0,0.686791,170.758,187.656,62.0469,103.562,0,0,0.5,0.5,0
5334915,2483,1,1,0,0.796292,172.461,191.719,58.3594,92.9375,1,0,0.5,0.5,0
5338957,2484,1,1,0,0.770463,172.297,191.625,58.4688,95.125,1,0,0.5,0.5,0
5344671,2484,1,1,0,0.742423,173.328,192.398,57.4062,91.7031,1,0,0.5,0.5,0
5348022,2483,1,1,0,0.370908,172.25,189.781,55.6875,96.5625,1,0,0.5,0.5,0
5351556,2483,1,1,0,0.521471,172.555,191.375,54.4219,94,0,0,0.5,0.5,0
5355407,2483,1,1,0,0.592195,172.211,192.625,54.3281,93,1,0,0.5,0.5,0
5361282,2482,1,1,0,0.861302,171.977,192.656,54.3594,90.9375,1,0,0.5,0.5,0
5364873,2482,1,1,0,0.78695,173.242,186.859,54.0781,102.656,1,0,0.5,0.5,0
5369217,2484,1,1,0,0.829767,173.992,187.102,53.2344,102.703,1,0,0.5,0.5,0
5374407,2484,1,1,0,0.795022,174.125,186.766,51,98.6562,1,0,0.5,0.5,0
5378464,2482,1,1,0,0.797241,173.098,192.141,47.9453,90.3438,0,0,0.5,0.5,0
5382114,2481,1,1,0,0.64646,173.234,192.203,44.3438,88.7188,2,0,0.5,0.5,0
5386124,2483,1,1,0,0.764889,172.383,192.188,42.3906,87.375,0,0,0.5,0.5,0
5391168,2481,1,1,0,0.676192,174.57,191.156,44.1094,89.0625,2,0,0.5,0.5,0
5394696,2485,1,1,0,0.758151,173.25,190.797,44.375,85.8438,0,0,0.5,0.5,0
5398873,2486,1,1,0,0.478041,174.383,189.555,43.4219,90.7344,1,0,0.5,0.5,0
5404469,2482,1,1,0,0.326594,174.109,190.078,41.9062,87.4062,1,0,0.5,0.5,0
5408072,2484,1,1,0,0.597373,174.484,189.797,40.1562,88.6562,2,0,0.5,0.5,0
5411958,2486,1,1,0,0.582254,174.625,189.742,41.375,90.2344,0,0,0.5,0.5,0
5417909,2483,1,1,0,0.640185,174.836,189.523,41.4219,91.2969,1,0,0.5,0.5,0
5421724,2483,1,1,0,0.670176,174.926,189.602,40.2266,89.2969,2,0,0.5,0.5,0
5425485,2479,1,1,0,0.26569,174.488,190.484,38.6328,90.2812,1,0,0.5,0.5,0
5431163,2485,1,1,0,0.681303,175.453,189.609,37.2812,90.1562,0,0,0.5,0.5,0
5435022,2484,1,1,0,0.628408,174.02,189.617,36.2891,90.1406,2,0,0.5,0.5,0
5439053,2484,1,1,0,0.688888,174.062,190.133,32.125,88.8594,1,0,0.5,0.5,0
5444504,2484,1,1,0,0.74614,176.723,188.953,33.6172,92.4062,1,0,0.5,0.5,0
5448230,2486,1,1,0,0.396068,174.629,189.875,39.0703,91.25,1,0,0.5,0.5,0
5451953,2481,1,1,0,0.814938,172.781,192.766,46.1875,89.4688,1,0,0.5,0.5,0
5455715,2480,1,1,0,0.793426,172.188,193.188,55.9375,87.9375,1,0,0.5,0.5,0
5461638,2485,1,1,0,0.765591,170.43,194.969,57.9844,84.5,1,0,0.5,0.5,0
5465180,2480,1,1,0,0.593138,164.172,192.562,58.3438,88.375,0,0,0.5,0.5,0
5468758,2482,1,1,0,0.309858,175.352,193.953,24.7812,79.9688,1,0,0.5,0.5,0
5472855,2482,1,1,0,0.252015,164.953,191.359,44.6562,84.2188,0,0,0.5,0.5,0
5477954,2484,1,1,0,0.71423,173.066,182.672,37.5234,102.594,1,0,0.5,0.5,0
5482128,2480,1,1,0,0.410638,171.508,183.984,37.5156,100.906,1,0,0.5,0.5,0
5486006,2485,1,1,0,0.510253,171.371,187.156,37.3203,96.6875,1,0,0.5,0.5,0
5491360,2483,1,1,0,0.329392,171.969,188.164,35.6875,88.6719,0,0,0.5,0.5,0
5495174,2483,1,1,0,0.328099,169.82,189.219,35.4219,91.5625,1,0,0.5,0.5,0
5499663,2480,1,1,0,0.343781,166.633,189.906,37.5781,91.4375,1,0,0.5,0.5,0
5504975,2482,1,1,0,0.481454,166.52,189.938,37.9609,91.75,0,0,0.5,0.5,0
5508780,2485,1,1,0,0.426322,165.922,189.344,34.2812,87.75,0,0,0.5,0.5,0
5512813,2483,1,1,0,0.570331,163.789,189.531,38.9531,89.6875,0,0,0.5,0.5,0
5518669,2483,1,1,0,0.736781,163.754,188.953,39.7109,90.9688,0,0,0.5,0.5,0
5522187,2481,1,1,0,0.773215,163.281,189.773,40.1562,88.7031,1,0,0.5,0.5,0
5528056,2484,1,1,0,0.732974,163.164,185.5,41.3281,99.25,0,0,0.5,0.5,0
5531922,2481,1,1,0,0.474144,163.156,191.484,41.5312,87.0312,0,0,0.5,0.5,0
5535706,2485,1,1,0,0.726813,162.133,189.219,39.8281,89.4375,0,0,0.5,0.5,0
5539889,2487,1,1,0,0.761359,161.316,186.258,43.1484,99.0156,0,0,0.5,0.5,0
5545270,2485,1,1,0,0.760648,162.09,185.375,42.9922,100,0,0,0.5,0.5,0
5548780,2484,1,1,0,0.372733,161.164,192.219,45.0156,86.3125,0,0,0.5,0.5,0
5554633,2487,1,1,0,0.382142,159.027,191.984,48.9922,86.9062,0,0,0.5,0.5,0
5561450,2483,1,1,0,0.261896,158.812,192.688,50.125,85.6875,0,0,0.5,0.5,0
5565239,2480,1,1,0,0.437343,157.188,192.727,55.6875,86.8281,0,0,0.5,0.5,0
5568863,2479,1,1,0,0.31405,157.867,192.664,55.7344,87.5781,0,0,0.5,0.5,0
5572945,2481,1,1,0,0.272025,159.047,192.266,61.0312,86.5938,0,0,0.5,0.5,0
5578427,2483,1,1,0,0.66888,158.273,192.281,59.0781,87.0625,0,0,0.5,0.5,0
5582277,2484,1,1,0,0.646906,158.199,191.422,61.4766,86.7188,0,0,0.5,0.5,0
5588259,2484,1,1,0,0.744657,155.469,186.602,60.1875,93.4531,0,0,0.5,0.5,0
5592058,2483,1,1,0,0.558808,155.594,186.711,57.6875,85.1406,0,0,0.5,0.5,0
5595950,2482,1,1,0,0.639285,154.305,185.055,60.0781,89.8594,0,0,0.5,0.5,0
5602018,2487,1,1,0,0.620162,153.914,182.516,64.8594,92.1562,-1,0,0.5,0.5,0
5606676,2480,1,1,0,0.558327,151.094,184.688,72.5625,88.625,0,0,0.5,0.5,0
5613398,2484,1,1,0,0.839472,152.547,183.352,67.9062,90.8281,0,0,0.5,0.5,0
5619305,2484,1,1,0,0.800068,154.391,183.547,65.7812,91.0938,0,0,0.5,0.5,0
5623164,2484,1,1,0,0.720958,152.719,184.5,65.875,85.125,-1,0,0.5,0.5,0
5627171,2485,1,1,0,0.793426,152.172,184.336,65.5312,94.1719,0,0,0.5,0.5,0
5631340,2482,1,1,0,0.713033,150.578,184.094,70.5312,94.5625,-1,0,0.5,0.5,0
5636375,2482,1,1,0,0.831963,155.18,185.18,70.8594,97.8594,0,0,0.5,0.5,0
5640462,2486,1,1,0,0.802246,153.406,188.922,72.875,89.3438,0,0,0.5,0.5,0
5646359,2486,1,1,0,0.84364,154.625,185.938,75.3125,99.4375,0,0,0.5,0.5,0
5649924,2482,1,1,0,0.692642,156.266,192.195,73.9062,86.2656,0,0,0.5,0.5,0
5653971,2482,1,1,0,0.480479,154.25,186.516,76.375,98.2812,-1,0,0.5,0.5,0
5657941,2480,1,1,0,0.495606,153.984,190.836,77.9688,91.0469,0,0,0.5,0.5,0
5664512,2481,1,1,0,0.718594,154.117,190.656,74.3594,90.3125,0,0,0.5,0.5,0
5669956,2484,1,1,0,0.466359,156.133,186.891,74.8594,99.1562,0,0,0.5,0.5,0
5673678,2482,1,1,0,0.797872,154.328,191.578,75.2188,88.1562,-1,0,0.5,0.5,0
5679739,2483,1,1,0,0.315946,154.016,188.086,75.0938,96.1719,0,0,0.5,0.5,0
5686343,2482,1,1,0,0.761004,154.828,188.391,74.3438,96.4062,0,0,0.5,0.5,0
5690237,2484,1,1,0,0.414425,154.016,190.625,73.9062,91.125,0,0,0.5,0.5,0
5694121,2483,1,1,0,0.307982,154.203,186.289,72.3438,98.8281,0,0,0.5,0.5,0
5699780,2483,1,1,0,0.275715,153.688,191.125,74.3125,90.25,-1,0,0.5,0.5,0
5703810,2486,1,1,0,0.316157,153.047,190.945,73.2812,90.1406,0,0,0.5,0.5,0
5707951,2483,1,1,0,0.31405,151.906,191.836,73.5625,87.7969,0,0,0.5,0.5,0
5712026,2483,1,1,0,0.768383,152.203,191.953,71.0938,87.9688,-1,0,0.5,0.5,0
5716743,2485,1,1,0,0.816991,152.43,192.047,72.0156,89.3438,0,0,0.5,0.5,0
5720443,2482,1,1,0,0.729905,151.562,190.188,69.25,92.125,0,0,0.5,0.5,0
5724336,2482,1,1,0,0.611382,152.609,190.875,68.0938,89.75,-1,0,0.5,0.5,0
5729910,2487,1,1,0,0.841567,151.836,191.047,69.0156,89.5938,0,0,0.5,0.5,0
5736537,2483,1,1,0,0.838416,151.164,191.234,67.2969,88.2188,-1,0,0.5,0.5,0
5740121,2493,1,1,0,0.803791,150.418,187.078,66.5859,98.1562,0,0,0.5,0.5,0
5743946,2488,1,1,0,0.815233,149.91,186.031,65.6328,100.688,-1,0,0.5,0.5,0
5749997,2486,1,1,0,0.79534,149.828,186,65.4688,100.75,0,0,0.5,0.5,0
5754232,2482,1,1,0,0.755996,149.211,185.938,65.7031,102.5,-1,0,0.5,0.5,0
5757689,2484,1,1,0,0.790853,148.797,185.562,64.0312,100.625,0,0,0.5,0.5,0
5763821,2486,1,1,0,0.703346,147.59,184.297,62.1797,99.9062,-1,0,0.5,0.5,0
5769897,2481,1,1,0,0.789882,146.773,186.109,61.7344,97.4688,-1,0,0.5,0.5,0
5774124,2485,1,1,0,0.480479,145.922,190.32,59.8438,89.7656,-1,0,0.5,0.5,0
5777710,2484,1,1,0,0.517083,145.336,187.578,59.5469,94.0938,-1,0,0.5,0.5,0
5783183,2483,1,1,0,0.828105,144.398,188.625,60.8281,88.875,-1,0,0.5,0.5,0
5787060,2486,1,1,0,0.762422,144.617,188.953,58.7344,88.2812,-1,0,0.5,0.5,0
5790787,2482,1,1,0,0.811079,144.469,188.945,58.3125,89.1406,-1,0,0.5,0.5,0
5794922,2482,1,1,0,0.790206,143.68,189.719,59.4531,88.3125,-1,0,0.5,0.5,0
5800320,2486,1,1,0,0.675764,145.031,186.781,55.8125,97.9375,-1,0,0.5,0.5,0
5803942,2484,1,1,0,0.808371,146.023,187.438,53.5469,93.375,-1,0,0.5,0.5,0
5810433,2486,1,1,0,0.792785,145.852,186.766,51.3594,93.5938,-1,0,0.5,0.5,0
5814073,2485,1,1,0,0.851705,144.43,185.688,50.4844,95.9375,-1,0,0.5,0.5,0
5818236,2480,1,1,0,0.784979,143.297,183.531,46.4688,101.312,-1,0,0.5,0.5,0
5824162,2483,1,1,0,0.763128,143.465,183.539,46.0078,101.672,-2,0,0.5,0.5,0
5830054,2480,1,1,0,0.74872,143.918,182.906,44.8516,99.6875,-1,0,0.5,0.5,0
5834029,2483,1,1,0,0.817283,143.211,183.031,44.4219,100.188,-1,0,0.5,0.5,0
5838086,2484,1,1,0,0.82866,144.004,186.422,40.7422,93.5938,-1,-1,0.5,0.5,0
5843665,2484,1,1,0,0.790206,143.152,186.82,40.5078,91.3906,-2,0,0.5,0.5,0
5849966,2485,1,1,0,0.687211,144.938,187.617,36.3125,84.3906,0,0,0.5,0.5,0
5853784,2486,1,1,0,0.61231,145.359,191.25,33.4062,83,-2,0,0.5,0.5,0
5857655,2485,1,1,0,0.778986,144.422,184.156,35.4062,101.188,-1,0,0.5,0.5,0
5861742,2484,1,1,0,0.654454,144.168,184.719,32.3516,83.8125,-1,0,0.5,0.5,0
5867069,2485,1,1,0,0.704567,145.219,184.93,35.25,95.3594,-1,0,0.5,0.5,0
5871528,2484,1,1,0,0.654454,144.734,185.305,34.1875,84.3906,-2,0,0.5,0.5,0
5875255,2485,1,1,0,0.693888,144.578,184.281,33.625,81.5625,-1,0,0.5,0.5,0
5880186,2483,1,1,0,0.707405,144.719,180.75,33.75,86.875,-1,0,0.5,0.5,0
5883753,2485,1,1,0,0.787931,146.52,186.508,33.8203,88.5469,-1,0,0.5,0.5,0
5887750,2483,1,1,0,0.790853,145.785,186.641,36.0703,95.4688,-1,0,0.5,0.5,0
5893941,2484,1,1,0,0.749821,146.309,188.062,34.5391,90.875,-1,0,0.5,0.5,0
5898066,2485,1,1,0,0.734501,147.414,184.391,36.1094,101.031,-1,0,0.5,0.5,0
5903798,2490,1,1,0,0.80038,147.562,188.508,31.7812,89.9844,-1,0,0.5,0.5,0
5907786,2484,1,1,0,0.611382,147.023,183.836,36.6406,96.5469,-1,0,0.5,0.5,0
5911918,2485,1,1,0,0.577019,148.18,187.172,32.9219,91.1562,-1,0,0.5,0.5,0
5916654,2483,1,1,0,0.567457,148.031,185.25,34.5625,96.75,-1,0,0.5,0.5,0
5920667,2482,1,1,0,0.277669,148.246,187.297,34.1328,93.1562,0,0,0.5,0.5,0
5924494,2484,1,1,0,0.362743,147.402,185.484,34.9766,86.7188,-2,0,0.5,0.5,0
5930213,2484,1,1,0,0.514644,147.648,186.242,34.3594,87.3906,0,0,0.5,0.5,0
5933952,2482,1,1,0,0.601594,147.871,185.961,34.3828,92.8281,-1,0,0.5,0.5,0
5937338,2483,1,1,0,0.349088,149.84,188.719,32.1797,86.0625,-1,0,0.5,0.5,0
5941058,2485,1,1,0,0.499512,149.367,188.164,32.8906,87.5781,-1,0,0.5,0.5,0
5944916,2483,1,1,0,0.74614,149.453,187.688,34.4688,90.625,0,0,0.5,0.5,0
5950972,2485,1,1,0,0.524882,149.398,188.188,33.7656,88.625,-1,0,0.5,0.5,0
5954558,2485,1,1,0,0.693473,149.34,185.273,35.4766,94.5469,-1,0,0.5,0.5,0
5957942,2483,1,1,0,0.817868,149.367,185.414,33.5781,94.9219,0,0,0.5,0.5,0
5961963,2484,1,1,0,0.796609,148.859,185.359,34.375,95.2188,-1,0,0.5,0.5,0
5967483,2486,1,1,0,0.72952,148.465,183.422,36.0391,97.5938,-1,-1,0.5,0.5,0
5971020,2483,1,1,0,0.781664,148.629,183.398,33.8203,101.047,-1,0,0.5,0.5,0
5977281,2485,1,1,0,0.760293,148.719,183.32,34.7812,101.109,0,0,0.5,0.5,0
5983889,2485,1,1,0,0.520009,149.312,184.32,36.875,97.4844,-1,0,0.5,0.5,0
5987995,2484,1,1,0,0.695545,148.57,184.203,35.0781,99.0938,-1,0,0.5,0.5,0
5992191,2484,1,1,0,0.383064,147.781,184.555,35.7188,93.8906,-1,0,0.5,0.5,0
5997837,2486,1,1,0,0.269518,147.246,185.914,36.3672,93.4219,0,0,0.5,0.5,0
6001488,2486,1,1,0,0.346431,148.285,191.312,34.9141,88.875,-1,0,0.5,0.5,0
6007661,2485,1,1,0,0.382603,147.355,187.844,35.1016,81.1875,-1,0,0.5,0.5,0
6011889,2483,1,1,0,0.464415,147.109,187.688,35.0312,76.25,-1,0,0.5,0.5,0
6016585,2483,1,1,0,0.609524,147.109,192.094,36,88.9375,-1,0,0.5,0.5,0
6021204,2485,1,1,0,0.499023,147.258,192.344,34.9531,85.5,0,0,0.5,0.5,0
6024915,2486,1,1,0,0.360039,147.293,189.719,35.0391,80.75,-1,0,0.5,0.5,0
6031100,2485,1,1,0,0.693473,148.875,192.547,39.0625,86.4062,-1,0,0.5,0.5,0
6035700,2483,1,1,0,0.586049,146.844,191.156,38.1562,86.4375,-1,0,0.5,0.5,0
6041717,2486,1,1,0,0.663669,146.012,188,39.6016,96.5,-1,0,0.5,0.5,0
6045476,2483,1,1,0,0.690559,146.715,188.859,38.4766,79.2812,-1,0,0.5,0.5,0
6049108,2486,1,1,0,0.753103,147.672,187.422,40.9062,97.8438,-1,0,0.5,0.5,0
6053062,2484,1,1,0,0.660173,147.605,187.141,39.8828,96.0938,0,0,0.5,0.5,0
6056992,2484,1,1,0,0.745029,147.926,184.328,38.8828,93.0312,-1,0,0.5,0.5,0
6062963,2483,1,1,0,0.388154,148.68,184.398,40.5781,89.2031,-1,0,0.5,0.5,0
6069193,2483,1,1,0,0.570331,146.527,189.797,35.9609,75.7812,-1,0,0.5,0.5,0
6073035,2485,1,1,0,0.600188,147.719,184.734,39.75,88.3438,-1,0,0.5,0.5,0
6076877,2482,1,1,0,0.34798,149.766,190.25,37.5625,86.5,0,0,0.5,0.5,0
6081929,2485,1,1,0,0.402157,146.25,187.352,41.4688,85.2031,-2,0,0.5,0.5,0
6085916,2481,1,1,0,0.587943,147.688,187.383,39.6562,87.2656,0,0,0.5,0.5,0
6090084,2485,1,1,0,0.669312,146.008,189.867,39.4531,76.9531,-1,0,0.5,0.5,0
6095488,2483,1,1,0,0.401688,147.871,190.539,38.9766,82.3281,-1,0,0.5,0.5,0
6099363,2479,1,1,0,0.340484,146.098,192.602,40.6016,74.6719,-1,0,0.5,0.5,0
6103323,2480,1,1,0,0.620162,145.879,187.984,42.9297,81.0312,-1,0,0.5,0.5,0
6108868,2482,1,1,0,0.415373,148.672,192.422,42.2188,81.1562,-1,0,0.5,0.5,0
6112894,2482,1,1,0,0.38445,147.809,184.086,41.6328,85.9219,-1,0,0.5,0.5,0
6119086,2482,1,1,0,0.277082,148.258,188.328,46.2656,80.8438,0,0,0.5,0.5,0
6123557,2480,1,1,0,0.469277,148.215,183.719,47.8203,91.1875,-1,0,0.5,0.5,0
6127134,2479,1,1,0,0.445047,148.305,183.438,50.4219,91.625,-1,0,0.5,0.5,0
6132305,2480,1,1,0,0.320609,147.469,189.438,50.9375,86.375,-1,0,0.5,0.5,0
6136048,2468,1,0,-1,0,0,0,0,0,0,0,0,0,0
6142084,2484,1,1,0,0.674908,147.32,184.484,54.8281,93.7188,0,0,0.5,0.5,0
6146139,2484,1,1,0,0.260953,147.398,189.25,54.3594,78.5625,-2,0,0.5,0.5,0
6151916,2484,1,1,0,0.347759,146.391,187.352,55.8438,86.4531,-1,0,0.5,0.5,0
6155826,2480,1,1,0,0.297674,156.285,187.688,32.6484,77.8125,0,0,0.5,0.5,0
6159742,2469,1,0,-1,0,0,0,0,0,0,0,0,0,0
6164094,2482,1,1,0,0.252384,155.098,178.188,28.3516,61.3125,0,0,0.5,0.5,0
6169223,2470,1,0,-1,0,0,0,0,0,0,0,0,0,0
6173077,2469,1,0,-1,0,0,0,0,0,0,0,0,0,0
6177116,2483,1,1,0,0.26588,153.219,180.828,24.5781,63.1562,0,0,0.5,0.5,0
6181757,2471,1,0,-1,0,0,0,0,0,0,0,0,0,0
6186534,2479,1,1,0,0.285172,143.57,179.125,43.6094,67.5625,-1,0,0.5,0.5,0
6190838,2467,1,0,-1,0,0,0,0,0,0,0,0,0,0
6196443,2488,1,1,0,0.257951,148.883,181.672,26.5156,65.5312,0,0,0.5,0.5,0
6202866,2471,1,0,-1,0,0,0,0,0,0,0,0,0,0
6206435,2468,1,0,-1,0,0,0,0,0,0,0,0,0,0
6210450,2469,1,0,-1,0,0,0,0,0,0,0,0,0,0
6213809,2482,1,1,0,0.30301,143.531,190.086,67.25,84.0469,-1,0,0.5,0.5,0
6217548,2482,1,1,0,0.33112,143.305,189.531,69.2031,79.4375,-2,0,0.5,0.5,0
6222634,2473,1,0,-1,0,0,0,0,0,0,0,0,0,0
6226768,2485,1,1,0,0.582729,142.852,189.375,68.3906,76.6875,-1,0,0.5,0.5,0
6232728,2484,1,1,0,0.272605,144.539,188.797,65.7344,79.2812,-1,0,0.5,0.5,0
6239094,2486,1,1,0,0.458106,144.789,190.531,67.0469,80.3125,-1,0,0.5,0.5,0
6243053,2483,1,1,0,0.433981,144.219,184.844,68.9375,93.1875,-1,0,0.5,0.5,0
6246756,2484,1,1,0,0.544801,144.797,185.219,72.1562,89.8125,-1,0,0.5,0.5,0
6252847,2470,1,0,-1,0,0,0,0,0,0,0,0,0,0
6256864,2484,1,1,0,0.529263,145.344,193.125,71.8125,85.25,-1,0,0.5,0.5,0
6262388,2483,1,1,0,0.305697,145.273,192.703,75.4531,86.9688,-1,0,0.5,0.5,0
6266014,2484,1,1,0,0.26875,145.297,187.375,73.8438,100.5,-1,0,0.5,0.5,0
6269489,2470,1,0,-1,0,0,0,0,0,0,0,0,0,0
6273289,2485,1,1,0,0.54819,144.898,186.422,69.8281,99.3438,-1,0,0.5,0.5,0
6276819,2469,1,0,-1,0,0,0,0,0,0,0,0,0,0
6282664,2487,1,1,0,0.647798,144.461,186.828,69.9219,100.219,-1,0,0.5,0.5,0
6286456,2481,1,1,0,0.510253,142.492,189.859,70.3594,96.8438,-2,0,0.5,0.5,0
6290313,2479,1,1,0,0.650023,142.449,188.312,68.4766,99.5,-1,0,0.5,0.5,0
6296444,2487,1,1,0,0.259261,143.805,188.406,67.1406,97.8125,0,0,0.5,0.5,0
6300076,2485,1,1,0,0.757075,145.516,186.672,66.0938,97.9062,-2,0,0.5,0.5,0
6303714,2476,1,1,0,0.811677,145.469,187.266,67.6875,101.094,-1,0,0.5,0.5,0
6309873,2480,1,1,0,0.490724,145.57,187.797,66.6406,100.344,-1,0,0.5,0.5,0
6316247,2483,1,1,0,0.300746,146.102,188.836,65.8906,95.7031,0,0,0.5,0.5,0
6320225,2481,1,1,0,0.772873,145.883,189.078,64.0156,97.4062,-2,0,0.5,0.5,0
6323736,2481,1,1,0,0.500977,147.242,190.609,64.5469,93.5312,0,0,0.5,0.5,0
6327808,2491,1,1,0,0.536556,145.07,191.727,60.7344,90.5469,-2,0,0.5,0.5,0
6332802,2484,1,1,0,0.749821,145.156,192.812,58.9375,88.6875,0,0,0.5,0.5,0
6339622,2486,1,1,0,0.518059,145.055,189.828,57.8906,94.9062,-2,0,0.5,0.5,0
6343742,2484,1,1,0,0.765591,145.234,189.609,57.9062,98.2188,-1,0,0.5,0.5,0
6349283,2481,1,1,0,0.574633,145.336,189.844,58.2031,95.8125,-1,0,0.5,0.5,0
6353156,2483,1,1,0,0.704974,146.562,189.391,55.375,96.4688,0,0,0.5,0.5,0
6357649,2485,1,1,0,0.374104,147.555,190.812,53.8281,92.375,-2,0,0.5,0.5,0
6363206,2486,1,1,0,0.670176,145.336,192.258,51.7656,85.2344,-1,0,0.5,0.5,0
6366964,2485,1,1,0,0.697196,144.641,193.125,49.7812,89.4375,-1,0,0.5,0.5,0
6370190,2483,1,1,0,0.800692,144.703,190.336,48.5312,96.5469,-1,0,0.5,0.5,0
6374224,2483,1,1,0,0.712233,144.676,192.5,42.3516,86.375,-1,0,0.5,0.5,0
6380132,2485,1,1,0,0.732974,145.676,191.352,42.6641,91.8281,-1,0,0.5,0.5,0
6384002,2478,1,1,0,0.671039,146.27,191.156,39.0703,86.4375,-1,0,0.5,0.5,0
6388197,2487,1,1,0,0.677474,146.492,193.133,39.9531,85.2344,-1,0,0.5,0.5,0
6393030,2482,1,1,0,0.518059,145.875,190.516,38.1875,89.5312,-1,0,0.5,0.5,0
6398031,2486,1,1,0,0.672761,145.172,192.141,37.0312,85.9688,-1,0,0.5,0.5,0
6403902,2483,1,1,0,0.591723,146.301,192.164,34.5391,87.9531,-1,0,0.5,0.5,0
6409712,2481,1,1,0,0.277473,145.164,191.125,31.4531,76.3125,-1,0,0.5,0.5,0
6413977,2481,1,1,0,0.586996,144.203,191.391,33.1562,85.7188,-2,0,0.5,0.5,0
6419605,2486,1,1,0,0.602997,144.242,191.516,30.2656,87.2188,0,0,0.5,0.5,0
6423282,2481,1,1,0,0.278846,146.047,186.328,27.2188,71.5312,-2,0,0.5,0.5,0
6429470,2484,1,1,0,0.324236,146.707,193.156,38.8047,85.6875,0,0,0.5,0.5,0
6433800,2485,1,1,0,0.512693,143.902,196.359,38.6484,79.7812,-2,0,0.5,0.5,0
6437259,2484,1,1,0,0.601594,144.652,195.094,34.4766,83.0625,-1,0,0.5,0.5,0
6440800,2483,1,1,0,0.751648,142.797,194.336,37.875,82.4531,-2,0,0.5,0.5,0
6446809,2482,1,1,0,0.374561,139.227,193.516,53.0156,88.2812,-1,0,0.5,0.5,0
6451624,2481,1,1,0,0.494141,140.281,191.57,65.4375,91.0156,-2,0,0.5,0.5,0
6457393,2482,1,1,0,0.438785,142.906,192.07,78.9375,87.8906,-1,0,0.5,0.5,0
6461214,2481,1,1,0,0.697608,154.375,189.969,70.875,94.25,0,0,0.5,0.5,0
6466802,2484,1,1,0,0.769425,150.094,193.117,49.8125,88.6094,-1,0,0.5,0.5,0
6470213,2484,1,1,0,0.254045,149.414,192.289,32.4219,89.0781,0,0,0.5,0.5,0
6476554,2487,1,1,0,0.449876,150.555,192.891,35.2969,90.2812,-1,0,0.5,0.5,0
6481194,2495,1,1,0,0.533155,150.969,193.453,40.125,85.9062,-1,0,0.5,0.5,0
6487198,2486,1,1,0,0.475605,148.355,189.852,34.1172,94.9531,-1,0,0.5,0.5,0
6490826,2484,1,1,0,0.444565,149.789,194.969,36.3594,85.625,0,0,0.5,0.5,0
6496929,2479,1,1,0,0.608129,149.551,194.672,36.1016,86.5938,-1,0,0.5,0.5,0
6501173,2483,1,1,0,0.631141,151.48,195.016,31.4609,84.5312,0,0,0.5,0.5,0
6504400,2485,1,1,0,0.522933,150.016,189.703,36.25,96.4062,-1,0,0.5,0.5,0
6508594,2483,1,1,0,0.607663,150.57,191.516,35.9531,90.9688,-1,0,0.5,0.5,0
6513824,2484,1,1,0,0.255714,150.777,190.312,38.5078,92.875,0,0,0.5,0.5,0
6518591,2483,1,1,0,0.286967,151.211,193.469,39.7344,87.1875,-1,0,0.5,0.5,0
6523996,2483,1,1,0,0.547222,153.641,193.93,34.9062,83.9844,0,0,0.5,0.5,0
6528822,2485,1,1,0,0.551091,153.68,193.883,35.2656,84.5156,0,0,0.5,0.5,0
6533215,2485,1,1,0,0.749454,156.266,188.375,34.75,96.8125,-1,0,0.5,0.5,0
6538015,2486,1,1,0,0.727588,155.984,187.734,35.9062,97.9688,0,0,0.5,0.5,0
6543862,2483,1,1,0,0.323167,155.961,192.234,36.2031,87.7812,0,0,0.5,0.5,0
6547875,2486,1,1,0,0.364777,156.445,192.75,38.1719,88.875,0,0,0.5,0.5,0
6553823,2485,1,1,0,0.602997,156.703,192.359,37.1875,87.3438,0,0,0.5,0.5,0
6557611,2484,1,1,0,0.648243,156.562,187.484,38.0312,99.3438,0,0,0.5,0.5,0
6563667,2485,1,1,0,0.685108,156.617,186.625,37.0469,100.25,-1,0,0.5,0.5,0
6567855,2484,1,1,0,0.680879,156.773,186.594,36.9844,101.312,0,0,0.5,0.5,0
6574047,2484,1,1,0,0.550124,157.281,186.516,35.9688,101.594,0,0,0.5,0.5,0
6578269,2480,1,1,0,0.294215,158.219,190.695,36.875,95.1094,0,0,0.5,0.5,0
6584641,2486,1,1,0,0.659735,158.883,192.625,34.5469,87.75,0,0,0.5,0.5,0
6588179,2487,1,1,0,0.551091,159.539,192.75,34.8594,88.875,0,0,0.5,0.5,0
6592385,2486,1,1,0,0.572723,161.539,188.75,36.6094,97.875,0,0,0.5,0.5,0
6598184,2486,1,1,0,0.731441,162.266,187.414,37.2188,105.172,0,0,0.5,0.5,0
6602126,2482,1,1,0,0.564099,162.379,187.469,36.4922,103.812,0,0,0.5,0.5,0
6607957,2485,1,1,0,0.650912,162.785,193.578,33.2891,90.5312,0,0,0.5,0.5,0
6614274,2482,1,1,0,0.63205,163.004,194,32.3828,88.25,0,0,0.5,0.5,0
6617883,2483,1,1,0,0.578448,162.785,193.906,30.2734,87.9375,0,0,0.5,0.5,0
6623832,2484,1,1,0,0.348866,167.055,192.688,33.4844,90,0,0,0.5,0.5,0
6627697,2485,1,1,0,0.608129,166.543,192.578,34.4922,91.0938,1,0,0.5,0.5,0
6632125,2486,1,1,0,0.486819,169.352,194.172,32.9219,85.4062,0,0,0.5,0.5,0
6637246,2483,1,1,0,0.580352,169.414,194.219,30.9219,86.0625,0,0,0.5,0.5,0
6640887,2486,1,1,0,0.686791,169.133,193.812,31.5781,86.25,1,0,0.5,0.5,0
6647185,2484,1,1,0,0.592195,169.422,191.484,33.3438,91.2188,0,0,0.5,0.5,0
6651374,2487,1,1,0,0.387227,170.086,189.188,32.2969,76.5,1,0,0.5,0.5,0
6657233,2485,1,1,0,0.434941,170.172,185.547,33.2812,86.2188,0,0,0.5,0.5,0
6660931,2484,1,1,0,0.38122,172.133,189.844,33.2031,99.0625,1,0,0.5,0.5,0
6664790,2483,1,1,0,0.697196,171.234,192.648,33.0938,89.2969,1,0,0.5,0.5,0
6670869,2487,1,1,0,0.737159,171.469,192.82,34.6562,90.6094,0,0,0.5,0.5,0
6675089,2485,1,1,0,0.805633,171.242,189.016,35.1094,96.7188,1,0,0.5,0.5,0
6680785,2483,1,1,0,0.736402,170.949,192.805,34.7891,85.3906,1,0,0.5,0.5,0
6684496,2484,1,1,0,0.7739,171.508,188.625,36.8906,96.75,0,0,0.5,0.5,0
6690650,2481,1,1,0,0.631595,171.289,188.969,38.5781,99.8125,1,0,0.5,0.5,0
6694929,2485,1,1,0,0.70619,171.68,188.555,37.5469,99.1406,1,0,0.5,0.5,0
6698647,2485,1,1,0,0.760648,172.195,191.305,36.8594,93.0156,0,0,0.5,0.5,0
6704562,2483,1,1,0,0.84822,172.625,189.078,37.9062,96.3438,1,0,0.5,0.5,0
6708934,2479,1,1,0,0.822474,172.996,193.969,40.6016,86.6875,1,0,0.5,0.5,0
6715505,2485,1,1,0,0.788908,173.445,192.797,40.3281,91.0938,1,0,0.5,0.5,0
6719264,2484,1,1,0,0.830867,173.918,193.086,42.7734,90.1719,1,0,0.5,0.5,0
6725243,2480,1,1,0,0.796609,173.703,193.594,42.9062,89.125,0,0,0.5,0.5,0
6729643,2485,1,1,0,0.844667,173.094,194.594,43.7188,86.8125,1,0,0.5,0.5,0
6735194,2485,1,1,0,0.857049,172.82,194.672,46.0156,86.3438,1,0,0.5,0.5,0
6742189,2484,1,1,0,0.764186,173.457,194.961,45.6641,90.3281,1,0,0.5,0.5,0
6748130,2483,1,1,0,0.797241,172.438,194.156,50.25,95.5625,1,0,0.5,0.5,0
6752613,2486,1,1,0,0.854642,172.867,192.25,50.5156,99.25,1,0,0.5,0.5,0
6758678,2484,1,1,0,0.836288,172.852,190.992,50.3906,95.7344,0,0,0.5,0.5,0
6762897,2485,1,1,0,0.801004,172.258,194.156,52.7031,90.8125,1,0,0.5,0.5,0
6768722,2486,1,1,0,0.814053,171.938,193.344,52.2812,92.4375,1,0,0.5,0.5,0
6773398,2484,1,1,0,0.763834,173.141,192.758,56.0938,91.2656,1,0,0.5,0.5,0
6783330,2492,1,1,0,0.715027,172.707,192.203,57.7734,94.1562,1,0,0.5,0.5,0
6789875,2489,1,1,0,0.677901,170.938,189.805,60.0625,97.3594,0,0,0.5,0.5,0
6794024,2485,1,1,0,0.82643,171.266,189.906,58.5312,97.625,1,0,0.5,0.5,0
6798778,2487,1,1,0,0.734882,170.336,192.125,59.0781,86,1,0,0.5,0.5,0
6803116,2482,1,1,0,0.801004,171.219,192.727,62.75,79.4219,1,0,0.5,0.5,0
6808680,2486,1,1,0,0.586049,170.328,193.43,61.9688,80.8906,0,0,0.5,0.5,0
6815323,2484,1,1,0,0.699254,169.305,193,62.9531,81.375,1,0,0.5,0.5,0
6819481,2483,1,1,0,0.578448,167.594,193.195,62.6562,78.6094,0,0,0.5,0.5,0
6823467,2482,1,1,0,0.801004,167.359,193.078,65.0938,82.3438,1,0,0.5,0.5,0
6827886,2484,1,1,0,0.350421,167.492,193.047,63.2969,83.1562,0,0,0.5,0.5,0
6832865,2483,1,1,0,0.738293,168.219,189.078,65.8125,97.8438,1,0,0.5,0.5,0
6838406,2482,1,1,0,0.619701,168.734,187.219,65.9062,95.0625,0,0,0.5,0.5,0
6842246,2483,1,1,0,0.280419,168.047,191.914,63.3125,78.9219,0,0,0.5,0.5,0
6845970,2484,1,1,0,0.648689,168.207,192.391,61.4141,78.6562,1,0,0.5,0.5,0
6851991,2487,1,1,0,0.610454,170.266,193.078,62.9688,80.4688,1,0,0.5,0.5,0
6856323,2485,1,1,0,0.360264,171.445,191.688,58.3594,79.4375,0,0,0.5,0.5,0
6859841,2488,1,1,0,0.371136,170.617,191.961,58.2656,75.7031,1,0,0.5,0.5,0
6863558,2484,1,1,0,0.394201,171.758,192.469,56.1094,78.375,1,0,0.5,0.5,0
6868887,2485,1,1,0,0.756356,173.422,191.609,54.7812,78.9062,0,0,0.5,0.5,0
6872829,2486,1,1,0,0.413477,172.633,187.766,56.9844,88.6562,1,0,0.5,0.5,0
6876703,2480,1,1,0,0.637031,172.727,187.812,57.5781,88.5,1,0,0.5,0.5,0
6882350,2481,1,1,0,0.379838,172.246,187.266,60.5703,95.5312,1,0,0.5,0.5,0
6885898,2487,1,1,0,0.670608,172.148,187.328,59.0781,94.0312,1,0,0.5,0.5,0
6892397,2485,1,1,0,0.359815,170.852,194.359,59.7031,91.5938,0,0,0.5,0.5,0
6896171,2484,1,1,0,0.454714,170.676,191.906,62.2734,88.75,1,0,0.5,0.5,0
6902224,2480,1,1,0,0.646013,171.781,192.422,59.875,86.0938,1,0,0.5,0.5,0
6906347,2481,1,1,0,0.579876,172.969,190.328,59.8125,100.656,0,0,0.5,0.5,0
6909900,2485,1,1,0,0.340704,173.703,189.961,59.5938,97.9219,2,0,0.5,0.5,0
6913729,2483,1,1,0,0.428234,173.547,190.133,58.2812,100.016,0,0,0.5,0.5,0
6918724,2485,1,1,0,0.759937,174.688,188.844,58.0625,99.9375,1,0,0.5,0.5,0
6922986,2485,1,1,0,0.389082,176.844,191.844,51.125,85.8125,2,0,0.5,0.5,0
6928510,2481,1,1,0,0.32338,177.328,190.719,50.4062,99.1875,1,0,0.5,0.5,0
6932306,2482,1,1,0,0.64646,177.648,188.562,48.8281,97.25,1,0,0.5,0.5,0
6936788,2485,1,1,0,0.579401,178.238,187.414,46.7109,93.3281,2,0,0.5,0.5,0
6941948,2487,1,1,0,0.52975,178.93,188.273,47.2656,91.7031,1,0,0.5,0.5,0
6945850,2485,1,1,0,0.357793,177.859,189.562,49.1562,99.125,2,0,0.5,0.5,0
6952297,2484,1,1,0,0.455199,177.141,188.68,47.4375,100.516,1,0,0.5,0.5,0
6956110,2483,1,1,0,0.795975,178.219,186.406,45.5,96.5625,1,0,0.5,0.5,0
6960528,2482,1,1,0,0.782995,177.207,184.875,42.0234,92.75,2,0,0.5,0.5,0
6966058,2487,1,1,0,0.832508,176.922,184.398,42.0312,93.0469,1,0,0.5,0.5,0
6969710,2485,1,1,0,0.76524,176.656,184.016,41.1875,94.2188,2,0,0.5,0.5,0
6976103,2485,1,1,0,0.559771,175.684,190.594,36.6484,79.3125,1,0,0.5,0.5,0
6982326,2484,1,1,0,0.706595,175.504,184.25,40.0703,95,1,0,0.5,0.5,0
6986270,2485,1,1,0,0.727201,175.473,184.281,38.8516,93.6875,1,0,0.5,0.5,0
6992369,2484,1,1,0,0.755996,175.621,184.297,40.3359,94.4688,2,0,0.5,0.5,0
6995745,2483,1,1,0,0.805938,175.633,184.352,38.2656,94.7031,1,0,0.5,0.5,0
6999854,2485,1,1,0,0.834676,175.43,184.969,38.5469,96.1875,1,0,0.5,0.5,0
7005750,2484,1,1,0,0.778986,174.965,184.109,37.2422,97.0312,1,0,0.5,0.5,0
7010212,2482,1,1,0,0.740926,173.914,184.062,37.7656,97.125,1,0,0.5,0.5,0
7015978,2482,1,1,0,0.841046,174.027,183.75,38.7109,96.75,2,0,0.5,0.5,0
7020300,2482,1,1,0,0.79053,173.91,183.844,37.3828,96.9375,1,-1,0.5,0.5,0
7026382,2483,1,1,0,0.800068,173.992,183.812,36.7344,96.625,0,0,0.5,0.5,0
7029962,2483,1,1,0,0.635675,172.492,184.414,37.2031,95.4219,2,0,0.5,0.5,0
7033778,2479,1,1,0,0.696784,171.57,191.281,36.2656,80.9375,1,0,0.5,0.5,0
7039247,2480,1,1,0,0.759937,173.414,191.922,36.8594,82.0312,1,0,0.5,0.5,0
7043367,2484,1,1,0,0.731441,172.164,192.203,35.2344,80.3438,0,0,0.5,0.5,0
7049372,2485,1,1,0,0.553988,171.07,193.922,36.5781,80.4062,1,0,0.5,0.5,0
7052817,2484,1,1,0,0.743542,172.328,185.914,38.4062,97.4219,2,0,0.5,0.5,0
7056790,2485,1,1,0,0.798815,173.016,185.953,36.4062,96.2812,0,0,0.5,0.5,0
7060226,2484,1,1,0,0.620622,172.469,192.461,35.625,83.0781,1,0,0.5,0.5,0
7065660,2486,1,1,0,0.38122,171.039,190.203,35.2031,90.0312,1,0,0.5,0.5,0
7069902,2483,1,1,0,0.671039,172.305,186.406,35.7344,98.1875,1,0,0.5,0.5,0
7076083,2486,1,1,0,0.726813,172.719,186.125,35.8438,96.75,1,0,0.5,0.5,0
7080067,2484,1,1,0,0.390476,171.348,188.266,34.9609,95.2188,0,0,0.5,0.5,0
7085908,2481,1,1,0,0.658857,171.242,192.336,33.0156,93.3281,1,0,0.5,0.5,0
7089533,2480,1,1,0,0.487307,170.961,194.453,33.7969,84.5312,1,0,0.5,0.5,0
7093455,2479,1,1,0,0.273575,168.906,195.719,30.125,82.5625,1,0,0.5,0.5,0
7099562,2479,1,1,0,0.500488,170.258,195.117,33.1719,85.6094,0,0,0.5,0.5,0
7102951,2481,1,1,0,0.726037,170.688,194.586,33.2812,82.0781,1,0,0.5,0.5,0
7106879,2481,1,1,0,0.32595,170.07,194.797,33.1406,81.4062,1,0,0.5,0.5,0
7113241,2482,1,1,0,0.807461,172.297,190.922,33.625,101.406,1,0,0.5,0.5,0
7119580,2483,1,1,0,0.823043,171.156,190.781,33.875,102.812,0,0,0.5,0.5,0
7123017,2485,1,1,0,0.776284,171.914,190.195,33.6094,101.891,1,0,0.5,0.5,0
7129834,2481,1,1,0,0.761359,171.93,195.203,33.6094,91.8438,1,0,0.5,0.5,0
7135904,2482,1,1,0,0.81257,171.883,195.219,34.1406,91.0625,1,0,0.5,0.5,0
7139970,2485,1,1,0,0.749821,172.789,195.562,32.4844,92.375,0,0,0.5,0.5,0
7145743,2485,1,1,0,0.7237,173.203,195.891,32.0625,91.2188,1,0,0.5,0.5,0
7149897,2483,1,1,0,0.797872,172.336,195.719,33.7031,94.0625,1,0,0.5,0.5,0
7153451,2485,1,1,0,0.802556,173.469,192.25,33.0625,101.125,1,0,0.5,0.5,0
7159651,2484,1,1,0,0.82866,173.418,191.906,33.2891,101.688,1,0,0.5,0.5,0
7163872,2485,1,1,0,0.734501,172.023,193.109,32.3594,83.3438,1,0,0.5,0.5,0
7169763,2485,1,1,0,0.844667,173.227,191.531,33.6719,102.625,1,0,0.5,0.5,0
7173975,2485,1,1,0,0.806549,171.582,187.594,34.5859,90.8125,0,0,0.5,0.5,0
7179534,2481,1,1,0,0.792143,172.094,190.641,34.2812,100.344,1,0,0.5,0.5,0
7183292,2479,1,1,0,0.736022,168.984,192.508,38.6562,96.7344,1,0,0.5,0.5,0
7187719,2478,1,1,0,0.75274,168.422,196.68,37.8125,82.3906,0,0,0.5,0.5,0
7192755,2479,1,1,0,0.789882,166.398,198.047,39.4219,85.0312,1,0,0.5,0.5,0
7197015,2482,1,1,0,0.756716,163.656,199.156,40.75,85.4375,0,0,0.5,0.5,0
7203162,2481,1,1,0,0.513181,162.758,199.297,40.8281,83.4688,0,0,0.5,0.5,0
7206907,2479,1,1,0,0.746879,159.668,199.469,43.4766,83.9375,0,0,0.5,0.5,0
7211022,2482,1,1,0,0.765591,157.461,198.812,48.5469,87.4375,0,0,0.5,0.5,0
7216389,2484,1,1,0,0.736402,157.32,198.523,51.1094,89.5469,0,0,0.5,0.5,0
7220236,2483,1,1,0,0.566498,156.945,198.859,48.3281,84.9062,0,0,0.5,0.5,0
7226701,2486,1,1,0,0.759223,156.125,199,46.9375,82.5625,0,0,0.5,0.5,0
7230714,2483,1,1,0,0.591251,154.234,196.75,46.3438,78.75,0,0,0.5,0.5,0
7236752,2483,1,1,0,0.604866,149.68,198.289,54.9219,82.2969,-1,0,0.5,0.5,0
7240441,2481,1,1,0,0.320184,152.617,193.359,47.5156,81.4688,0,0,0.5,0.5,0
7246058,2480,1,1,0,0.665845,151.852,199.914,49.9219,86.4219,0,0,0.5,0.5,0
7250327,2482,1,1,0,0.504883,152.453,194.141,48.5938,78.4062,-1,0,0.5,0.5,0
7253951,2485,1,1,0,0.824743,151.875,194.422,49.0312,76.0938,0,0,0.5,0.5,0
7258027,2484,1,1,0,0.770117,150.891,194.156,48.9062,77.0625,0,0,0.5,0.5,0
7264082,2481,1,1,0,0.677901,150.172,196.07,51.4062,76.6094,-1,0,0.5,0.5,0
7267767,2482,1,1,0,0.698432,150.977,199.008,54.5469,86.3594,0,0,0.5,0.5,0
7273660,2485,1,1,0,0.673191,148.719,197.328,55,78.8438,-1,1,0.5,0.5,0
7277679,2482,1,1,0,0.516596,149.352,197.984,59.2031,83.7812,-1,0,0.5,0.5,0
7284006,2483,1,1,0,0.3863,149.906,197.766,51.0625,77.6562,0,0,0.5,0.5,0
7288296,2485,1,1,0,0.312789,143.766,196.188,69.7188,75.375,-1,0,0.5,0.5,0
7293738,2484,1,1,0,0.352648,143.352,197.578,69.9219,72.0938,-2,0,0.5,0.5,0
7297802,2483,1,1,0,0.36727,141.328,196.867,68.5312,72.7031,-1,0,0.5,0.5,0
7303535,2483,1,1,0,0.279632,143.594,196.547,64.6875,75.0312,-1,0,0.5,0.5,0
7307879,2480,1,1,0,0.550124,146.449,196.188,65.0234,75.25,-1,0,0.5,0.5,0
7311317,2484,1,1,0,0.4917,147.305,195.797,63.2656,75.5938,-1,0,0.5,0.5,0
7316967,2482,1,1,0,0.478041,149.172,195.867,63.9688,75.5156,0,0,0.5,0.5,0
7320829,2483,1,1,0,0.726813,150.352,196.938,61.3906,76.3125,-1,0,0.5,0.5,0
7324855,2481,1,1,0,0.571766,151.949,197.359,63.2734,75.1562,0,0,0.5,0.5,0
7330456,2487,1,1,0,0.767339,153.055,196.141,64.6719,78.4688,-1,0,0.5,0.5,0
7334192,2481,1,1,0,0.643776,152.586,197.578,62.9531,74.2188,0,1,0.5,0.5,0
7338078,2484,1,1,0,0.7739,152.711,196.656,62.9844,77.9375,-1,0,0.5,0.5,0
7343380,2485,1,1,0,0.796925,156.016,196.625,69.9062,83.6875,0,0,0.5,0.5,0
7347749,2484,1,1,0,0.781997,156.297,195.75,65.0312,80,0,0,0.5,0.5,0
7353818,2488,1,1,0,0.637482,155.297,195.633,60.7188,73.7031,0,0,0.5,0.5,0
7357802,2485,1,1,0,0.510741,156.223,196.078,66.0547,76.4062,0,0,0.5,0.5,0
7362045,2485,1,1,0,0.61555,156.695,196.195,66.1719,79.3906,0,0,0.5,0.5,0
7367797,2490,1,1,0,0.333286,156.789,196.375,67.4844,79.5,-1,0,0.5,0.5,0
7371728,2481,1,1,0,0.309441,156.953,193.477,68.8438,84.8281,0,0,0.5,0.5,0
7375473,2483,1,1,0,0.390011,159.012,190.922,20.9297,59.7812,0,0,0.5,0.5,0
7380946,2484,1,1,0,0.272799,156.812,192.453,65.5625,77.3438,0,0,0.5,0.5,0
7385043,2484,1,1,0,0.647352,156.664,193.852,65.7031,77.3281,0,0,0.5,0.5,0
7389079,2486,1,1,0,0.615088,155.742,193.438,71.4531,81.5,0,0,0.5,0.5,0
7394406,2486,1,1,0,0.748353,155.172,193.172,69.9062,81.7812,0,0,0.5,0.5,0
7398608,2485,1,1,0,0.403567,154.328,191.203,68.6562,86.9062,0,0,0.5,0.5,0
7404414,2485,1,1,0,0.717012,154.086,194.844,70.0156,82.5625,-1,0,0.5,0.5,0
7408811,2481,1,1,0,0.73029,151.461,191.586,65.3281,82.9219,0,0,0.5,0.5,0
7413960,2485,1,1,0,0.37068,149.508,194.125,66.8594,76.4375,0,0,0.5,0.5,0
7418034,2484,1,1,0,0.330256,150.008,194.406,66.8906,80.5625,-1,0,0.5,0.5,0
7424093,2484,1,1,0,0.629776,148.523,194.391,64.9531,76.3438,-1,0,0.5,0.5,0
7427996,2483,1,1,0,0.696371,148.578,195.047,65.6562,83.0938,0,1,0.5,0.5,0
7434367,2486,1,1,0,0.644672,148.977,195.016,65.9531,83.0312,-1,0,0.5,0.5,0
7437846,2485,1,1,0,0.667581,149.375,197.555,65.5625,89.6094,0,0,0.5,0.5,0
7444012,2490,1,1,0,0.682151,144.527,193.828,59.3828,74.0938,-2,0,0.5,0.5,0
7448045,2482,1,1,0,0.707,146.422,194.031,61.0938,77,0,0,0.5,0.5,0
7452217,2485,1,1,0,0.569853,146.465,194.297,62.3047,77.6562,-1,0,0.5,0.5,0
7457777,2482,1,1,0,0.616012,146.422,193.969,57.8438,73.875,-1,0,0.5,0.5,0
7463924,2485,1,1,0,0.297266,146.594,197.953,59.0625,71.6562,-1,0,0.5,0.5,0
7467701,2484,1,1,0,0.458591,147.234,198.297,57.5312,78.7812,-1,0,0.5,0.5,0
7473993,2484,1,1,0,0.640635,148.125,201.289,56.75,76.5781,0,0,0.5,0.5,0
7477841,2481,1,1,0,0.71103,147.234,197.766,57.0938,85.6562,-1,0,0.5,0.5,0
7482452,2481,1,1,0,0.596903,148.359,197.297,56.0938,87.0938,-1,0,0.5,0.5,0
7487227,2486,1,1,0,0.660611,146.227,195.094,54.4531,85.5625,-1,0,0.5,0.5,0
7490983,2483,1,1,0,0.332202,146.602,194.875,53.7031,82.6875,-1,0,0.5,0.5,0
7494649,2479,1,1,0,0.302392,145.672,193.031,50.5312,85.6875,-1,0,0.5,0.5,0
7499372,2484,1,1,0,0.368405,145.641,188.734,50.6562,95.2188,-1,0,0.5,0.5,0
7504298,2483,1,1,0,0.551574,147.414,191.312,51.6719,92.25,-1,0,0.5,0.5,0
7508556,2484,1,1,0,0.807461,146.68,191.062,47.6406,84.75,0,0,0.5,0.5,0
7513907,2485,1,1,0,0.809277,145.539,189.031,45.8594,96,-2,0,0.5,0.5,0
7517880,2484,1,1,0,0.859896,145.719,187.344,44.8125,92.4375,-1,0,0.5,0.5,0
7522052,2483,1,1,0,0.721351,142.871,191.672,42.7734,82.0312,-1,0,0.5,0.5,0
7525791,2486,1,1,0,0.807765,144.879,191.68,43.1484,81.3594,-1,0,0.5,0.5,0
7530738,2484,1,1,0,0.790206,144.59,188.109,42.1172,90.9688,-1,0,0.5,0.5,0
7535241,2487,1,1,0,0.81257,143.961,186.766,42.2344,91.9062,-2,0,0.5,0.5,0
7539331,2484,1,1,0,0.801315,142.82,186.656,42.2031,92.0625,-1,0,0.5,0.5,0
7544738,2484,1,1,0,0.786623,143.469,186.492,38.5938,90.9844,-1,0,0.5,0.5,0
7548901,2485,1,1,0,0.805327,144.945,189.883,37.3906,82.8594,-1,0,0.5,0.5,0
7554551,2483,1,1,0,0.75274,144.562,191.438,36.5,80.375,-1,0,0.5,0.5,0
7559253,2482,1,1,0,0.259824,144.762,191.406,34.8359,81.0625,-2,0,0.5,0.5,0
7564346,2480,1,1,0,0.725259,144.137,192.031,34.4141,80.4375,-1,0,0.5,0.5,0
7568680,2486,1,1,0,0.792464,143.855,192.188,34.1016,79.4375,-1,0,0.5,0.5,0
7575384,2484,1,1,0,0.773215,144.539,185.68,34.5156,92.8594,-1,0,0.5,0.5,0
7579516,2482,1,1,0,0.824178,144.449,185.531,35.6484,93,-2,0,0.5,0.5,0
7585158,2485,1,1,0,0.638384,144.777,185.352,33.3047,93.5469,-1,0,0.5,0.5,0
7589161,2485,1,1,0,0.744657,145.938,185.477,33.0938,93.5469,0,0,0.5,0.5,0
7597776,2486,1,1,0,0.566978,146.879,191.578,32.6641,90.8438,-1,0,0.5,0.5,0
7601984,2483,1,1,0,0.654454,146.914,186.375,32.5156,95,-2,0,0.5,0.5,0
7606394,2486,1,1,0,0.775265,145.867,185.859,34.9531,93.0938,-1,0,0.5,0.5,0
7611752,2487,1,1,0,0.792785,146.098,186.18,32.4453,94.2656,-1,0,0.5,0.5,0
7618279,2487,1,1,0,0.630231,147.379,186.609,32.5547,96.0312,0,0,0.5,0.5,0
7624803,2488,1,1,0,0.778986,148.234,189.273,33.875,101.203,-1,0,0.5,0.5,0
7631506,2484,1,1,0,0.722135,147.582,188.945,32.8984,100.359,-1,0,0.5,0.5,0
7635053,2484,1,1,0,0.780328,147.266,189.047,32.7812,100.531,-1,0,0.5,0.5,0
7639463,2484,1,1,0,0.732974,147.129,189.141,32.1797,100.719,-1,0,0.5,0.5,0
7644603,2482,1,1,0,0.492188,147.984,195.625,30.0625,86,-1,0,0.5,0.5,0
7648580,2486,1,1,0,0.495606,147.062,193.031,32.2812,86.1875,-1,0,0.5,0.5,0
7654669,2483,1,1,0,0.69181,147.457,193.359,31.7266,86.1562,-1,0,0.5,0.5,0
7658716,2486,1,1,0,0.742049,147.969,196.305,33.4375,90.0156,-1,0,0.5,0.5,0
7664631,2484,1,1,0,0.659735,146.371,196.773,33.8984,89.7031,-1,0,0.5,0.5,0
7671271,2484,1,1,0,0.582254,148.137,197.266,33.2891,90.4688,0,0,0.5,0.5,0
7675080,2488,1,1,0,0.693888,147.164,196.93,33.2656,86.1406,-1,0,0.5,0.5,0
7681721,2483,1,1,0,0.510253,146.477,196.742,33.0781,86.9844,-2,0,0.5,0.5,0
7688210,2486,1,1,0,0.653569,145.293,196.742,34.0703,89.0156,0,0,0.5,0.5,0
7691982,2483,1,1,0,0.762422,145.586,196.82,34.9844,89.3594,-2,0,0.5,0.5,0
7695800,2487,1,1,0,0.501465,147.559,197.258,34.0703,89.9844,0,0,0.5,0.5,0
7699633,2480,1,1,0,0.672331,144.805,198.109,37.1094,85.2812,-2,0,0.5,0.5,0
7704564,2485,1,1,0,0.611382,146.254,198.617,36.4297,86.8594,0,0,0.5,0.5,0
7708782,2484,1,1,0,0.369314,147.602,199.375,35.9844,86.75,-2,0,0.5,0.5,0
7714833,2483,1,1,0,0.752012,145.613,198.469,37.2422,88.125,0,0,0.5,0.5,0
7721318,2486,1,1,0,0.285969,147.984,198.641,36.7812,87.6562,-1,0,0.5,0.5,0
7725313,2484,1,1,0,0.289572,147.062,196.781,38.4062,92.0625,-1,0,0.5,0.5,0
7728899,2484,1,1,0,0.566498,144.172,197.625,35.2812,89.375,-2,0,0.5,0.5,0
7735181,2485,1,1,0,0.492676,145.23,197.664,37.1797,92.8281,0,0,0.5,0.5,0
7739341,2483,1,1,0,0.661049,148.273,193.938,39.4531,98,-1,0,0.5,0.5,0
7743273,2484,1,1,0,0.580828,148.516,194.5,37.4062,100,-1,0,0.5,0.5,0
7749110,2486,1,1,0,0.445047,147.543,199.398,37.9609,89.2031,-1,0,0.5,0.5,0
7755315,2486,1,1,0,0.456652,147.27,195.273,38.1172,96.5469,-1,0,0.5,0.5,0
7759377,2484,1,1,0,0.690977,147.105,195,38.8203,96.625,-1,0,0.5,0.5,0
7765764,2487,1,1,0,0.57081,147.211,195.125,40.3594,98,-1,0,0.5,0.5,0
7771622,2483,1,1,0,0.64288,147.09,195.109,40.2578,98.1562,0,0,0.5,0.5,0
7775868,2487,1,1,0,0.655337,147.18,194.938,41.4531,98.1875,-2,0,0.5,0.5,0
7782051,2489,1,1,0,0.690977,146.098,195.297,42.4609,98.8438,-1,0,0.5,0.5,0
7786286,2485,1,1,0,0.581303,145.402,195.742,43.8047,97.5156,0,0,0.5,0.5,0
7791566,2485,1,1,0,0.765941,146.387,194.234,43.9766,100.969,-2,0,0.5,0.5,0
7795366,2484,1,1,0,0.407333,147.047,194.797,45.5625,100.094,0,0,0.5,0.5,0
7798889,2487,1,1,0,0.636127,144.234,195,50.9688,100.688,-2,0,0.5,0.5,0
7805059,2485,1,1,0,0.344663,145.203,196.703,52.4688,97.1562,-1,0,0.5,0.5,0
7811654,2485,1,1,0,0.553023,144.203,196.922,53.6562,97.0938,-1,0,0.5,0.5,0
7815174,2486,1,1,0,0.262084,146.016,202.273,54.7812,87.5469,-1,0,0.5,0.5,0
7818761,2484,1,1,0,0.29523,146.945,200.82,55.6719,88.1406,-1,0,0.5,0.5,0
7823107,2483,1,1,0,0.321886,147.352,198.062,55.7344,91.875,-1,0,0.5,0.5,0
7828490,2484,1,1,0,0.634317,147.016,196.484,57.7188,97.7188,-1,0,0.5,0.5,0
7832793,2484,1,1,0,0.32853,149.125,196.281,56.5625,94.8125,0,0,0.5,0.5,0
7838505,2484,1,1,0,0.689724,150.582,195.578,55.7266,97.8438,-1,0,0.5,0.5,0
7842198,2484,1,1,0,0.266071,150.828,199.281,56.0938,87.5625,-1,0,0.5,0.5,0
7848614,2484,1,1,0,0.677047,147.883,195.344,65.4844,98.75,-1,0,0.5,0.5,0
7852853,2484,1,1,0,0.782663,148.305,195.031,66.6094,99.8125,0,0,0.5,0.5,0
7858600,2487,1,1,0,0.705785,148.207,194.969,65.1641,98.4375,-1,0,0.5,0.5,0
7862751,2485,1,1,0,0.771498,149.75,194.719,67.0625,99.9375,-1,0,0.5,0.5,0
7868478,2486,1,1,0,0.723309,149.062,195.969,70.875,96.8125,-1,0,0.5,0.5,0
7872455,2482,1,1,0,0.62521,147.227,194.906,72.6719,93.8125,0,0,0.5,0.5,0
7878627,2486,1,1,0,0.641085,147.531,195.312,75.0625,96.625,-1,0,0.5,0.5,0
7882999,2486,1,1,0,0.66888,147.859,194.359,73.8438,96.0938,-1,0,0.5,0.5,0
7888535,2487,1,1,0,0.758866,148.203,193.766,75.0938,96.5312,-1,0,0.5,0.5,0
7892115,2484,1,1,0,0.847717,152.031,194.883,72.875,99.1406,0,0,0.5,0.5,0
7896036,2483,1,1,0,0.820757,155.039,194.438,71.9531,100.562,0,0,0.5,0.5,0
7902150,2487,1,1,0,0.823611,154.898,194.484,72.8281,97.0938,-1,0,0.5,0.5,0
7906547,2485,1,1,0,0.871696,154.719,194.414,74.9375,100.328,0,0,0.5,0.5,0
7912147,2486,1,1,0,0.829214,155.922,193.961,74.7812,98.9219,0,0,0.5,0.5,0
7915861,2486,1,1,0,0.806853,156.094,194.125,77.625,99.75,0,0,0.5,0.5,0
7922461,2482,1,1,0,0.803174,157.773,194.539,72.4219,98.8281,0,0,0.5,0.5,0
7926034,2485,1,1,0,0.792143,157.609,194.375,76.9688,98.75,-1,0,0.5,0.5,0
7932490,2483,1,1,0,0.585575,157.594,194.609,77.5625,98.9062,0,0,0.5,0.5,0
7936197,2485,1,1,0,0.396536,156.242,194.312,75.8906,101.125,0,0,0.5,0.5,0
7940356,2480,1,1,0,0.2763,154.172,194,77.7188,98.625,0,0,0.5,0.5,0
7945449,2485,1,1,0,0.646013,152.594,195.125,79.9375,100.25,0,0,0.5,0.5,0
7949572,2483,1,1,0,0.555435,150.914,195.078,75.9219,97.0312,-1,0,0.5,0.5,0
7956198,2485,1,1,0,0.720171,148.336,194.266,75.4219,100.344,-1,0,0.5,0.5,0
7960337,2484,1,1,0,0.759223,145.836,194.125,78.3281,100.562,0,0,0.5,0.5,0
7965686,2483,1,1,0,0.53607,144.125,198.859,76.375,91.2812,-1,0,0.5,0.5,0
7970044,2485,1,1,0,0.727588,145.203,196.906,75.0938,95.0625,-2,0,0.5,0.5,0
7973777,2487,1,1,0,0.565539,143.391,199.812,73.4688,87.625,-1,0,0.5,0.5,0
7978869,2484,1,1,0,0.710629,141.52,197.141,67.4609,95.2812,-1,0,0.5,0.5,0
7983350,2487,1,1,0,0.539954,144.926,195.875,62.7266,97.75,-1,0,0.5,0.5,0
7989635,2484,1,1,0,0.667147,146.492,194.25,55.7344,98.875,-1,0,0.5,0.5,0
7993956,2483,1,1,0,0.410166,149.18,196.273,54.6719,95.7031,-1,0,0.5,0.5,0
7999899,2479,1,1,0,0.398406,149.633,196.25,54.2656,95.125,0,0,0.5,0.5,0
8004175,2482,1,1,0,0.747248,153.312,195.039,49.375,100.172,0,0,0.5,0.5,0
8009878,2482,1,1,0,0.630686,153.789,201.516,47.6719,86.4688,-1,0,0.5,0.5,0
8016171,2484,1,1,0,0.842087,154.578,195.828,46.1562,101.594,0,0,0.5,0.5,0
8021153,2482,1,1,0,0.292191,154.32,200.367,41.7031,89.2656,0,0,0.5,0.5,0
8027038,2483,1,1,0,0.807461,156.648,195.367,41.6094,101.484,-1,0,0.5,0.5,0
8033031,2484,1,1,0,0.82133,157.797,194.445,42.2188,102.891,0,0,0.5,0.5,0
8037212,2485,1,1,0,0.801004,159.008,194.766,40.6719,101.781,0,0,0.5,0.5,0
8043116,2486,1,1,0,0.740926,161.312,195.25,39.5938,100.875,0,0,0.5,0.5,0
8046702,2487,1,1,0,0.635223,161.691,195.125,37.1172,99.375,0,0,0.5,0.5,0
8051347,2485,1,1,0,0.580352,163.176,200.211,36.4297,89.0781,0,0,0.5,0.5,0
8056333,2481,1,1,0,0.75958,162.875,200.016,34.8125,90.2188,0,0,0.5,0.5,0
8060536,2482,1,1,0,0.788583,164.816,193.781,37.2891,102.312,0,0,0.5,0.5,0
8066070,2483,1,1,0,0.808975,165.398,193.586,35.0781,101.922,0,0,0.5,0.5,0
8070003,2484,1,1,0,0.702938,166.484,193.828,36.9062,100.031,0,0,0.5,0.5,0
8074249,2485,1,1,0,0.559771,167.062,197.242,35.1875,91.7656,1,0,0.5,0.5,0
8079737,2484,1,1,0,0.670608,167.352,199.711,33.2031,89.3281,0,0,0.5,0.5,0
8083284,2482,1,1,0,0.658418,165.98,199.164,33.8672,88.9219,0,0,0.5,0.5,0
8089432,2482,1,1,0,0.391871,167.539,199.594,35.1719,92.6875,0,0,0.5,0.5,0
8093699,2483,1,1,0,0.682151,168.59,200.68,32.5078,90.8594,1,0,0.5,0.5,0
8099274,2482,1,1,0,0.668447,169.391,199.875,33.6562,92.75,0,0,0.5,0.5,0
8102898,2480,1,1,0,0.617858,169.379,199.914,30.0547,88.2969,1,0,0.5,0.5,0
8106857,2482,1,1,0,0.681727,169.336,199.758,31.5781,89.7656,0,0,0.5,0.5,0
8110391,2478,1,1,0,0.572245,168.984,199.773,31.0938,88.2969,1,0,0.5,0.5,0
8116551,2481,1,1,0,0.602529,171.48,195.664,34.0391,96.9531,0,0,0.5,0.5,0
8120177,2478,1,1,0,0.556882,170.453,198.898,30.25,88.2031,1,0,0.5,0.5,0
8123914,2478,1,1,0,0.591251,170.938,198.43,36.2188,90.3594,0,0,0.5,0.5,0
8130004,2484,1,1,0,0.584627,170.531,200.359,32.3125,87.5312,1,0,0.5,0.5,0
8133654,2482,1,1,0,0.355105,171.703,197.977,31.8438,93.3281,1,0,0.5,0.5,0
8140061,2485,1,1,0,0.484868,172.477,200.008,33.8906,86.9844,0,0,0.5,0.5,0
8143736,2485,1,1,0,0.511229,173,195.688,33.0625,98.125,1,0,0.5,0.5,0
8150345,2483,1,1,0,0.731441,173.328,195.633,31.0938,101.266,1,0,0.5,0.5,0
8153981,2486,1,1,0,0.745029,173.656,200.031,31.5625,91.9375,1,0,0.5,0.5,0
8158270,2480,1,1,0,0.635223,173.195,200.078,32.7031,87.7188,1,0,0.5,0.5,0
8162961,2485,1,1,0,0.652241,172.535,197.781,31.9297,92.9375,0,0,0.5,0.5,0
8169742,2482,1,1,0,0.638835,172.121,197.438,32.5078,93.125,1,0,0.5,0.5,0
8173627,2483,1,1,0,0.624294,171.945,201.195,34.3594,86.1094,1,0,0.5,0.5,0
8179977,2482,1,1,0,0.704567,171.961,201.156,32.9844,87.4375,1,0,0.5,0.5,0
8186645,2485,1,1,0,0.735642,172.117,201.172,33.7969,86.9062,0,1,0.5,0.5,0
8190238,2483,1,1,0,0.753466,172.875,196.031,36.1562,97.5625,1,0,0.5,0.5,0
8196456,2483,1,1,0,0.719778,172.047,203.555,35.125,84.1406,1,0,0.5,0.5,0
8201163,2487,1,1,0,0.708616,172.602,200.438,37.9531,85.375,1,0,0.5,0.5,0
8205856,2484,1,1,0,0.717408,172.961,199.539,35.7344,84.7969,1,0,0.5,0.5,0
8210832,2480,1,1,0,0.809277,172.742,199.758,37.7344,85.2969,0,0,0.5,0.5,0
8216801,2483,1,1,0,0.784319,171.664,200.719,37.8281,84.25,1,0,0.5,0.5,0
8220830,2482,1,1,0,0.78695,171.68,200.984,37.9219,83.1562,1,0,0.5,0.5,0
8226654,2484,1,1,0,0.698432,172.848,201.625,44.5078,85.25,1,0,0.5,0.5,0
8230161,2481,1,1,0,0.839472,170.562,202.133,48.2188,91.0156,1,0,0.5,0.5,0
8234095,2483,1,1,0,0.547706,172.164,204.906,48.5469,86.5625,0,0,0.5,0.5,0
8237567,2481,1,1,0,0.792143,172.227,204.586,49.3281,89.3281,1,1,0.5,0.5,0
8241421,2487,1,1,0,0.278846,170.793,200.062,57.1641,99.5,1,0,0.5,0.5,0
8246764,2483,1,1,0,0.833595,171.984,202.766,56.3438,96.1562,1,0,0.5,0.5,0
8250627,2486,1,1,0,0.848722,173.484,198.266,51.6562,97.0312,0,0,0.5,0.5,0
8256570,2484,1,1,0,0.445529,170.148,201.078,58.2344,96.8438,1,0,0.5,0.5,0
8260415,2486,1,1,0,0.710629,171.391,199.109,56.4062,93.1562,1,0,0.5,0.5,0
8264086,2482,1,1,0,0.808673,171.031,200.266,51.75,84.6562,1,0,0.5,0.5,0
8267691,2483,1,1,0,0.47317,172.203,199.633,55.9688,87.7344,0,0,0.5,0.5,0
8273638,2485,1,1,0,0.494141,170.727,201.078,55.0469,81.0938,1,0,0.5,0.5,0
8277820,2482,1,1,0,0.832508,170.738,200.828,54.1641,84.0938,1,0,0.5,0.5,0
8283312,2482,1,1,0,0.801936,171.762,199.734,56.1016,84.9688,0,0,0.5,0.5,0
8287161,2484,1,1,0,0.74577,171.598,200.664,54.3047,81.5781,1,0,0.5,0.5,0
8293285,2486,1,1,0,0.746879,171.297,200.375,57.5938,81.625,1,0,0.5,0.5,0
8297648,2485,1,1,0,0.674479,171.219,199.109,59.1875,79.7188,1,0,0.5,0.5,0
8303576,2485,1,1,0,0.713831,172.559,198.422,56.5078,76.7188,0,1,0.5,0.5,0
8307600,2482,1,1,0,0.704567,167.734,199.703,63.6562,84.9062,1,0,0.5,0.5,0
8313617,2484,1,1,0,0.712633,167.062,198.031,65.75,87.6875,0,0,0.5,0.5,0
8320017,2485,1,1,0,0.453262,167.398,197.906,65.0781,87.5625,0,0,0.5,0.5,0
8323897,2487,1,1,0,0.624294,167.617,197.141,65.3906,78.8438,1,0,0.5,0.5,0
8330127,2482,1,1,0,0.517571,167.531,196.312,65.1875,89.75,0,0,0.5,0.5,0
8334421,2483,1,1,0,0.426799,166.859,195.055,67.0312,88.3594,1,0,0.5,0.5,0
8337863,2485,1,1,0,0.267409,166.16,197.016,66.3828,81.5312,0,0,0.5,0.5,0
8343859,2487,1,1,0,0.571288,171.902,192.766,60.3828,88.0938,1,0,0.5,0.5,0
8348142,2487,1,1,0,0.670608,171.781,195.477,57.4375,75.4219,0,0,0.5,0.5,0
8352948,2485,1,1,0,0.341582,171.641,195.195,57.5312,76.6094,1,0,0.5,0.5,0
8357835,2482,1,1,0,0.720565,171.73,196.203,55.1484,82.0312,1,0,0.5,0.5,0
8362126,2484,1,1,0,0.351534,173.137,196.109,59.7266,84.5938,1,0,0.5,0.5,0
8367324,2484,1,1,0,0.640635,173.016,196.305,57.0938,82.9844,0,0,0.5,0.5,0
8370873,2487,1,1,0,0.349977,170.961,197.398,57.2344,82.7031,1,0,0.5,0.5,0
8376887,2484,1,1,0,0.539469,172.016,197.609,56.6562,85.5938,1,0,0.5,0.5,0
8381314,2486,1,1,0,0.380299,172.117,201.609,55.2656,83.0312,1,0,0.5,0.5,0
8384966,2485,1,1,0,0.600188,175.016,194.633,56.4688,100.016,1,0,0.5,0.5,0
8390432,2487,1,1,0,0.410638,174.25,198.945,56.125,92.3594,0,1,0.5,0.5,0
8394392,2485,1,1,0,0.567937,172.82,201.031,57.2344,85.1875,2,0,0.5,0.5,0
8397891,2485,1,1,0,0.267217,172.906,193.625,57.8125,97.375,0,0,0.5,0.5,0
8403949,2483,1,1,0,0.62521,174.117,197.773,52.2344,86.5469,1,0,0.5,0.5,0
8408031,2487,1,1,0,0.379838,171.156,198.844,57.9375,84.1875,1,0,0.5,0.5,0
8414128,2485,1,1,0,0.722918,175.578,196.453,45.3125,80.2812,1,0,0.5,0.5,0
8417893,2486,1,1,0,0.538013,175.742,198.539,51.2656,86.4219,2,0,0.5,0.5,0
8421921,2482,1,1,0,0.717012,176.398,198.375,47.7656,88.375,0,0,0.5,0.5,0
8427597,2485,1,1,0,0.417271,175.957,198,46.9609,82.625,2,0,0.5,0.5,0
8431417,2484,1,1,0,0.603932,175.711,198.305,45.0781,85.3906,1,0,0.5,0.5,0
8435291,2483,1,1,0,0.466359,175.727,199.031,48.8594,85.8125,1,0,0.5,0.5,0
8440624,2480,1,1,0,0.607197,174.156,199.406,44.6562,83.3125,1,0,0.5,0.5,0
8444272,2486,1,1,0,0.495606,174.582,198.625,43.7422,81.25,1,0,0.5,0.5,0
8447967,2481,1,1,0,0.658418,174.445,199.031,42.7656,84.625,1,0,0.5,0.5,0
8453932,2482,1,1,0,0.539954,174.441,197.828,42.3672,85.7812,1,0,0.5,0.5,0
8457932,2481,1,1,0,0.569853,174.281,195.945,42.9688,83.8906,1,0,0.5,0.5,0
8464312,2480,1,1,0,0.554471,175.438,195.82,41.9688,85.0156,1,0,0.5,0.5,0
8468006,2482,1,1,0,0.721351,176.215,194.797,40.2578,85.8438,2,0,0.5,0.5,0
8473957,2480,1,1,0,0.778986,176.918,188.375,40.6953,97.5,1,0,0.5,0.5,0
8477767,2482,1,1,0,0.783657,177.043,189.148,40.7109,101.953,1,0,0.5,0.5,0
8484303,2484,1,1,0,0.780663,175.348,189.734,41.0547,101.781,1,0,0.5,0.5,0
8487706,2487,1,1,0,0.669744,175.176,189.094,37.6797,95.4375,2,0,0.5,0.5,0
8491922,2485,1,1,0,0.693888,176.008,187.977,39.7656,98.5469,1,0,0.5,0.5,0
8497683,2487,1,1,0,0.59408,175.105,194.953,37.6172,82.1562,1,0,0.5,0.5,0
8501947,2485,1,1,0,0.802556,173.836,188.922,38.8594,96.0938,1,0,0.5,0.5,0
8507641,2487,1,1,0,0.566978,173.617,189.875,38.5469,97.25,1,0,0.5,0.5,0
8511859,2481,1,1,0,0.561696,173.738,190.969,37.0391,91.5625,1,0,0.5,0.5,0
8515083,2487,1,1,0,0.848722,173.66,187.219,36.8672,96.3125,2,0,0.5,0.5,0
8518991,2485,1,1,0,0.791821,173.531,186.984,35.6875,94.0938,0,0,0.5,0.5,0
8524815,2483,1,1,0,0.850716,173.578,186.953,36.5625,95.7188,2,0,0.5,0.5,0
8531387,2483,1,1,0,0.747248,172.07,186.938,37.1094,97.125,0,0,0.5,0.5,0
8534924,2486,1,1,0,0.532668,173.008,193.555,35.2031,82.3906,1,0,0.5,0.5,0
8541268,2484,1,1,0,0.804713,172.594,186.867,36.5625,96.3594,1,0,0.5,0.5,0
8544890,2486,1,1,0,0.425844,172.562,190.594,34.875,89.6875,1,0,0.5,0.5,0
8551132,2482,1,1,0,0.807461,173.777,187.125,35.4453,97.8125,1,0,0.5,0.5,0
8556331,2485,1,1,0,0.648689,173.141,187.992,35.6562,99.2656,1,0,0.5,0.5,0
8562054,2484,1,1,0,0.538498,172.445,194.055,34.5156,84.2656,1,0,0.5,0.5,0
8567918,2484,1,1,0,0.349532,172.82,193.758,34.7344,84.2656,1,0,0.5,0.5,0
8574024,2481,1,1,0,0.47171,172.195,195.203,33.9531,83.0938,1,0,0.5,0.5,0
8578026,2483,1,1,0,0.699665,173.086,188.984,34.2969,100.781,1,0,0.5,0.5,0
8582081,2485,1,1,0,0.71103,173.875,188.453,33.125,99.9688,1,0,0.5,0.5,0
8587446,2483,1,1,0,0.580828,172.992,194.484,31.3594,81.4688,1,0,0.5,0.5,0
8591672,2486,1,1,0,0.453262,171.047,193.391,33.5938,86.1562,0,0,0.5,0.5,0
8595631,2485,1,1,0,0.384912,170.57,193.875,31.6094,81.4375,1,0,0.5,0.5,0
8600838,2484,1,1,0,0.769425,172.242,187.789,34.8594,97.9219,1,0,0.5,0.5,0
8604766,2485,1,1,0,0.834136,172.82,188.828,33.6094,99.0938,1,0,0.5,0.5,0
8611395,2486,1,1,0,0.475605,174.062,189.75,32.625,100,1,0,0.5,0.5,0
8614879,2487,1,1,0,0.807765,173.664,190.57,32.3281,101.109,1,0,0.5,0.5,0
8621177,2485,1,1,0,0.74872,173.586,193.227,32.4219,95.5469,1,0,0.5,0.5,0
8625007,2483,1,1,0,0.734882,172.07,196.57,34.7969,88.9844,1,0,0.5,0.5,0
8631448,2485,1,1,0,0.617397,172.699,195.336,34.3203,90.4219,0,0,0.5,0.5,0
8635964,2485,1,1,0,0.756356,172.508,195.32,33.2656,90.1094,2,0,0.5,0.5,0
8641373,2485,1,1,0,0.674479,173.32,196.266,33.1406,89.2188,0,0,0.5,0.5,0
8645198,2485,1,1,0,0.337203,173.453,196.375,32.0312,84.375,1,0,0.5,0.5,0
8651013,2484,1,1,0,0.774242,172.586,195.484,33.8281,94.4688,1,0,0.5,0.5,0
8654897,2485,1,1,0,0.29584,173.137,195.016,33.9766,89.5312,1,0,0.5,0.5,0
8659378,2483,1,1,0,0.719384,173.062,195.586,33.4688,91.0781,1,0,0.5,0.5,0
8664619,2485,1,1,0,0.586523,173.035,195.953,34.0547,89.4062,1,0,0.5,0.5,0
8668742,2485,1,1,0,0.253675,172.098,193.891,35.1172,98.2812,1,0,0.5,0.5,0
8672420,2486,1,1,0,0.795975,172.43,196.578,33.4531,89.9688,1,0,0.5,0.5,0
8678323,2483,1,1,0,0.747248,171.469,198.555,35.625,86.2656,0,0,0.5,0.5,0
8682182,2479,1,1,0,0.770117,171,197.562,39.3438,90.375,1,0,0.5,0.5,0
8688712,2484,1,1,0,0.779993,169.492,196.656,37.9531,89.9375,1,0,0.5,0.5,0
8692607,2487,1,1,0,0.696371,169.086,196.258,39.2344,92.2344,0,0,0.5,0.5,0
8697954,2482,1,1,0,0.801936,167.422,198.797,40.75,87.4062,1,0,0.5,0.5,0
8701705,2487,1,1,0,0.753103,165.723,198.828,40.4297,86.2812,0,0,0.5,0.5,0
8707780,2480,1,1,0,0.639736,165.637,197.469,42.4766,87.5625,0,0,0.5,0.5,0
8711993,2481,1,1,0,0.740926,164.922,197.484,44.1562,90.3438,1,0,0.5,0.5,0
8718001,2485,1,1,0,0.763834,163.516,199.352,46.6562,86.2031,0,0,0.5,0.5,0
8722025,2487,1,1,0,0.772873,161.875,199.984,44.25,82.7812,0,0,0.5,0.5,0
8726303,2481,1,1,0,0.667147,162.133,198.156,45.9219,86.4375,0,0,0.5,0.5,0
8731560,2483,1,1,0,0.816406,162.812,191.859,47.25,98.0312,0,0,0.5,0.5,0
8735312,2484,1,1,0,0.792143,163.93,192.766,49.4844,99.9688,0,0,0.5,0.5,0
8741304,2485,1,1,0,0.825307,163.086,190.922,48.6406,96.9688,0,0,0.5,0.5,0
8745633,2483,1,1,0,0.806244,162.367,192.625,50.9219,100.625,0,0,0.5,0.5,0
8749777,2486,1,1,0,0.610918,160.391,193.852,52.3438,95.5469,0,0,0.5,0.5,0
8755014,2485,1,1,0,0.677047,162.57,195.602,51.6406,100.297,0,0,0.5,0.5,0
8759064,2488,1,1,0,0.511229,162.562,197.359,51.0312,86.5312,1,0,0.5,0.5,0
8762740,2482,1,1,0,0.341801,162.82,196.852,52.7656,98.9531,0,0,0.5,0.5,0
8769144,2483,1,1,0,0.711431,163.336,195.258,54.4219,104.516,0,0,0.5,0.5,0
8775543,2485,1,1,0,0.250179,160.656,197.242,53.625,80.1406,0,0,0.5,0.5,0
8781979,2485,1,1,0,0.490236,160.016,191.289,56.9688,89.2031,0,0,0.5,0.5,0
8786034,2484,1,1,0,0.376394,159.008,191.633,60.5469,87.5156,0,0,0.5,0.5,0
8792124,2486,1,1,0,0.330256,157.648,190.203,58.1406,89.1562,0,0,0.5,0.5,0
8796366,2484,1,1,0,0.288769,152.508,193.25,60.8906,74.8125,0,0,0.5,0.5,0
8800006,2486,1,1,0,0.455199,154.18,191.422,65.6406,89.8438,0,0,0.5,0.5,0
8805538,2483,1,1,0,0.26588,161.562,188.297,45.4375,87.1562,0,0,0.5,0.5,0
8809303,2486,1,1,0,0.339608,155.484,187.398,54.0938,84.7031,0,0,0.5,0.5,0
8812806,2483,1,1,0,0.392803,155.66,187.344,52.3828,85.75,0,0,0.5,0.5,0
8816939,2486,1,1,0,0.35959,153.195,188.25,53.8906,87.4375,0,0,0.5,0.5,0
8822189,2488,1,1,0,0.325092,152.203,189.688,59.9688,87.9375,0,0,0.5,0.5,0
8825855,2487,1,1,0,0.667147,151.164,190.062,60.0469,89.125,-1,0,0.5,0.5,0
8829262,2483,1,1,0,0.846706,151.43,189.656,62.8594,90.875,0,0,0.5,0.5,0
8835295,2485,1,1,0,0.85609,152.035,189.453,62.1953,90.4062,-1,0,0.5,0.5,0
8839417,2486,1,1,0,0.762775,152.074,189.438,62.0234,90.375,0,0,0.5,0.5,0
8845563,2483,1,1,0,0.776284,151.977,189.406,63.2656,89.6875,0,0,0.5,0.5,0
8852231,2484,1,1,0,0.66888,151.688,189.125,59.625,89.0625,-1,0,0.5,0.5,0
8855863,2485,1,1,0,0.698432,150.457,188.391,56.0234,89.2812,0,0,0.5,0.5,0
8862537,2480,1,1,0,0.519521,153.703,189.242,67.0938,89.7656,0,0,0.5,0.5,0
8866184,2482,1,1,0,0.595493,154.688,190.422,65.5,92.0312,-1,0,0.5,0.5,0
8869909,2482,1,1,0,0.690977,155.25,189.797,69.25,91.2188,0,0,0.5,0.5,0
8873688,2483,1,1,0,0.578924,154.656,193.406,68.4375,83.6875,0,0,0.5,0.5,0
8879512,2483,1,1,0,0.634317,155.266,190.234,71.9062,90.2812,0,0,0.5,0.5,0
8883525,2480,1,1,0,0.828105,155.32,190.656,69.5781,93.4375,-1,0,0.5,0.5,0
8889845,2484,1,1,0,0.801315,155.086,190.484,68.6719,91.4062,0,0,0.5,0.5,0
8893803,2486,1,1,0,0.811079,155.109,190.406,68.2812,91.8125,0,0,0.5,0.5,0
8897769,2483,1,1,0,0.861768,155.75,191.102,70.125,93.7031,0,0,0.5,0.5,0
8904456,2487,1,1,0,0.790206,154.484,191,71.0312,92.875,0,0,0.5,0.5,0
8908514,2488,1,1,0,0.668447,154.906,191.281,72.1875,94.8125,0,0,0.5,0.5,0
8912299,2484,1,1,0,0.641085,153.547,190.133,71.9688,93.2656,-1,0,0.5,0.5,0
8917116,2483,1,1,0,0.668447,153.047,190.141,68.7188,91.9688,0,0,0.5,0.5,0
8921253,2484,1,1,0,0.758866,152.047,192.391,69.2812,96.1562,0,0,0.5,0.5,0
8926612,2485,1,1,0,0.668447,152.164,192.891,68.9219,93.5938,-1,0,0.5,0.5,0
8930343,2485,1,1,0,0.725648,150.625,194.766,65.5,82.8438,0,0,0.5,0.5,0
8934349,2481,1,1,0,0.756356,149.961,196.648,64.5469,86.2969,-1,0,0.5,0.5,0
8939686,2486,1,1,0,0.664105,149.852,196.703,66.3281,91.7812,0,0,0.5,0.5,0
8943540,2484,1,1,0,0.858953,149.266,198.922,65.6562,86.5938,-1,0,0.5,0.5,0
8949658,2486,1,1,0,0.821903,148.844,197.984,65.5625,84.6562,0,0,0.5,0.5,0
8953774,2483,1,1,0,0.714628,148.09,196.562,63.1797,90.5,-1,0,0.5,0.5,0
8957794,2485,1,1,0,0.645566,148.242,196.391,62.3594,92.7812,-1,0,0.5,0.5,0
8963865,2483,1,1,0,0.737159,145.312,194.5,60.25,98.375,-1,0,0.5,0.5,0
8969687,2488,1,1,0,0.852201,147.43,197.805,58.6406,84.9844,0,0,0.5,0.5,0
8973207,2485,1,1,0,0.794066,145.688,191.109,58.625,97.2188,-1,0,0.5,0.5,0
8979776,2484,1,1,0,0.817868,145.805,191.172,57.9844,97.2812,-1,0,0.5,0.5,0
8983679,2487,1,1,0,0.851211,145.375,190.469,56.625,95.6875,-1,0,0.5,0.5,0
8987678,2485,1,1,0,0.85022,144.25,188.766,54.625,92.5938,-1,0,0.5,0.5,0
8993441,2488,1,1,0,0.786623,143.82,191.922,51.6094,82.9062,-2,0,0.5,0.5,0
8997744,2484,1,1,0,0.681303,143.281,189.25,49.875,94,0,0,0.5,0.5,0
9003372,2481,1,1,0,0.833595,143.109,189.375,50.7812,92.125,-2,0,0.5,0.5,0
9006669,2487,1,1,0,0.851211,143.703,188.172,49.0312,91.4688,-1,0,0.5,0.5,0
9010811,2489,1,1,0,0.796292,143.227,188.703,48.9531,91.3438,-1,0,0.5,0.5,0
9014793,2487,1,1,0,0.848722,142.891,188.094,47.4062,91.3125,-2,0,0.5,0.5,0
9020510,2486,1,1,0,0.487307,142.867,187.836,45.8906,91.0781,-1,0,0.5,0.5,0
9024672,2484,1,1,0,0.378,142.398,188.227,46.0156,90.4219,-1,0,0.5,0.5,0
9030365,2484,1,1,0,0.788583,143.441,190.531,42.4453,85.3125,-1,0,0.5,0.5,0
9033931,2487,1,1,0,0.813757,143.336,189.57,43.2969,95.6406,-2,0,0.5,0.5,0
9037727,2485,1,1,0,0.808068,143.168,187.312,38.6797,92.8125,-1,0,0.5,0.5,0
9043503,2482,1,1,0,0.679604,143.098,188.195,40.5859,95.2344,-1,0,0.5,0.5,0
9050135,2483,1,1,0,0.802556,144.102,188.516,38.1719,87.7812,-2,0,0.5,0.5,0
9054139,2483,1,1,0,0.817868,143.801,187.453,38.0078,92.7812,-1,0,0.5,0.5,0
9060128,2488,1,1,0,0.776963,143.824,187.406,38.5859,93.3125,-1,0,0.5,0.5,0
9064014,2483,1,1,0,0.778313,145.551,187.5,38.5391,93.5,-1,0,0.5,0.5,0
9070234,2482,1,1,0,0.778986,143.816,193.406,36.8828,80.4375,-2,0,0.5,0.5,0
9074202,2482,1,1,0,0.321246,144.648,193.531,35.1719,85.375,-1,0,0.5,0.5,0
9077733,2484,1,1,0,0.745029,145.277,193.18,36.1484,97.4844,-1,0,0.5,0.5,0
9084392,2483,1,1,0,0.467332,145.695,193,33.6406,81.8125,-1,0,0.5,0.5,0
9087597,2479,1,1,0,0.806244,147.387,197.078,34.2422,88.5938,-1,0,0.5,0.5,0
9091825,2482,1,1,0,0.736402,147.121,197.031,34.3203,88.4375,-1,0,0.5,0.5,0
9097585,2482,1,1,0,0.318273,145.992,194.109,35.7656,85.3438,-1,0,0.5,0.5,0
9103888,2481,1,1,0,0.772873,146.699,194.078,35.8047,80.1562,-1,0,0.5,0.5,0
9107856,2482,1,1,0,0.747616,147.023,194.07,34.4844,83.9844,-1,0,0.5,0.5,0
9113829,2482,1,1,0,0.271252,146.391,194.828,36.2812,86.3438,-1,0,0.5,0.5,0
9117907,2482,1,1,0,0.568895,148.059,194.383,33.5703,78.9844,-1,0,0.5,0.5,0
9121846,2486,1,1,0,0.566498,148.992,195.031,31.7656,81.1875,-1,0,0.5,0.5,0
9127757,2485,1,1,0,0.396536,148.766,193.969,32.4062,81.6875,-1,0,0.5,0.5,0
9133822,2484,1,1,0,0.373646,149.305,194.242,32.2969,83.0156,0,0,0.5,0.5,0
9137917,2485,1,1,0,0.330904,150.219,196.766,33.5625,83.9688,-1,0,0.5,0.5,0
9141953,2486,1,1,0,0.670608,151.555,194.891,30.2344,76.9688,-1,0,0.5,0.5,0
9146978,2485,1,1,0,0.747616,149.641,196.406,31.5938,87.1875,0,0,0.5,0.5,0
9150936,2485,1,1,0,0.619701,149.422,196.031,30.5938,82.4375,-1,0,0.5,0.5,0
9157090,2487,1,1,0,0.324664,150.102,196.703,33.0781,84.7188,-1,0,0.5,0.5,0
9161036,2483,1,1,0,0.723309,150.02,196.844,32.0078,85.8125,0,0,0.5,0.5,0
9167125,2484,1,1,0,0.613237,149.902,196.938,31.2109,85.125,-1,0,0.5,0.5,0
9171273,2487,1,1,0,0.753828,150.062,196.984,32.4062,87.4062,-1,0,0.5,0.5,0
9175046,2484,1,1,0,0.667147,148.508,197.094,32.7031,85.3125,0,0,0.5,0.5,0
9178627,2482,1,1,0,0.66236,147.875,197.266,33.375,86.6562,-1,0,0.5,0.5,0
9183877,2482,1,1,0,0.5,147.984,197.656,35.4375,88.0625,-1,0,0.5,0.5,0
9187637,2485,1,1,0,0.438304,147.301,194.945,32.0859,79.3906,-1,0,0.5,0.5,0
9191699,2483,1,1,0,0.52829,146.09,198.32,35.8516,88.4844,-1,1,0.5,0.5,0
9197654,2483,1,1,0,0.285372,147.398,198.633,35.0156,87.5156,0,0,0.5,0.5,0
9201188,2485,1,1,0,0.562177,148.25,198.93,35.3125,87.8594,-1,0,0.5,0.5,0
9205179,2483,1,1,0,0.506836,148.164,198.797,35.1406,86.0938,-1,0,0.5,0.5,0
9208736,2488,1,1,0,0.442155,146.918,197.477,34.0859,87.7031,-1,0,0.5,0.5,0
9214370,2485,1,1,0,0.661049,147.805,197.992,35.4219,87.6094,-1,0,0.5,0.5,0
9217885,2486,1,1,0,0.333938,148.641,198.25,36.7188,80.75,0,0,0.5,0.5,0
9222097,2486,1,1,0,0.456168,148.625,201.344,36.8125,81.3125,-1,0,0.5,0.5,0
9226087,2480,1,1,0,0.643776,146.832,199.227,37.1953,87.4531,-1,0,0.5,0.5,0
9231873,2489,1,1,0,0.646906,147.383,199.188,37.5469,88.875,-1,0,0.5,0.5,0
9235788,2481,1,1,0,0.609059,147.051,199.508,38.6172,86.6094,-1,0,0.5,0.5,0
9241229,2482,1,1,0,0.327454,147.668,199.023,38.1016,87.2969,-1,0,0.5,0.5,0
9244976,2486,1,1,0,0.372048,147.508,198.781,37.4531,85.4375,0,0,0.5,0.5,0
9251641,2487,1,1,0,0.612773,147.039,197.828,38.0781,85.7812,-1,0,0.5,0.5,0
9255281,2482,1,1,0,0.319334,148.059,200.219,37.3828,81.8125,-1,1,0.5,0.5,0
9262252,2482,1,1,0,0.537527,146.289,198.969,38.5781,82.6875,-1,0,0.5,0.5,0
9265966,2482,1,1,0,0.455683,146.258,198.875,39.0781,84.125,-1,0,0.5,0.5,0
9271744,2482,1,1,0,0.568895,145.91,197.352,40.2734,85.0781,-1,0,0.5,0.5,0
9277741,2482,1,1,0,0.517083,145.777,197.328,40.0234,86.0312,-1,0,0.5,0.5,0
9281498,2485,1,1,0,0.33004,146.266,196.695,41.9375,84.8906,-1,0,0.5,0.5,0
9285561,2483,1,1,0,0.562177,146.777,197.039,41.6016,85.3281,-1,0,0.5,0.5,0
9290865,2485,1,1,0,0.656219,146.805,197.109,43.2656,86.5312,0,0,0.5,0.5,0
9294888,2485,1,1,0,0.365456,146.586,196.617,45.8281,88.1406,-2,0,0.5,0.5,0
9299231,2473,1,0,-1,0,0,0,0,0,0,0,0,0,0
9304687,2485,1,1,0,0.295026,143.562,197.75,53.4375,89.0625,-1,0,0.5,0.5,0
9308605,2485,1,1,0,0.317003,157.98,198.375,25.0391,78.9375,0,0,0.5,0.5,0
9314421,2486,1,1,0,0.270866,143.832,196.695,59.5859,88.7656,-1,0,0.5,0.5,0
9320769,2486,1,1,0,0.273381,143.828,196.969,59.2812,87.8125,-1,0,0.5,0.5,0
9324806,2484,1,1,0,0.258512,145.07,195.594,56.7969,87.3125,-1,0,0.5,0.5,0
9330998,2487,1,1,0,0.403567,146.094,197.859,55.6875,85.9688,-1,0,0.5,0.5,0
9334973,2485,1,1,0,0.639285,147.359,195.945,56.8438,86.2344,-1,0,0.5,0.5,0
9338946,2485,1,1,0,0.294215,145.039,195.531,65.1719,85.4375,-1,0,0.5,0.5,0
9344186,2484,1,1,0,0.422028,145.453,196.203,65.0938,89.9062,-1,0,0.5,0.5,0
9348166,2484,1,1,0,0.254415,145.672,196.18,65.5312,86.6094,-1,0,0.5,0.5,0
9354474,2480,1,1,0,0.640635,145.656,196.406,68.9375,86.4375,-1,0,0.5,0.5,0
9358223,2481,1,1,0,0.306838,145.688,196.203,69.5,85.1562,-1,0,0.5,0.5,0
9362251,2478,1,1,0,0.718989,145.82,195.703,71.5156,87.2812,-1,0,0.5,0.5,0
9367431,2480,1,1,0,0.680029,145.945,196.203,75.2656,90.2812,-1,0,0.5,0.5,0
9371455,2486,1,1,0,0.720171,148.242,195.625,70.2344,86.9375,-1,0,0.5,0.5,0
9375360,2484,1,1,0,0.639736,148.164,195.594,73.0781,89.1875,-1,0,0.5,0.5,0
9381085,2497,1,1,0,0.28577,149,195.68,74,86.1406,0,0,0.5,0.5,0
9385221,2486,1,1,0,0.631595,148.164,195.406,74.6719,85.0625,-1,0,0.5,0.5,0
9388684,2483,1,1,0,0.61878,148.227,195.125,75.7969,85.5,-1,0,0.5,0.5,0
9394424,2487,1,1,0,0.636127,147.906,195.398,80.1875,85.0781,-1,0,0.5,0.5,0
9398408,2482,1,1,0,0.483892,147.891,195.305,82.0312,85.6094,-1,0,0.5,0.5,0
9402395,2484,1,1,0,0.349754,151.656,195.195,76.5625,87.8594,0,0,0.5,0.5,0
9408000,2484,1,1,0,0.359815,151.938,195.078,73.875,80.1562,-1,0,0.5,0.5,0
9411922,2486,1,1,0,0.713432,153.156,194.75,70.6875,86,0,0,0.5,0.5,0
9418069,2486,1,1,0,0.533155,153.219,189.602,74,97.3281,0,0,0.5,0.5,0
9423436,2487,1,1,0,0.368405,153.609,194.672,75.2812,86.2188,-1,0,0.5,0.5,0
9427059,2483,1,1,0,0.532668,147.164,196.945,67.7969,81.4844,-1,0,0.5,0.5,0
9433270,2487,1,1,0,0.608129,151.688,195.914,75.125,86.0781,0,0,0.5,0.5,0
9439131,2484,1,1,0,0.502441,153,195.562,75.625,89.375,0,0,0.5,0.5,0
9443698,2485,1,1,0,0.75274,152.953,195.734,74.7812,89.5938,-1,0,0.5,0.5,0
9448381,2485,1,1,0,0.585101,154.43,195.516,69.1094,88.5312,0,0,0.5,0.5,0
9454953,2482,1,1,0,0.603464,154.391,195.711,68.5938,83.7969,0,0,0.5,0.5,0
9461103,2484,1,1,0,0.584627,154.328,196,69.7812,89,-1,0,0.5,0.5,0
9465767,2486,1,1,0,0.863159,153.633,189.25,70.7344,102,0,0,0.5,0.5,0
9470015,2484,1,1,0,0.624752,151.305,189.125,72.7656,100.75,0,0,0.5,0.5,0
9479341,2488,1,1,0,0.74651,152.594,188.695,69.5,101.109,-1,0,0.5,0.5,0
9484964,2484,1,1,0,0.829767,151.047,188.516,66.4062,101.594,0,0,0.5,0.5,0
9488725,2487,1,1,0,0.811079,150.039,188.672,64.2969,100.781,-1,0,0.5,0.5,0
9494536,2480,1,1,0,0.824178,149.484,188.859,64.3438,102.094,0,0,0.5,0.5,0
9499003,2485,1,1,0,0.584153,149.297,189.016,64.1562,100.219,-1,0,0.5,0.5,0
9504651,2485,1,1,0,0.655778,148.852,193,60.9219,90.375,-1,0,0.5,0.5,0
9508538,2485,1,1,0,0.586996,148.367,191.156,58.7344,93.3125,0,0,0.5,0.5,0
9512443,2483,1,1,0,0.768383,148.133,191.703,61.3594,92.4062,-1,0,0.5,0.5,0
9518307,2483,1,1,0,0.629776,148.102,191.5,57.7031,93.25,-1,0,0.5,0.5,0
9521729,2481,1,1,0,0.711431,147.227,189.648,55.4844,96.7969,0,0,0.5,0.5,0
9525627,2484,1,1,0,0.787931,146.625,194.141,57.375,89.2188,-1,0,0.5,0.5,0
9531963,2483,1,1,0,0.668447,146.852,192.125,54.7031,91.875,-1,0,0.5,0.5,0
9535722,2485,1,1,0,0.781664,145.922,194.383,61.0312,90.3594,-1,0,0.5,0.5,0
9541468,2482,1,1,0,0.741301,145.203,194.656,52.9062,88.0625,-1,0,0.5,0.5,0
9545302,2482,1,1,0,0.742423,145.367,189.93,51.0156,96.6094,-1,0,0.5,0.5,0
9548812,2486,1,1,0,0.718989,145.797,190.844,52.7188,97.3125,-1,0,0.5,0.5,0
9552943,2486,1,1,0,0.775945,144.805,194.602,52.8281,87.9219,-1,0,0.5,0.5,0
9559230,2485,1,1,0,0.754191,145.672,192.711,48.0938,91.1719,-1,0,0.5,0.5,0
9562972,2484,1,1,0,0.777638,145.617,188.312,47.9844,99.5,-1,0,0.5,0.5,0
9569060,2484,1,1,0,0.728362,145.367,190.594,45.3281,95.9375,-1,0,0.5,0.5,0
9573630,2484,1,1,0,0.520984,145.406,190.867,46.1875,97.0156,-1,0,0.5,0.5,0
9577678,2486,1,1,0,0.351979,144.832,191.125,39.6016,91.25,-1,0,0.5,0.5,0
9582958,2484,1,1,0,0.506347,143.906,188.625,38.0938,99,-1,0,0.5,0.5,0
9586777,2485,1,1,0,0.630231,145.457,193.625,38.2734,87,-2,0,0.5,0.5,0
9592861,2482,1,1,0,0.293202,143.762,190.812,36.4609,92.875,-1,0,0.5,0.5,0
9599396,2485,1,1,0,0.423458,145.605,189.547,34.8984,94.9062,0,0,0.5,0.5,0
9604357,2482,1,1,0,0.574633,145.242,194.695,32.8906,85.8594,-2,0,0.5,0.5,0
9609761,2483,1,1,0,0.436382,144.895,197.297,32.6172,79.2812,-1,0,0.5,0.5,0
9613870,2484,1,1,0,0.372733,143.625,195.695,32.2188,84.1406,-1,0,0.5,0.5,0
9620524,2486,1,1,0,0.627039,143.902,189.25,34.0234,96.8125,-1,0,0.5,0.5,0
9624687,2482,1,1,0,0.268559,147.102,193.359,30.2969,80.4062,-1,0,0.5,0.5,0
9630729,2487,1,1,0,0.584627,145.352,190.102,32.6094,95.2031,-1,0,0.5,0.5,0
9637068,2485,1,1,0,0.407805,146.316,193.781,35.8828,88.9375,-1,0,0.5,0.5,0
9640370,2484,1,1,0,0.668447,143.117,195.281,36.5781,84.125,-2,0,0.5,0.5,0
9646836,2481,1,1,0,0.683843,143.18,194.82,35.7344,84.8906,-1,0,0.5,0.5,0
9651405,2486,1,1,0,0.78695,140.406,195.656,48.75,87,-2,0,0.5,0.5,0
9657024,2487,1,1,0,0.263788,142.684,195.984,76.6172,86.4688,-1,0,0.5,0.5,0
9660938,2484,1,1,0,0.387227,144.438,196.219,78.375,87.4375,-1,0,0.5,0.5,0
9666709,2484,1,1,0,0.644224,149.961,191.031,54.7031,95.3125,-1,0,0.5,0.5,0
9670373,2482,1,1,0,0.781331,145.773,189.125,39.5156,98.75,-1,0,0.5,0.5,0
9674563,2479,1,1,0,0.749087,146.711,186.203,34.7344,101.156,-1,0,0.5,0.5,0
9681148,2489,1,1,0,0.361841,149.82,192.844,37.0469,83.5625,-1,0,0.5,0.5,0
9687751,2488,1,1,0,0.62521,149.41,193.594,34.0703,87.5625,0,0,0.5,0.5,0
9691554,2483,1,1,0,0.585101,148.055,191.18,35.3906,92.9844,-1,0,0.5,0.5,0
9695329,2481,1,1,0,0.605799,149.762,194.414,35.6172,85.1719,-1,0,0.5,0.5,0
9699423,2483,1,1,0,0.666714,149.266,194.344,36.7188,86.9375,-1,0,0.5,0.5,0
9702792,2485,1,1,0,0.409693,149.367,194.164,37.8906,85.9531,0,0,0.5,0.5,0
9709395,2486,1,1,0,0.417271,151.211,192.516,37.3281,87.2812,-1,0,0.5,0.5,0
9714368,2485,1,1,0,0.415373,151.258,194.281,32.7344,82.1875,-1,0,0.5,0.5,0
9720751,2485,1,1,0,0.3863,151.703,195.359,35.1875,80.5312,0,0,0.5,0.5,0
9727163,2487,1,1,0,0.343561,151.703,194.281,38.2812,86.0625,0,0,0.5,0.5,0
9731011,2486,1,1,0,0.578924,153.711,193.328,40.1719,87.9062,-1,0,0.5,0.5,0
9735753,2487,1,1,0,0.64646,153.836,193.508,38.9844,86.5156,0,0,0.5,0.5,0
9740838,2479,1,1,0,0.272025,153.938,193.648,37.75,86.2031,-1,0,0.5,0.5,0
9747416,2482,1,1,0,0.61832,155.469,193.242,39.4375,88.4844,0,0,0.5,0.5,0
9751919,2482,1,1,0,0.616012,155.887,192.516,38.9766,91.2188,0,0,0.5,0.5,0
9757903,2489,1,1,0,0.711832,158.062,187.242,37.5,103.766,0,0,0.5,0.5,0
9761803,2487,1,1,0,0.694303,157.98,187.234,38.2266,103.531,0,0,0.5,0.5,0
9767273,2483,1,1,0,0.798815,157.355,186.078,39.3828,99.7188,0,0,0.5,0.5,0
9771043,2484,1,1,0,0.743542,156.625,191.859,37.6875,87.4688,0,0,0.5,0.5,0
9775506,2484,1,1,0,0.753466,156.695,191.797,38.1719,87.3438,0,0,0.5,0.5,0
9778953,2483,1,1,0,0.69181,156.328,190.938,38.1562,87.75,-1,0,0.5,0.5,0
9784530,2484,1,1,0,0.751648,157.387,189.594,37.3516,91.25,0,0,0.5,0.5,0
9789675,2485,1,1,0,0.747616,158.949,188.094,37.9141,94.75,0,0,0.5,0.5,0
9794356,2484,1,1,0,0.694303,160,190.156,36.9375,90.8125,0,0,0.5,0.5,0
9799049,2481,1,1,0,0.75274,161.996,186.039,36.3672,99.8281,0,0,0.5,0.5,0
9802733,2483,1,1,0,0.40028,162.57,190.969,36.1719,89.0625,0,0,0.5,0.5,0
9809396,2485,1,1,0,0.481941,162.961,187.484,35.4531,97.7188,0,0,0.5,0.5,0
9814942,2483,1,1,0,0.605799,164.008,190.469,32.3281,89.4375,0,0,0.5,0.5,0
9818732,2482,1,1,0,0.493165,166.578,188.156,33.5,95.4375,0,0,0.5,0.5,0
9824988,2485,1,1,0,0.481454,167.422,186.711,33.6875,97.6719,0,0,0.5,0.5,0
9828795,2482,1,1,0,0.265118,168.914,189.141,34.5781,92.2188,1,0,0.5,0.5,0
9832700,2482,1,1,0,0.570331,169.008,186.469,33.0469,98.1875,0,0,0.5,0.5,0
9838910,2487,1,1,0,0.698432,170.891,185.844,34.375,100.812,1,0,0.5,0.5,0
9843120,2485,1,1,0,0.551574,168.441,191.859,30.8828,88.5312,0,0,0.5,0.5,0
9847275,2484,1,1,0,0.33917,171.609,191.266,33.7188,89.0312,1,0,0.5,0.5,0
9850418,2483,1,1,0,0.408277,169.281,188.523,34.1562,94.0469,0,0,0.5,0.5,0
9856061,2484,1,1,0,0.713831,171.309,187.133,34.6328,96.8906,1,0,0.5,0.5,0
9862932,2486,1,1,0,0.74577,171.84,185.938,34.5391,99.1875,1,0,0.5,0.5,0
9867530,2482,1,1,0,0.715822,171.219,185.922,34.2188,99.6562,0,0,0.5,0.5,0
9873247,2483,1,1,0,0.555435,172.035,187.453,33.5234,95.4688,1,0,0.5,0.5,0
9879405,2484,1,1,0,0.577019,171.953,191.453,32.875,87.8438,1,0,0.5,0.5,0
9885533,2483,1,1,0,0.806549,172.188,186.594,33.6562,96.6875,0,0,0.5,0.5,0
9891328,2487,1,1,0,0.81582,172.805,187.195,35.3594,98.8594,1,0,0.5,0.5,0
9894780,2483,1,1,0,0.796292,172.227,191.305,36.2656,90.0156,1,0,0.5,0.5,0
9899192,2484,1,1,0,0.569853,173.062,192.438,36.625,88.875,1,0,0.5,0.5,0
9903197,2485,1,1,0,0.747985,172.578,191.781,37.7188,87.9375,1,0,0.5,0.5,0
9908776,2484,1,1,0,0.811378,171.102,192.266,42.9219,88.0312,0,0,0.5,0.5,0
9912831,2486,1,1,0,0.799442,171.492,191.578,40.0156,90.7188,1,0,0.5,0.5,0
9916811,2483,1,1,0,0.433981,171.445,191.367,42.6094,88.9844,1,0,0.5,0.5,0
9921869,2483,1,1,0,0.839472,172.188,187.906,41.75,97.3125,1,0,0.5,0.5,0
9925680,2486,1,1,0,0.786295,172.273,191.633,42.0156,89.7656,0,0,0.5,0.5,0
9929972,2483,1,1,0,0.602062,172.641,190.273,44.2188,94.0469,1,0,0.5,0.5,0
9935151,2483,1,1,0,0.819605,171.367,192.797,47.7031,89.6562,1,0,0.5,0.5,0
9938897,2482,1,1,0,0.76524,172.488,191.828,47.2266,91.3438,1,0,0.5,0.5,0
9943064,2481,1,1,0,0.851705,172.094,193.188,49.9375,88.75,0,0,0.5,0.5,0
9948786,2484,1,1,0,0.764538,172.074,191.305,50.6484,92.8906,1,0,0.5,0.5,0
9952229,2481,1,1,0,0.719384,171.102,191.445,52.5469,92.3906,1,0,0.5,0.5,0
9956167,2484,1,1,0,0.854156,172.078,192.312,53.5938,90.125,1,0,0.5,0.5,0
9962098,2483,1,1,0,0.871696,172.383,193.953,54.0156,86.7188,0,0,0.5,0.5,0
9965670,2482,1,1,0,0.799755,172.453,188.281,54.9688,96.5625,1,0,0.5,0.5,0
9969072,2481,1,1,0,0.858953,171.938,189.094,54.9375,95.6875,1,0,0.5,0.5,0
9973039,2486,1,1,0,0.76524,173.031,191.625,59.6875,90,1,0,0.5,0.5,0
9978605,2483,1,1,0,0.421076,172.77,191.359,60.1484,90.5938,1,0,0.5,0.5,0
9982831,2484,1,1,0,0.814349,171.688,187.219,60.75,98.3125,1,0,0.5,0.5,0
9986679,2481,1,1,0,0.652684,171.641,192.555,61.2188,88.1094,0,0,0.5,0.5,0
9992351,2487,1,1,0,0.808673,169.344,186.984,65.5,100.031,1,0,0.5,0.5,0
9996833,2484,1,1,0,0.650468,168.266,192.469,65.4062,88.1875,0,0,0.5,0.5,0
10002155,2484,1,1,0,0.796292,168.625,192.141,67.8125,88.9688,1,0,0.5,0.5,0
10005792,2481,1,1,0,0.77865,167.992,192.445,66.2969,88.1406,0,0,0.5,0.5,0
10012138,2478,1,1,0,0.883436,169.453,186.281,66.2812,98.6875,1,0,0.5,0.5,0
10016011,2480,1,1,0,0.834136,169.445,186.219,67.9844,100.688,1,0,0.5,0.5,0
10020222,2484,1,1,0,0.879354,169.391,186.281,67.1562,99.8125,0,0,0.5,0.5,0
10025729,2487,1,1,0,0.812868,168.734,186.367,66.5938,100.516,0,0,0.5,0.5,0
10032857,2485,1,1,0,0.761004,166.688,186.391,67.125,99.9688,1,0,0.5,0.5,0
10038767,2481,1,1,0,0.816699,167.309,189.414,63.2422,94.5781,0,0,0.5,0.5,0
10045563,2477,1,1,0,0.647352,169.125,186.43,64.625,98.3594,1,0,0.5,0.5,0
10049980,2477,1,1,0,0.608129,168.547,186.109,63.8438,97.6562,0,0,0.5,0.5,0
10055312,2481,1,1,0,0.792785,168.531,186.164,63.625,97.9219,1,0,0.5,0.5,0
10059154,2482,1,1,0,0.776963,168.578,186.375,64.1562,98.75,0,0,0.5,0.5,0
10062850,2483,1,1,0,0.816406,169.289,187.891,61.5781,95.7812,1,0,0.5,0.5,0
10066758,2481,1,1,0,0.823611,168.758,188.562,61.7031,94.375,0,0,0.5,0.5,0
10072567,2483,1,1,0,0.303216,167.859,186.562,64.5312,96.75,0,0,0.5,0.5,0
10076511,2481,1,1,0,0.802246,168.312,186.148,64.75,97.7969,1,0,0.5,0.5,0
10080054,2483,1,1,0,0.668014,169.531,186.266,63.0625,95.5312,1,0,0.5,0.5,0
10086346,2484,1,1,0,0.84569,170.766,184.688,64.0312,99.25,0,0,0.5,0.5,0
10090275,2485,1,1,0,0.81582,170.695,184.875,64.2969,98.125,0,0,0.5,0.5,0
10094024,2480,1,1,0,0.70253,170.688,185.297,61.75,97.4688,1,0,0.5,0.5,0
10098291,2480,1,1,0,0.768036,170.086,189.031,62.7344,92.1875,1,0,0.5,0.5,0
10103549,2485,1,1,0,0.747248,171.891,189.875,63.1562,91.5,1,0,0.5,0.5,0
10110363,2484,1,1,0,0.259824,175.031,189.961,56.375,85.4531,0,0,0.5,0.5,0
10114143,2479,1,1,0,0.26303,173.016,190.844,56.2812,86.5625,1,0,0.5,0.5,0
10120791,2484,1,1,0,0.562657,176.578,190.125,52.7188,89.25,2,0,0.5,0.5,0
10126801,2485,1,1,0,0.572723,177.797,186.594,53.3438,96.0625,1,0,0.5,0.5,0
10133217,2483,1,1,0,0.446977,178.273,186.016,51.2031,96.7812,1,0,0.5,0.5,0
10137731,2484,1,1,0,0.392337,179.258,186.969,48.1406,93.6875,2,0,0.5,0.5,0
10142737,2483,1,1,0,0.274546,180.859,191,47.125,85.375,1,0,0.5,0.5,0
10148197,2485,1,1,0,0.268559,179.938,192.562,47.75,84.25,2,0,0.5,0.5,0
10151560,2484,1,1,0,0.254786,185.25,191.188,35.0625,86,3,0,0.5,0.5,0
10155807,2472,1,0,-1,0,0,0,0,0,0,0,0,0,0
10163670,2485,1,1,0,0.454714,180.562,188.516,39,89.4688,1,0,0.5,0.5,0
10169763,2485,1,1,0,0.551574,178.047,182.992,42.7812,102.016,2,0,0.5,0.5,0
10173064,2484,1,1,0,0.261707,179.555,189.984,40.7969,84.3438,2,0,0.5,0.5,0
10179180,2485,1,1,0,0.477067,174.84,192,34.1797,84,1,0,0.5,0.5,0
10183952,2484,1,1,0,0.375019,179.504,190.242,39.3672,84.1094,2,0,0.5,0.5,0
10190089,2467,1,0,-1,0,0,0,0,0,0,0,0,0,0
10194105,2485,1,1,0,0.506347,177.332,185.688,37.8984,85.75,1,0,0.5,0.5,0
10197786,2486,1,1,0,0.474631,176.82,183.773,38.4844,81.0469,2,0,0.5,0.5,0
10202256,2483,1,1,0,0.677474,178.496,177.844,37.6953,91.5625,2,0,0.5,0.5,0
10209285,2485,1,1,0,0.603464,178.277,175.406,37.9297,93.1875,1,0,0.5,0.5,0
10214092,2485,1,1,0,0.454714,175.879,184.648,36.3828,84.5469,1,0,0.5,0.5,0
10220629,2482,1,1,0,0.59972,174.566,178.977,36.3984,97.8281,1,0,0.5,0.5,0
10224940,2484,1,1,0,0.607663,174.938,178.172,37.5625,97.8438,2,0,0.5,0.5,0
10228596,2484,1,1,0,0.681303,175.723,178.039,37.3828,97.9219,1,0,0.5,0.5,0
10234157,2484,1,1,0,0.577972,175.02,178.219,35.9141,97.0625,1,0,0.5,0.5,0
10238389,2484,1,1,0,0.556882,175.711,180.93,37.5156,92.2656,1,-1,0.5,0.5,0
10242467,2484,1,1,0,0.251096,170.309,185.344,31.6016,82.5625,1,0,0.5,0.5,0
10245994,2487,1,1,0,0.309023,171.293,185.891,33.6016,84.9688,1,0,0.5,0.5,0
10251579,2487,1,1,0,0.633411,172.422,180.539,37.1875,102.328,1,0,0.5,0.5,0
10257638,2486,1,1,0,0.459561,172.883,180.867,36.3906,104.484,1,0,0.5,0.5,0
10261174,2484,1,1,0,0.464415,171.781,183.414,35.9375,102.922,1,0,0.5,0.5,0
10265396,2487,1,1,0,0.517083,172.098,184.484,34.9922,99.0312,0,0,0.5,0.5,0
10271456,2487,1,1,0,0.461502,172.117,184.281,34.5469,96.9375,1,0,0.5,0.5,0
10276159,2484,1,1,0,0.498047,172.711,186.18,33.6094,88.3594,2,0,0.5,0.5,0
10281734,2486,1,1,0,0.620162,172.648,186.438,34.4531,89.375,0,0,0.5,0.5,0
10287368,2484,1,1,0,0.384912,173.402,187.375,31.9453,86,1,0,0.5,0.5,0
10291219,2486,1,1,0,0.611846,172.047,184.781,33.6875,91.125,1,0,0.5,0.5,0
10294938,2486,1,1,0,0.383064,171.977,188.469,32.2344,86.6875,1,0,0.5,0.5,0
10301161,2484,1,1,0,0.661486,172.555,187.141,33.8281,90.2812,1,0,0.5,0.5,0
10305505,2485,1,1,0,0.494629,172.547,187.203,34.1875,85.2812,1,0,0.5,0.5,0
10311329,2484,1,1,0,0.401218,172.555,188.297,33.1406,91.4062,0,0,0.5,0.5,0
10315145,2483,1,1,0,0.31174,171.273,189.312,33.7344,87.5625,1,0,0.5,0.5,0
10319129,2485,1,1,0,0.502441,170.461,188.555,29.7656,83.1406,1,0,0.5,0.5,0
10325115,2484,1,1,0,0.467818,172.707,185.031,33.9609,96.0625,1,0,0.5,0.5,0
10328759,2484,1,1,0,0.511717,172.805,186.828,35.0469,94.8438,1,0,0.5,0.5,0
10334064,2481,1,1,0,0.671901,173.66,183.969,32.7422,100.188,1,-1,0.5,0.5,0
10337980,2482,1,1,0,0.727201,172.969,182.18,33.6875,101.766,1,0,0.5,0.5,0
10342130,2485,1,1,0,0.267026,171.789,183.766,33.1406,80.6562,0,0,0.5,0.5,0
10347382,2486,1,1,0,0.319546,171.602,187.172,33.2969,82.8438,1,0,0.5,0.5,0
10351261,2484,1,1,0,0.47171,170.82,189.984,34.3906,86.0312,1,0,0.5,0.5,0
10354911,2484,1,1,0,0.711832,171.797,189.562,34.7812,87.25,1,0,0.5,0.5,0
10359390,2481,1,1,0,0.267792,172.125,186.094,34.5312,84.875,1,0,0.5,0.5,0
10364985,2482,1,1,0,0.782995,172.734,182.312,35.5,96.625,0,0,0.5,0.5,0
10369205,2483,1,1,0,0.358017,171.555,189.625,35.7969,88.5,1,0,0.5,0.5,0
10373221,2485,1,1,0,0.791176,173.055,184.359,36.2031,99.2188,1,0,0.5,0.5,0
10378570,2486,1,1,0,0.74614,172.289,191.062,34.2031,88.5625,1,0,0.5,0.5,0
10384607,2482,1,1,0,0.717012,171.727,191.406,36.1406,86.9375,1,0,0.5,0.5,0
10389117,2483,1,1,0,0.682997,170.898,192.625,39.4219,87.75,0,0,0.5,0.5,0
10394480,2485,1,1,0,0.840523,171.688,190.453,39.3438,89.1562,1,0,0.5,0.5,0
10398934,2486,1,1,0,0.759223,170.867,190.938,38.9844,88.0625,1,0,0.5,0.5,0
10402325,2484,1,1,0,0.760293,172.488,191.062,40.1641,87.625,1,0,0.5,0.5,0
10406263,2483,1,1,0,0.779993,173.504,191.492,43.7578,87.2656,1,0,0.5,0.5,0
10411806,2485,1,1,0,0.73412,172.211,191.68,47.2969,89.6094,0,0,0.5,0.5,0
10416160,2483,1,1,0,0.819605,172.074,191.797,46.2109,88.5312,1,0,0.5,0.5,0
10420283,2486,1,1,0,0.614163,171.664,191.539,48.8594,90.5781,1,0,0.5,0.5,0
10425708,2482,1,1,0,0.755636,172.137,187.188,53.2891,99.9375,1,0,0.5,0.5,0
10429782,2485,1,1,0,0.682151,171.125,190.68,53.4375,92.3594,1,0,0.5,0.5,0
10435496,2484,1,1,0,0.70619,169.195,187.391,67.2344,99.5312,0,0,0.5,0.5,0
10439210,2483,1,1,0,0.57081,165.383,186.648,60.6094,91.4219,0,0,0.5,0.5,0
10445509,2487,1,1,0,0.59972,168.738,186.672,46.3984,85.0938,1,0,0.5,0.5,0
10448984,2486,1,1,0,0.392337,173.168,179.445,38.2266,92.6406,1,0,0.5,0.5,0
10455193,2485,1,1,0,0.504883,177.145,180.492,35.9453,88.5156,2,0,0.5,0.5,0
10458737,2484,1,1,0,0.762775,176.023,177.359,35.5781,97.7188,0,0,0.5,0.5,0
10462557,2487,1,1,0,0.774583,177.742,186.992,41.8906,84.7656,2,0,0.5,0.5,0
10468349,2486,1,1,0,0.881005,174.57,185.25,51.2656,99.75,1,0,0.5,0.5,0
10472243,2481,1,1,0,0.831416,171.375,184.422,58,98.7188,1,0,0.5,0.5,0
10478607,2485,1,1,0,0.396068,176.188,188.453,31.1875,78.9062,1,0,0.5,0.5,0
10482554,2485,1,1,0,0.736402,164.57,189.977,62.8906,87.7969,0,0,0.5,0.5,0
10488714,2486,1,1,0,0.722918,164.289,190.266,64.4531,89.7188,0,0,0.5,0.5,0
10492865,2485,1,1,0,0.603932,165.875,186.898,53,83.0469,0,0,0.5,0.5,0
10499164,2485,1,1,0,0.736402,166.512,186.922,54.9609,86.8438,1,0,0.5,0.5,0
10503126,2484,1,1,0,0.74872,164.133,189.266,56.3906,86.2188,0,0,0.5,0.5,0
10509175,2482,1,1,0,0.702938,164.234,189.836,56.0938,84.3281,0,0,0.5,0.5,0
10512815,2487,1,1,0,0.662797,163.266,187.797,55.2188,87.3438,0,0,0.5,0.5,0
10519126,2486,1,1,0,0.650468,163.898,186.656,54.6406,92.3125,0,0,0.5,0.5,0
10523749,2494,1,1,0,0.484868,164.578,185.672,52.7812,92.2188,1,0,0.5,0.5,0
10530033,2485,1,1,0,0.743169,164.32,189.375,50.8906,84.1875,0,0,0.5,0.5,0
10534880,2485,1,1,0,0.735262,164.672,189.344,49.9688,81.8125,0,0,0.5,0.5,0
10539199,2486,1,1,0,0.753103,165.047,189.672,49.4688,84.9062,0,0,0.5,0.5,0
10544604,2481,1,1,0,0.668014,164.445,189.805,50.3281,87.7656,0,0,0.5,0.5,0
10550408,2483,1,1,0,0.643776,164.398,187.359,51.3281,96.4688,0,0,0.5,0.5,0
10554109,2481,1,1,0,0.617397,164.176,186.047,51.4609,96.3438,1,0,0.5,0.5,0
10559075,2485,1,1,0,0.690977,164.109,186.328,52.2812,95.9688,0,0,0.5,0.5,0
10562620,2485,1,1,0,0.452778,163.867,186.688,54.9844,91.125,0,0,0.5,0.5,0
10566680,2485,1,1,0,0.53607,162.641,192,54.7188,84.25,0,0,0.5,0.5,0
10570928,2486,1,1,0,0.6137,163.547,189.328,52.7812,82.8438,0,0,0.5,0.5,0
10576629,2485,1,1,0,0.408277,163.805,191.031,55.3281,85.3125,0,0,0.5,0.5,0
10583603,2483,1,1,0,0.505371,162.938,189.984,54.5,81.2188,0,0,0.5,0.5,0
10586933,2480,1,1,0,0.458591,163.648,190.047,56.2969,81.0312,0,0,0.5,0.5,0
10591451,2484,1,1,0,0.461017,163.516,190.422,56.2812,79.9062,1,0,0.5,0.5,0
10596414,2479,1,1,0,0.589834,163.062,188.5,62.375,84.625,0,0,0.5,0.5,0
10600559,2486,1,1,0,0.650468,159.719,188.469,63.8125,82.5625,0,0,0.5,0.5,0
10604668,2485,1,1,0,0.431584,160.277,184.812,62.1953,84.125,0,0,0.5,0.5,0
10609925,2484,1,1,0,0.680879,157.293,185.078,65.5391,86.6562,0,0,0.5,0.5,0
10613798,2484,1,1,0,0.77865,159.062,183.375,62.125,93.25,0,0,0.5,0.5,0
10618096,2484,1,1,0,0.809879,156.867,189.914,71.8906,85.0781,0,0,0.5,0.5,0
10623246,2483,1,1,0,0.822474,156.797,189.891,71.5312,84.9062,0,0,0.5,0.5,0
10627452,2486,1,1,0,0.361841,156.867,189.023,71.3594,86.8281,0,0,0.5,0.5,0
10631424,2483,1,1,0,0.735262,156.727,186.703,72.5156,92.8438,0,0,0.5,0.5,0
10636473,2482,1,1,0,0.681727,156.121,185.789,70.1328,91.3906,0,0,0.5,0.5,0
10640174,2485,1,1,0,0.651354,153.383,184.586,73.2344,92.3594,0,0,0.5,0.5,0
10643897,2483,1,1,0,0.255714,151.109,183.422,70.5312,92.9688,-1,0,0.5,0.5,0
10650509,2483,1,1,0,0.522446,152.109,181.031,69.4688,93.8125,0,0,0.5,0.5,0
10654271,2485,1,1,0,0.770808,153.719,181.484,71.4375,94.8438,0,0,0.5,0.5,0
10657789,2482,1,1,0,0.654012,157.203,184.859,72.4688,89.9062,-1,0,0.5,0.5,0
10661339,2490,1,1,0,0.55929,152.969,187.93,78.5625,87.8906,0,0,0.5,0.5,0
10664645,2485,1,1,0,0.837886,153.766,182.203,72.1562,95.4062,0,0,0.5,0.5,0
10670305,2484,1,1,0,0.569374,152.328,186.703,78.7812,82.9688,0,0,0.5,0.5,0
10674121,2482,1,1,0,0.828105,154.039,181.766,75.0469,97.1562,-1,0,0.5,0.5,0
10677722,2484,1,1,0,0.817868,154.695,180.719,70.5781,93.0625,0,0,0.5,0.5,0
10683769,2482,1,1,0,0.538498,154.375,184.078,68.125,82.2188,0,0,0.5,0.5,0
10687809,2490,1,1,0,0.423458,154.562,184.797,66,79.5312,0,0,0.5,0.5,0
10693963,2486,1,1,0,0.743914,154.156,180.969,65.8125,90.5625,-1,0,0.5,0.5,0
10697923,2485,1,1,0,0.68342,154.891,183.773,72.1562,88.7656,0,0,0.5,0.5,0
10703903,2484,1,1,0,0.73029,153.844,187.43,73.4375,83.8906,0,0,0.5,0.5,0
10707830,2485,1,1,0,0.816406,154.906,187.953,70.75,86.6562,0,-1,0.5,0.5,0
10713816,2487,1,1,0,0.597373,153.859,187.938,69.9688,87.625,-1,0,0.5,0.5,0
10721042,2486,1,1,0,0.623836,153.375,188.828,71.375,83.4062,0,0,0.5,0.5,0
10725127,2485,1,1,0,0.257017,152.016,189.914,69.7812,88.8281,0,0,0.5,0.5,0
10728743,2484,1,1,0,0.70619,152,189.906,68.4375,89.9375,0,0,0.5,0.5,0
10732709,2482,1,1,0,0.68342,149.172,183.602,66.5938,94.0781,-1,0,0.5,0.5,0
10738964,2485,1,1,0,0.326379,150.012,180.805,20.8203,58.7969,-1,0,0.5,0.5,0
10744750,2485,1,1,0,0.811975,147.375,182.703,68.375,96.9688,0,0,0.5,0.5,0
10748570,2479,1,1,0,0.688888,148.953,188.32,66.5938,81.2344,-1,0,0.5,0.5,0
10752492,2486,1,1,0,0.763834,147.621,187.344,61.6172,90.5,-1,0,0.5,0.5,0
10758044,2485,1,1,0,0.507324,147.023,189.391,60.3281,80.9062,-1,0,0.5,0.5,0
10761613,2484,1,1,0,0.61832,148.246,188.539,59.6172,83.0156,0,0,0.5,0.5,0
10767573,2486,1,1,0,0.663669,148.25,188.344,59.8125,81.4375,-1,0,0.5,0.5,0
10771043,2483,1,1,0,0.543348,147.898,188.641,58.2344,82.2188,-1,0,0.5,0.5,0
10775074,2485,1,1,0,0.540924,147.352,189.391,60.5469,83.8438,0,0,0.5,0.5,0
10779238,2485,1,1,0,0.715027,146.336,189.297,58.8281,84.6562,-1,0,0.5,0.5,0
10784736,2481,1,1,0,0.756716,146.062,187.5,56.1875,87.75,-1,0,0.5,0.5,0
10789067,2483,1,1,0,0.777638,144.789,188.508,53.2656,81.1094,-2,0,0.5,0.5,0
10792912,2486,1,1,0,0.606265,144.875,188.438,50,85.5,0,0,0.5,0.5,0
10798655,2483,1,1,0,0.596903,144.391,187.469,51.4688,91.3125,-1,0,0.5,0.5,0
10804766,2484,1,1,0,0.780663,144.617,185.781,50.3906,94.1875,-1,0,0.5,0.5,0
10809936,2486,1,1,0,0.648243,143.273,186.391,48.2656,90.9688,-2,0,0.5,0.5,0
10814210,2484,1,1,0,0.768731,143.402,188.016,45.2422,87.0938,-1,0,0.5,0.5,0
10819457,2484,1,1,0,0.797557,142.895,188.875,43.9453,85.6875,-1,0,0.5,0.5,0
10823215,2484,1,1,0,0.718199,142.855,186.633,44.4453,83.5156,-1,0,0.5,0.5,0
10829230,2481,1,1,0,0.74614,143.199,185.125,42.3047,80.0625,-2,0,0.5,0.5,0
10832511,2483,1,1,0,0.684687,142.75,186.234,44.5625,86.9062,-1,0,0.5,0.5,0
10839324,2484,1,1,0,0.71103,142.148,185.797,42.1406,83.9688,-1,0,0.5,0.5,0
10846022,2481,1,1,0,0.455683,144.797,190.641,37.5312,70.4062,-1,0,0.5,0.5,0
10850021,2483,1,1,0,0.726425,144.051,187.188,37.2578,90.625,-2,0,0.5,0.5,0
10855994,2484,1,1,0,0.731825,142.391,182.984,37.0312,97.4688,-1,0,0.5,0.5,0
10859697,2487,1,1,0,0.66236,142.094,187.688,36.0625,87.375,-1,0,0.5,0.5,0
10865346,2483,1,1,0,0.690977,144.887,182.695,33.7109,82.1406,-2,0,0.5,0.5,0
10869661,2482,1,1,0,0.688469,144.574,180.719,35.7734,92.0625,-1,0,0.5,0.5,0
10874749,2483,1,1,0,0.727201,144.574,182.812,33.1953,86.625,-1,0,0.5,0.5,0
10878926,2484,1,1,0,0.767687,145.461,182.25,33.9844,97.25,-1,0,0.5,0.5,0
10882947,2485,1,1,0,0.727588,145.664,182.195,34.4844,100.766,-2,0,0.5,0.5,0
10887856,2486,1,1,0,0.785966,145.836,184.047,34.7031,94.2812,0,0,0.5,0.5,0
10892026,2486,1,1,0,0.767687,146.512,184.422,34.1016,91.3438,-2,0,0.5,0.5,0
10895575,2483,1,1,0,0.627496,148.215,183,34.8516,99,0,0,0.5,0.5,0
10899601,2482,1,1,0,0.717804,147.93,184.078,31.8906,91.3438,-2,0,0.5,0.5,0
10904667,2485,1,1,0,0.523908,148.691,184.68,34.1797,92.3594,0,0,0.5,0.5,0
10911175,2485,1,1,0,0.29381,149.18,185.156,34.3281,90.6875,-1,0,0.5,0.5,0
10915124,2484,1,1,0,0.446977,148.734,182.078,34.1562,97.1562,-1,0,0.5,0.5,0
10919052,2485,1,1,0,0.616474,149.367,185.445,33.0156,89.1094,-1,0,0.5,0.5,0
10922920,2483,1,1,0,0.336113,148.301,182.531,33.8047,94.3125,0,-1,0.5,0.5,0
10928020,2486,1,1,0,0.772529,149.594,180.461,31.8125,99.4219,-1,0,0.5,0.5,0
10931905,2483,1,1,0,0.759937,149.164,180.516,34.7031,98.9688,-1,0,0.5,0.5,0
10935597,2487,1,1,0,0.807765,147.793,181.969,35.3516,103.438,-1,0,0.5,0.5,0
10939126,2485,1,1,0,0.749087,148.836,181.992,34.2656,103.016,0,0,0.5,0.5,0
10945272,2483,1,1,0,0.747248,149.078,181.992,34,102.766,-1,0,0.5,0.5,0
10949402,2486,1,1,0,0.76699,149.102,181.859,35.8594,103.844,-1,0,0.5,0.5,0
10955807,2492,1,1,0,0.72487,147.758,182.078,35.3906,104.406,-1,0,0.5,0.5,0
10959940,2484,1,1,0,0.550608,148.496,184.742,34.1172,97.2656,0,0,0.5,0.5,0
10963789,2485,1,1,0,0.650912,148.09,187.477,33.0547,89.7031,-1,-1,0.5,0.5,0
10969380,2484,1,1,0,0.67147,148.309,186.047,35.6484,94.3438,-1,0,0.5,0.5,0
10975156,2484,1,1,0,0.749454,146.785,188.086,35.3516,90.7031,-1,0,0.5,0.5,0
10978813,2479,1,1,0,0.771498,147.039,183.391,37.4219,101.281,-1,0,0.5,0.5,0
10982782,2480,1,1,0,0.75958,147.699,183.891,37.1797,102.531,-1,0,0.5,0.5,0
10986624,2485,1,1,0,0.732591,146.363,183.875,41.5703,101.75,0,0,0.5,0.5,0
10990697,2485,1,1,0,0.735262,146.504,184.188,40.4453,99.125,-2,0,0.5,0.5,0
10996486,2484,1,1,0,0.659296,147.637,184.781,40.2734,100.062,0,0,0.5,0.5,0
11000144,2482,1,1,0,0.513668,147.195,186.156,38.6094,96,-1,0,0.5,0.5,0
11005720,2481,1,1,0,0.429669,149.359,189.32,36.9062,87.1094,-1,0,0.5,0.5,0
11012216,2483,1,1,0,0.326379,148.02,188.328,37.1172,92.1562,-1,0,0.5,0.5,0
11016072,2486,1,1,0,0.574156,147.773,185.945,38.7656,97.8906,0,0,0.5,0.5,0
11020126,2486,1,1,0,0.553988,148.508,185.016,37.7656,97.6562,-1,0,0.5,0.5,0
11024045,2485,1,1,0,0.595022,148.617,185.141,38.2656,99.2812,-1,0,0.5,0.5,0
11028404,2485,1,1,0,0.452294,149.758,185.266,36.4219,98.6562,-1,0,0.5,0.5,0
11032612,2483,1,1,0,0.725648,149.344,184.75,38.2188,99,0,0,0.5,0.5,0
11036685,2486,1,1,0,0.704567,148.219,184.336,39.3438,99.0781,-1,-1,0.5,0.5,0
11040744,2486,1,1,0,0.697608,148.762,184.43,40.9141,97.1094,-1,0,0.5,0.5,0
11045571,2486,1,1,0,0.789882,148.5,184.297,39.9688,98.5938,-1,0,0.5,0.5,0
11049223,2489,1,1,0,0.445529,149.25,186.023,37.0938,98.4531,0,0,0.5,0.5,0
11055819,2485,1,1,0,0.693058,149.285,186.047,35.8828,98.6562,-1,0,0.5,0.5,0
11062767,2484,1,1,0,0.487795,149.762,186.578,39.0391,98.3438,0,0,0.5,0.5,0
11066508,2480,1,1,0,0.653569,149.504,186.734,36.3203,98.6562,-1,0,0.5,0.5,0
11072307,2482,1,1,0,0.64288,147.812,186.055,41.9375,98.7656,-1,0,0.5,0.5,0
11076474,2487,1,1,0,0.324878,147.621,192.336,40.1484,86.8281,-1,0,0.5,0.5,0
11080281,2486,1,1,0,0.575588,147.078,193.352,42.4062,85.7969,0,0,0.5,0.5,0
11083937,2485,1,1,0,0.650912,145.277,193.883,42.9922,85.9844,-2,0,0.5,0.5,0
11087606,2479,1,1,0,0.684265,145.984,194.016,43.5,86.7188,-1,0,0.5,0.5,0
11093364,2481,1,1,0,0.553988,145.051,194.938,44.4141,84.125,0,0,0.5,0.5,0
11099756,2481,1,1,0,0.347094,147.004,195.32,48.6797,83.0156,-1,0,0.5,0.5,0
11106282,2483,1,1,0,0.641534,146.969,194.75,47.625,85,-1,0,0.5,0.5,0
11113238,2483,1,1,0,0.632957,146.602,194.828,47.7969,85.2812,-1,0,0.5,0.5,0
11120032,2478,1,1,0,0.479991,147.328,194.266,50.2812,86.5312,-1,0,0.5,0.5,0
11124410,2480,1,1,0,0.582254,146.086,195.5,54.1406,86.125,-1,0,0.5,0.5,0
11128316,2478,1,1,0,0.397471,146.406,195.266,57.4375,85.9688,-1,0,0.5,0.5,0
11132898,2480,1,1,0,0.607663,145.664,194.922,66.0469,87.7188,-1,0,0.5,0.5,0
11137255,2484,1,1,0,0.437823,146.312,195.172,60.5,86.1562,-1,0,0.5,0.5,0
11140888,2483,1,1,0,0.637482,149.254,195.312,59.0078,85.625,-1,0,0.5,0.5,0
11146831,2486,1,1,0,0.636127,149.207,195.25,59.8516,84.625,0,0,0.5,0.5,0
11150669,2482,1,1,0,0.596903,149.906,193.828,61.875,88.6562,-1,0,0.5,0.5,0
11154600,2488,1,1,0,0.345767,148.281,194.297,68.9375,85.0312,-1,0,0.5,0.5,0
11159658,2480,1,1,0,0.514156,148.094,194.141,66.5625,87.9688,-1,0,0.5,0.5,0
11164500,2485,1,1,0,0.673621,148.656,194.172,69.3125,87.0938,0,0,0.5,0.5,0
11170992,2481,1,1,0,0.384912,149.375,194.078,71.9375,87.2812,-1,0,0.5,0.5,0
11174873,2484,1,1,0,0.578448,147.445,193.359,74.2344,85.9062,-1,0,0.5,0.5,0
11178707,2485,1,1,0,0.397003,148.094,194.922,72.1875,86.0938,-1,0,0.5,0.5,0
11184439,2467,1,0,-1,0,0,0,0,0,0,0,0,0,0
11188051,2480,1,1,0,0.486819,148.945,194.781,71.6406,85.75,0,0,0.5,0.5,0
11194117,2472,1,0,-1,0,0,0,0,0,0,0,0,0,0
11197891,2485,1,1,0,0.250913,146.68,193.797,74.2656,80.3438,-1,0,0.5,0.5,0
11204236,2470,1,0,-1,0,0,0,0,0,0,0,0,0,0
11207767,2469,1,0,-1,0,0,0,0,0,0,0,0,0,0
11214059,2485,1,1,0,0.29747,152.812,194.148,69.6875,86.7969,0,0,0.5,0.5,0
11218223,2486,1,1,0,0.32445,153.016,194.062,70.0938,86.625,-1,0,0.5,0.5,0
11222333,2484,1,1,0,0.305076,146.938,193.883,77.125,86.6094,-1,0,0.5,0.5,0
11227401,2485,1,1,0,0.579401,145.133,193.438,65.9844,84.875,0,0,0.5,0.5,0
11231675,2482,1,1,0,0.382142,148.539,192.406,67.5781,85.125,-1,0,0.5,0.5,0
11237756,2481,1,1,0,0.428234,148.898,191.469,69.1406,88.8125,-1,0,0.5,0.5,0
11241360,2479,1,1,0,0.563618,147.734,192.266,68.2812,90.1562,-1,0,0.5,0.5,0
11244927,2485,1,1,0,0.590779,148.891,189.5,71.0312,101.625,0,0,0.5,0.5,0
11251297,2483,1,1,0,0.603464,150.766,189.25,72.1562,100.375,-1,0,0.5,0.5,0
11255461,2483,1,1,0,0.745399,150.797,189.414,68.9062,101.578,0,0,0.5,0.5,0
11258808,2484,1,1,0,0.549641,149.945,189.258,67.9219,101.766,-1,0,0.5,0.5,0
11263977,2484,1,1,0,0.751283,150.094,189.281,69.1875,101.438,-1,0,0.5,0.5,0
11268040,2483,1,1,0,0.880589,149.797,188.992,67.7812,102.359,0,0,0.5,0.5,0
11272200,2482,1,1,0,0.807157,148.359,188.703,72.3438,102.219,-1,0,0.5,0.5,0
11277773,2484,1,1,0,0.741301,149.305,189.414,66.7344,99.3281,0,0,0.5,0.5,0
11281938,2485,1,1,0,0.325092,149.711,192.125,61.4219,93.75,-1,0,0.5,0.5,0
11287867,2485,1,1,0,0.61555,149.25,188.641,66,100.469,-1,0,0.5,0.5,0
11294150,2483,1,1,0,0.595963,149.883,188.297,63.1406,99.6562,0,0,0.5,0.5,0
11298141,2483,1,1,0,0.296654,150.477,188.906,64.3906,99.5625,-1,0,0.5,0.5,0
11301448,2483,1,1,0,0.668014,148.359,190.078,65.0312,96.2188,-1,0,0.5,0.5,0
11305678,2488,1,1,0,0.620622,147.414,188.984,64.3594,97.9688,0,0,0.5,0.5,0
11310807,2485,1,1,0,0.656659,147.383,188.961,60.0156,98.6719,-1,0,0.5,0.5,0
11315095,2485,1,1,0,0.806549,147.945,189.172,59.4844,98.5938,-1,0,0.5,0.5,0
11319104,2484,1,1,0,0.73029,146.289,189.25,61.2969,98.5,-1,0,0.5,0.5,0
11324589,2482,1,1,0,0.67147,147.031,193.859,57.3125,88.9688,0,0,0.5,0.5,0
11328936,2484,1,1,0,0.742423,147.75,189.758,53.25,95.5156,-1,0,0.5,0.5,0
11335084,2485,1,1,0,0.794385,147.086,192.844,56.0156,90.1875,-1,0,0.5,0.5,0
11338441,2483,1,1,0,0.665411,147.273,191.719,51.9219,92.375,-1,0,0.5,0.5,0
11344558,2485,1,1,0,0.383526,144.945,192.594,52.2031,89.3125,-1,0,0.5,0.5,0
11348016,2486,1,1,0,0.780997,146.523,194.672,51.4531,85.7188,-1,0,0.5,0.5,0
11352135,2486,1,1,0,0.383988,144.25,194.555,48.5,84.6094,-1,0,0.5,0.5,0
11357354,2488,1,1,0,0.712233,145.391,194.727,45.5938,83.2031,-1,0,0.5,0.5,0
11361373,2484,1,1,0,0.390476,146.18,191.195,43.6406,90.2656,-1,0,0.5,0.5,0
11364715,2485,1,1,0,0.743542,146.055,188.172,42.9219,97.6562,-1,0,0.5,0.5,0
11371219,2484,1,1,0,0.335459,145.09,192.672,37.4766,88.2812,-1,0,0.5,0.5,0
11374943,2483,1,1,0,0.521959,146.164,188.812,38.4219,94.125,-1,0,0.5,0.5,0
11378955,2480,1,1,0,0.663669,144.137,189,42.0703,93.875,-1,0,0.5,0.5,0
11384574,2488,1,1,0,0.590307,143.609,188.172,42.9062,94.5938,-2,0,0.5,0.5,0
11388087,2486,1,1,0,0.336331,144.852,190.578,36.9219,92.8438,0,0,0.5,0.5,0
11394692,2488,1,1,0,0.626582,144.176,189.812,32.5234,93.625,-2,0,0.5,0.5,0
11398771,2487,1,1,0,0.732208,146.164,188.656,31.5781,97.5625,-1,0,0.5,0.5,0
11405157,2487,1,1,0,0.660611,144.137,191.297,31.5859,89.7812,-1,0,0.5,0.5,0
11410092,2486,1,1,0,0.358691,145.973,191.703,31.4141,93.5312,-1,0,0.5,0.5,0
11413992,2484,1,1,0,0.71423,145.289,189.594,32.2656,96.6875,-1,0,0.5,0.5,0
11418185,2484,1,1,0,0.492188,147.359,194.562,31.875,89,-1,0,0.5,0.5,0
11421513,2486,1,1,0,0.302392,144.969,192.461,31.1562,92.2969,-1,0,0.5,0.5,0
11425453,2486,1,1,0,0.474144,148.59,194.797,29.1484,83.6562,-1,0,0.5,0.5,0
11431282,2488,1,1,0,0.661049,147.125,191.523,38.5,92.3281,-1,0,0.5,0.5,0
11435304,2483,1,1,0,0.553505,144.148,192.031,43.7344,92.4375,-1,0,0.5,0.5,0
11438731,2483,1,1,0,0.648689,144.734,195.188,33.4375,84.875,-1,0,0.5,0.5,0
11444534,2486,1,1,0,0.573201,143.566,196.375,39.7266,86.25,-2,0,0.5,0.5,0
11449287,2483,1,1,0,0.626125,142.531,196.953,50.6562,85.5938,-1,0,0.5,0.5,0
11453031,2488,1,1,0,0.738293,142.094,197.047,69.1875,82.9062,-1,0,0.5,0.5,0
11457620,2481,1,1,0,0.553988,143.25,197.203,76.75,84.2188,-2,0,0.5,0.5,0
11462433,2483,1,1,0,0.75274,147.812,196.969,78.125,85.3125,0,0,0.5,0.5,0
11467751,2480,1,1,0,0.662797,152.09,196.219,54.4297,83.9375,-1,0,0.5,0.5,0
11471589,2480,1,1,0,0.263788,148.391,194.469,32.3125,84.5625,-1,0,0.5,0.5,0
11478874,2486,1,1,0,0.358242,146.844,194.195,31.5312,83.2344,-1,0,0.5,0.5,0
11483811,2495,1,1,0,0.623377,152.391,188.078,40.9375,98.4062,0,0,0.5,0.5,0
11487686,2482,1,1,0,0.513668,148.578,188.078,38.9062,101.094,-1,0,0.5,0.5,0
11492735,2486,1,1,0,0.286568,149.375,190.453,38.5938,96.0938,-1,0,0.5,0.5,0
11497003,2484,1,1,0,0.428234,148.973,191.094,39.8047,95.9375,0,0,0.5,0.5,0
11503684,2483,1,1,0,0.389082,150.969,191.172,40.8125,94.4062,-1,0,0.5,0.5,0
11509155,2485,1,1,0,0.504883,151.203,190.492,38.7812,96.2344,0,0,0.5,0.5,0
11513089,2482,1,1,0,0.368405,151.805,187.656,38.2969,100.312,-1,0,0.5,0.5,0
11519375,2489,1,1,0,0.659296,153.234,187.312,39.2188,98.625,0,0,0.5,0.5,0
11522811,2486,1,1,0,0.700894,153.469,187.039,40.0938,99.5781,-1,0,0.5,0.5,0
11526651,2485,1,1,0,0.472683,154.508,192.883,37.2656,86.6406,0,0,0.5,0.5,0
11530418,2482,1,1,0,0.675764,155.945,187.062,37.7969,98.5,0,0,0.5,0.5,0
11535808,2492,1,1,0,0.663233,156.453,186.414,39.0938,100.172,0,0,0.5,0.5,0
11539689,2480,1,1,0,0.788908,156.383,186.453,39.8281,100.031,-1,0,0.5,0.5,0
11543218,2483,1,1,0,0.638835,156.598,186.477,39.8828,100.047,0,0,0.5,0.5,0
11547105,2488,1,1,0,0.511229,156.492,186.406,39.6406,99.6875,0,0,0.5,0.5,0
11556543,2486,1,1,0,0.438785,156.094,186.812,39.9375,99.875,0,0,0.5,0.5,0
11560249,2485,1,1,0,0.716616,157.23,186.75,39.9609,100,0,0,0.5,0.5,0
11565767,2483,1,1,0,0.591723,157.047,186.844,38.875,99.9375,0,0,0.5,0.5,0
11569807,2484,1,1,0,0.654895,157.672,187.031,38.2812,100.562,0,0,0.5,0.5,0
11575571,2486,1,1,0,0.619241,157.25,191.734,37,91.0938,0,0,0.5,0.5,0
11579639,2483,1,1,0,0.44071,157.656,187.688,36.6875,100.625,0,0,0.5,0.5,0
11585288,2483,1,1,0,0.681727,158.805,186.938,36.9844,102.125,-1,0,0.5,0.5,0
11588805,2486,1,1,0,0.505859,159.172,186.859,35.9062,101.531,0,0,0.5,0.5,0
11592834,2484,1,1,0,0.608129,161.008,185.836,36.3906,102.672,0,0,0.5,0.5,0
11596709,2483,1,1,0,0.586996,161.648,186.648,35.6094,99.9219,0,0,0.5,0.5,0
11600122,2483,1,1,0,0.728748,162.152,192.172,31.3984,84.6562,0,0,0.5,0.5,0
11605870,2486,1,1,0,0.598782,162.234,190.305,33.9062,90.7656,0,0,0.5,0.5,0
11611085,2481,1,1,0,0.609524,162.418,189.484,31.0391,91.5938,0,0,0.5,0.5,0
11616262,2487,1,1,0,0.601125,162.473,191.906,31.5078,87.3125,0,0,0.5,0.5,0
11619855,2485,1,1,0,0.413477,165.273,192.812,33.6719,87.75,0,0,0.5,0.5,0
11626245,2481,1,1,0,0.342901,167.469,191.594,36.3125,89.4375,0,0,0.5,0.5,0
11632645,2484,1,1,0,0.601594,170.602,186.602,31.8594,98.4531,1,0,0.5,0.5,0
11636995,2485,1,1,0,0.358017,170.781,191.703,32.5312,87.8438,1,0,0.5,0.5,0
11640618,2489,1,1,0,0.736402,172.586,186.805,33.6406,99.3906,0,0,0.5,0.5,0
11644581,2482,1,1,0,0.45181,171.809,192.656,32.0078,87.0625,1,0,0.5,0.5,0
11649595,2482,1,1,0,0.791499,171.797,187.828,32.7188,98.7812,1,0,0.5,0.5,0
11653853,2484,1,1,0,0.485356,172.055,192.328,32.3906,87.6562,0,0,0.5,0.5,0
11659317,2485,1,1,0,0.7398,172.883,187.414,34.5156,100.422,1,0,0.5,0.5,0
11664380,2486,1,1,0,0.323594,171.891,189.07,33.2188,97.7344,1,0,0.5,0.5,0
11670787,2483,1,1,0,0.688888,172.797,189.797,32.4688,91.9688,0,0,0.5,0.5,0
11674596,2481,1,1,0,0.755275,171.992,190.938,32.2344,91.625,1,0,0.5,0.5,0
11680587,2483,1,1,0,0.761004,171.246,190.531,34.1641,94.1875,1,0,0.5,0.5,0
11685541,2485,1,1,0,0.846706,172.086,188.328,35.9219,98.1562,1,0,0.5,0.5,0
11689111,2483,1,1,0,0.497559,171.992,189.891,36.1406,96.9688,0,0,0.5,0.5,0
11696021,2484,1,1,0,0.766641,172.078,189.359,35.0312,97.4688,1,0,0.5,0.5,0
11702132,2480,1,1,0,0.813757,172.492,189.078,36.9844,98.6562,1,0,0.5,0.5,0
11705841,2484,1,1,0,0.529263,172.805,190.648,37.6719,95.7031,1,0,0.5,0.5,0
11709959,2485,1,1,0,0.757075,173.547,190.766,38.4688,93.9062,0,0,0.5,0.5,0
11716122,2488,1,1,0,0.649134,173.148,191.25,38.9219,93.125,1,0,0.5,0.5,0
11720222,2484,1,1,0,0.701304,172.082,194.438,40.0859,87.25,1,0,0.5,0.5,0
11725543,2484,1,1,0,0.811079,174.609,195.062,42.2188,85.9375,1,0,0.5,0.5,0
11728989,2487,1,1,0,0.811378,173.336,195,44.3281,88.875,1,0,0.5,0.5,0
11733198,2485,1,1,0,0.682151,174.242,195.633,44.8281,87.7344,1,0,0.5,0.5,0
11738702,2483,1,1,0,0.780328,173.098,195.758,45.7578,85.7656,1,0,0.5,0.5,0
11742965,2484,1,1,0,0.690977,172.391,197.031,50.2188,85.25,1,0,0.5,0.5,0
11749016,2483,1,1,0,0.7773,172.773,193.023,50.2656,92.7969,0,0,0.5,0.5,0
11752528,2482,1,1,0,0.782995,171.414,193.828,52.2969,92.7188,1,0,0.5,0.5,0
11756478,2483,1,1,0,0.76699,172.227,193.359,52.0156,91.4688,1,0,0.5,0.5,0
11762754,2483,1,1,0,0.791176,173.219,190.18,53.3438,97.6094,1,0,0.5,0.5,0
11768847,2490,1,1,0,0.647352,172.297,193.586,55.6562,92.5781,1,0,0.5,0.5,0
11773387,2487,1,1,0,0.390476,172.852,192.195,56.6719,97.1406,1,0,0.5,0.5,0
11779823,2485,1,1,0,0.731825,173.32,191.922,59.2969,94.8438,1,0,0.5,0.5,0
11783385,2486,1,1,0,0.725648,170.309,192.445,60.6328,95.5156,0,0,0.5,0.5,0
11788884,2486,1,1,0,0.776284,171.227,190.594,62.4844,97.9375,1,0,0.5,0.5,0
11793114,2485,1,1,0,0.577972,170.438,193.492,60.5,89.7656,1,0,0.5,0.5,0
11799452,2486,1,1,0,0.563618,170.219,194.531,64.25,89.0625,0,0,0.5,0.5,0
11803509,2487,1,1,0,0.726813,169.148,195.625,68.5781,90.25,1,0,0.5,0.5,0
11809185,2482,1,1,0,0.782995,168.289,195.391,72.2969,89.0312,1,0,0.5,0.5,0
11813388,2486,1,1,0,0.774924,168.453,190.352,67.4062,96.7031,0,0,0.5,0.5,0
11819379,2488,1,1,0,0.888175,168.82,190.047,67.7031,99.2188,0,0,0.5,0.5,0
11823664,2485,1,1,0,0.546738,168.234,194.445,66.0938,87.8594,1,0,0.5,0.5,0
11829904,2482,1,1,0,0.72448,168.453,194.094,67.0938,90.4375,1,0,0.5,0.5,0
11833884,2484,1,1,0,0.802865,167.891,190.203,68.2188,97.9688,0,0,0.5,0.5,0
11839248,2481,1,1,0,0.325092,167.719,191.883,65.3125,90.9844,0,0,0.5,0.5,0
11843225,2482,1,1,0,0.627039,167.219,192.906,66.8125,90.0625,1,0,0.5,0.5,0
11849354,2485,1,1,0,0.757434,167.125,194.047,67.5625,89.3438,0,0,0.5,0.5,0
11853598,2486,1,1,0,0.783326,167.102,193.719,66.2969,89.5625,0,0,0.5,0.5,0
11857641,2484,1,1,0,0.643776,167.328,193.562,66.0312,88.5,1,0,0.5,0.5,0
11862995,2486,1,1,0,0.86362,169.125,194.141,61.875,90.2812,0,0,0.5,0.5,0
11866673,2481,1,1,0,0.503418,168.375,195.219,63.625,85.5625,1,0,0.5,0.5,0
11870634,2480,1,1,0,0.788908,168.875,194.703,64.25,88.0312,0,0,0.5,0.5,0
11875804,2494,1,1,0,0.858953,169.023,194.641,64.1094,89.0312,1,0,0.5,0.5,0
11879819,2484,1,1,0,0.85022,168.969,194.734,64.625,88.8438,0,0,0.5,0.5,0
11883730,2485,1,1,0,0.655778,170.781,191.516,64.9375,95.0312,1,0,0.5,0.5,0
11889737,2484,1,1,0,0.439266,170.766,191.648,64.1562,92.7969,0,0,0.5,0.5,0
11893926,2484,1,1,0,0.679178,170.594,189.758,64.25,98.0156,1,0,0.5,0.5,0
11899855,2483,1,1,0,0.613237,172.484,189,61.2812,99.75,1,0,0.5,0.5,0
11903973,2484,1,1,0,0.505371,172.625,189.219,62.5,100.312,1,0,0.5,0.5,0
11907486,2484,1,1,0,0.402157,172.684,189.594,64.3828,99.0625,0,0,0.5,0.5,0
11913429,2487,1,1,0,0.378459,172.613,189.203,64.0859,100.281,1,0,0.5,0.5,0
11917744,2484,1,1,0,0.686791,175.57,194.875,54.3906,89.5,1,0,0.5,0.5,0
11923198,2483,1,1,0,0.794066,179.172,189.188,54.9688,100.5,2,0,0.5,0.5,0
11926932,2486,1,1,0,0.483892,176.82,193.188,57.6406,92.125,1,0,0.5,0.5,0
11931261,2478,1,1,0,0.732208,177.742,193.617,52.6094,91.4844,1,0,0.5,0.5,0
11935060,2484,1,1,0,0.67405,176.758,189.852,53.3594,99.4219,2,0,0.5,0.5,0
11938611,2481,1,1,0,0.678327,176.234,191.312,54.0312,97.625,1,0,0.5,0.5,0
11942898,2486,1,1,0,0.620622,174.891,194.133,53.7188,92.2656,1,0,0.5,0.5,0
11947598,2484,1,1,0,0.717804,176.586,189.094,54.2656,102.812,1,0,0.5,0.5,0
11951877,2487,1,1,0,0.683843,178.141,189.391,46.5312,100.031,2,0,0.5,0.5,0
11957821,2484,1,1,0,0.631595,179.094,189.719,44.4375,102.812,1,0,0.5,0.5,0
11961940,2481,1,1,0,0.720565,180.078,189.508,40.8438,102.266,2,0,0.5,0.5,0
11968598,2486,1,1,0,0.805327,178.836,188.234,43.1406,102.406,1,0,0.5,0.5,0
11972796,2485,1,1,0,0.67405,178.32,193.734,41.3281,88.4688,2,0,0.5,0.5,0
11978796,2484,1,1,0,0.652684,175.82,195.25,43.3906,87.875,1,0,0.5,0.5,0
11984882,2484,1,1,0,0.36139,175.695,194.969,41.1719,90.6875,1,0,0.5,0.5,0
11988725,2483,1,1,0,0.7739,175.797,187.984,41.2812,103.969,2,0,0.5,0.5,0
11993097,2486,1,1,0,0.482917,176.496,189.719,41.4297,100.062,1,0,0.5,0.5,0
11996754,2484,1,1,0,0.783988,176.535,186.375,39.6641,101.75,1,0,0.5,0.5,0
12003001,2483,1,1,0,0.799755,176.051,186.875,42.0391,104.25,2,0,0.5,0.5,0
12009068,2484,1,1,0,0.739047,175.402,186.883,40.5078,103.484,1,0,0.5,0.5,0
12015591,2485,1,1,0,0.759937,174.137,186.141,37.8984,103.094,1,0,0.5,0.5,0
12019419,2488,1,1,0,0.824178,173.586,186.188,38.4531,103.875,1,0,0.5,0.5,0
12023840,2486,1,1,0,0.842087,173.664,186.25,38.9219,103.25,1,0,0.5,0.5,0
12029924,2484,1,1,0,0.753103,173.875,186.352,38.375,103.422,1,0,0.5,0.5,0
12033527,2487,1,1,0,0.776963,173.91,185.961,38.8828,102.953,2,0,0.5,0.5,0
12039565,2487,1,1,0,0.816406,173.602,186.047,38.8281,104.219,0,0,0.5,0.5,0
12043862,2483,1,1,0,0.827548,171.633,185.922,38.2344,104.094,1,0,0.5,0.5,0
12049404,2482,1,1,0,0.70253,171.734,186.234,38.6562,102.344,1,0,0.5,0.5,0
12053213,2488,1,1,0,0.800068,173.363,186.719,39.9453,104.312,1,0,0.5,0.5,0
12057816,2485,1,1,0,0.790853,173.18,186.57,38.6406,103.359,1,-1,0.5,0.5,0
12063175,2487,1,1,0,0.792464,173.164,186.562,36.6094,103.125,1,0,0.5,0.5,0
12067140,2484,1,1,0,0.844667,172.102,186.312,39.0156,103,1,0,0.5,0.5,0
12072353,2481,1,1,0,0.45423,172.062,188.367,37.0938,103.016,1,0,0.5,0.5,0
12076365,2485,1,1,0,0.765591,172.125,188.555,37.5625,103.766,1,0,0.5,0.5,0
12080010,2484,1,1,0,0.63205,171.555,195.906,38.1406,89.4375,1,0,0.5,0.5,0
12084246,2483,1,1,0,0.736781,172.164,189.422,36.4531,103.094,0,0,0.5,0.5,0
12088527,2485,1,1,0,0.695545,171.562,189.602,36.25,101.547,1,0,0.5,0.5,0
12094244,2485,1,1,0,0.783326,171.836,189.641,35.3906,102.469,1,0,0.5,0.5,0
12100255,2481,1,1,0,0.564579,172.82,194.781,35.1719,90.8125,1,0,0.5,0.5,0
12106051,2486,1,1,0,0.547222,172.438,195.531,33.5,88.4375,1,0,0.5,0.5,0
12111474,2480,1,1,0,0.70253,172.457,195.25,32.3672,91.25,1,0,0.5,0.5,0
12116660,2487,1,1,0,0.315946,172.156,197.328,32.1875,84.8438,1,0,0.5,0.5,0
12122923,2486,1,1,0,0.527803,172.91,198.531,29.8047,86.0625,0,0,0.5,0.5,0
12126770,2484,1,1,0,0.494629,171.984,197.789,32.4062,87.0469,1,0,0.5,0.5,0
12132235,2485,1,1,0,0.365003,173.105,195.953,31.1641,92.6562,2,0,0.5,0.5,0
12135915,2483,1,1,0,0.684687,172.863,196.633,31.0859,87.7344,0,0,0.5,0.5,0
12140283,2481,1,1,0,0.66628,172.965,196.688,32.3203,89.5,1,0,0.5,0.5,0
12145785,2484,1,1,0,0.534613,174.723,196.609,32.0547,85.7188,1,0,0.5,0.5,0
12149287,2486,1,1,0,0.589362,173.602,197.453,33.3281,87.8438,1,0,0.5,0.5,0
12153062,2485,1,1,0,0.681727,174.312,197.391,32.875,86.6562,1,0,0.5,0.5,0
12159204,2482,1,1,0,0.787278,172.195,197.062,34.7656,88.125,1,0,0.5,0.5,0
12162623,2484,1,1,0,0.711832,172.609,198.141,34.125,85.7188,1,0,0.5,0.5,0
12166566,2484,1,1,0,0.788257,171.523,198.57,34.7344,84.9844,1,0,0.5,0.5,0
12170085,2484,1,1,0,0.677047,172.898,199,36.0156,79.5,0,0,0.5,0.5,0
12174074,2482,1,1,0,0.770463,171.711,198.5,34.5469,84.5,2,0,0.5,0.5,0
12179553,2484,1,1,0,0.790853,170.172,198.656,37.2188,85.125,0,0,0.5,0.5,0
12183779,2486,1,1,0,0.661923,171.363,198.078,36.1172,84.4062,1,0,0.5,0.5,0
12189856,2484,1,1,0,0.688469,169.719,199.234,38.0312,85.2812,0,0,0.5,0.5,0
12193901,2484,1,1,0,0.674908,170.609,199.086,39.9688,85.3281,1,0,0.5,0.5,0
12199847,2484,1,1,0,0.652684,170.211,198.906,38.1719,84.1875,1,1,0.5,0.5,0
12205925,2486,1,1,0,0.68342,170.32,199.016,43.1406,83.9688,0,0,0.5,0.5,0
12209744,2484,1,1,0,0.771842,170.844,198.688,43.3125,86.0625,1,0,0.5,0.5,0
12216278,2483,1,1,0,0.715027,171.641,196.867,47.5312,87.3906,1,0,0.5,0.5,0
12219711,2482,1,1,0,0.734501,171.688,197.023,49.9062,87.5156,1,0,0.5,0.5,0
12223688,2484,1,1,0,0.775945,171.109,197.094,58.6562,90.3125,0,0,0.5,0.5,0
12229234,2484,1,1,0,0.783657,169.578,197,61.0938,92.125,1,0,0.5,0.5,0
12233358,2486,1,1,0,0.798501,169.176,197,61.8984,90.875,0,0,0.5,0.5,0
12237713,2483,1,1,0,0.755275,172.375,196.594,59.1875,93.5625,1,0,0.5,0.5,0
12243043,2482,1,1,0,0.846199,172.734,196.25,56.6562,94.5,1,0,0.5,0.5,0
12246940,2482,1,1,0,0.799129,172.766,195.617,55.4688,88.7344,1,0,0.5,0.5,0
12253057,2484,1,1,0,0.711431,168.602,195.094,63.4219,87.3125,0,0,0.5,0.5,0
12259994,2486,1,1,0,0.844667,167.062,193.234,70.3125,106.969,1,0,0.5,0.5,0
12266447,2486,1,1,0,0.768383,170.93,194.664,57.0469,89.6719,0,0,0.5,0.5,0
12270293,2485,1,1,0,0.755275,169.344,194.578,64.1875,90.7188,1,0,0.5,0.5,0
12273988,2484,1,1,0,0.722918,170.141,192.656,71.8438,104.062,0,0,0.5,0.5,0
12277761,2484,1,1,0,0.702121,169.547,192.109,67.5312,94.0312,1,0,0.5,0.5,0
12284262,2483,1,1,0,0.517083,169.25,191.641,71.5,95.5312,1,0,0.5,0.5,0
12290634,2485,1,1,0,0.710227,170.844,192.328,65.0625,95.4688,0,0,0.5,0.5,0
12294294,2486,1,1,0,0.675336,170.273,191.305,65.5156,95.7344,1,0,0.5,0.5,0
12299493,2486,1,1,0,0.702938,171.781,190.711,60.9375,90.1719,0,0,0.5,0.5,0
12305495,2486,1,1,0,0.380759,173.117,188.945,58.8281,92.7656,1,0,0.5,0.5,0
12309173,2486,1,1,0,0.656219,172.031,192.555,60.375,80.6406,1,0,0.5,0.5,0
12315062,2483,1,1,0,0.530236,172.93,194.078,60.8906,81.4688,1,0,0.5,0.5,0
12319352,2484,1,1,0,0.661486,173.121,192.062,59.8828,84.9375,1,0,0.5,0.5,0
12322691,2486,1,1,0,0.62521,171.203,193.766,59.8438,80.5938,0,0,0.5,0.5,0
12326848,2485,1,1,0,0.732208,170.688,194.047,60.875,83.2188,1,0,0.5,0.5,0
12332179,2486,1,1,0,0.744657,170,194.078,61.8125,83.7188,1,0,0.5,0.5,0
12337582,2487,1,1,0,0.461987,172.645,188.938,60.4609,91.25,1,0,0.5,0.5,0
12343589,2484,1,1,0,0.562657,171.555,191.508,56.9219,81.8594,0,0,0.5,0.5,0
12347774,2481,1,1,0,0.537042,174.117,192.875,53.2656,79.5,1,0,0.5,0.5,0
12353954,2486,1,1,0,0.274352,174.445,192.469,54.4219,91.3125,1,0,0.5,0.5,0
12358033,2481,1,1,0,0.350421,176.641,192.414,48.6562,81.8281,2,0,0.5,0.5,0
12363755,2484,1,1,0,0.573678,175.375,193.453,52.5,91.6562,0,0,0.5,0.5,0
12367620,2481,1,1,0,0.540439,176.117,194.352,49.6094,80.0469,2,0,0.5,0.5,0
12371627,2480,1,1,0,0.332419,175.352,194.438,49.0781,83.125,1,0,0.5,0.5,0
12377438,2483,1,1,0,0.334372,175.867,194.914,44.8906,78.5781,1,0,0.5,0.5,0
12380781,2485,1,1,0,0.672761,175.859,192.625,49.4062,81,1,0,0.5,0.5,0
12384724,2488,1,1,0,0.622,174.086,193.758,44.1406,80.1094,1,0,0.5,0.5,0
12390236,2481,1,1,0,0.737159,174.656,190.594,47.2188,93.8125,1,0,0.5,0.5,0
12394073,2483,1,1,0,0.776284,174.078,187.25,44.7188,93,2,0,0.5,0.5,0
12397702,2485,1,1,0,0.82133,173.852,187.938,45.7969,97.625,0,0,0.5,0.5,0
12401501,2483,1,1,0,0.790206,172.727,189.641,43.8906,101.094,1,0,0.5,0.5,0
12407259,2483,1,1,0,0.701713,171.508,187.148,46.3906,96.9531,1,0,0.5,0.5,0
12411242,2484,1,1,0,0.829214,171.656,186.875,45.1875,96.5,1,0,0.5,0.5,0
12417116,2486,1,1,0,0.569374,170.164,187.711,45.6094,99.3281,1,0,0.5,0.5,0
12421363,2482,1,1,0,0.586523,168.695,188.086,40.7656,92.3281,0,0,0.5,0.5,0
12424766,2482,1,1,0,0.506347,167.547,192.406,41.7188,83.875,1,0,0.5,0.5,0
12431281,2484,1,1,0,0.637933,167.637,191.219,40.9766,85.9375,0,0,0.5,0.5,0
12435603,2482,1,1,0,0.627039,168.312,192.531,37.9375,83.0625,1,0,0.5,0.5,0
12441591,2485,1,1,0,0.701304,171.07,186.367,39.7969,94.4844,0,0,0.5,0.5,0
12448014,2486,1,1,0,0.795658,174.121,186.039,38.4922,97.3281,2,0,0.5,0.5,0
12451522,2483,1,1,0,0.815233,174.164,186.125,39.5156,97.625,0,0,0.5,0.5,0
12455769,2485,1,1,0,0.819027,175.414,185.156,40.2656,96.0625,2,0,0.5,0.5,0
12460027,2485,1,1,0,0.543348,176.238,185.547,37.2891,93.3438,1,0,0.5,0.5,0
12466023,2488,1,1,0,0.812273,178.766,185.023,39.3438,95.5469,1,0,0.5,0.5,0
12472178,2485,1,1,0,0.710629,178.57,185.055,39.3906,96.6406,2,0,0.5,0.5,0
12479225,2480,1,1,0,0.760293,178.465,184.945,37.6484,90.8281,1,0,0.5,0.5,0
12483438,2484,1,1,0,0.81257,178.562,185.047,37.5625,96.1562,1,0,0.5,0.5,0
12489111,2482,1,1,0,0.415373,179.645,190.172,37.4766,83.9062,2,0,0.5,0.5,0
12492937,2484,1,1,0,0.759937,178.344,185.195,37.3125,95.6406,2,0,0.5,0.5,0
12499495,2480,1,1,0,0.805327,178.312,185.094,37.9062,96.0625,1,0,0.5,0.5,0
12503055,2484,1,1,0,0.74577,174.895,194.047,35.3828,86.0312,1,0,0.5,0.5,0
12509083,2483,1,1,0,0.712633,175.484,193.75,35.0938,84.25,1,0,0.5,0.5,0
12512969,2487,1,1,0,0.711832,175.684,193.773,34.7266,89.2031,2,0,0.5,0.5,0
12519097,2487,1,1,0,0.764538,175.844,187.242,35.4062,102.016,1,0,0.5,0.5,0
12523214,2485,1,1,0,0.822474,175.906,187.484,35.0312,102.281,1,0,0.5,0.5,0
12527484,2488,1,1,0,0.755636,175.133,192.531,33.7031,86.5625,2,0,0.5,0.5,0
12533552,2484,1,1,0,0.755636,174.164,187.234,33.8594,101.281,1,0,0.5,0.5,0
12539642,2486,1,1,0,0.82643,173.25,187.391,34.4062,100.094,1,0,0.5,0.5,0
12543698,2484,1,1,0,0.532182,172.836,188.703,34.9844,99.5938,1,0,0.5,0.5,0
12549996,2485,1,1,0,0.622918,173.219,188.641,35.375,102.844,1,0,0.5,0.5,0
12553997,2487,1,1,0,0.708213,173.555,187.352,35.1406,99.7969,1,0,0.5,0.5,0
12557570,2492,1,1,0,0.823043,173.695,187.688,34.6094,99.125,1,0,0.5,0.5,0
12562905,2481,1,1,0,0.848722,173.219,188.312,34.5938,100.188,1,0,0.5,0.5,0
12566886,2485,1,1,0,0.813165,172.977,188.391,33.5469,99.7188,1,0,0.5,0.5,0
12573180,2485,1,1,0,0.791499,173.195,188.289,34.4531,99.5469,1,0,0.5,0.5,0
12577670,2483,1,1,0,0.76524,172.523,193,33.6094,85.25,1,0,0.5,0.5,0
12581303,2481,1,1,0,0.378,172.68,194.031,35.6094,84.625,1,0,0.5,0.5,0
12587614,2481,1,1,0,0.415847,172.766,193.844,34.7188,84.6875,1,0,0.5,0.5,0
12593541,2481,1,1,0,0.26588,171.062,194.047,37.375,85.7812,1,0,0.5,0.5,0
12596855,2483,1,1,0,0.407805,172.195,194.062,35.2344,84.4375,1,0,0.5,0.5,0
12603312,2484,1,1,0,0.448426,171.93,193.578,35.8281,82.3438,0,0,0.5,0.5,0
12607533,2484,1,1,0,0.835752,171.031,187.719,36,92.8125,1,0,0.5,0.5,0
12613469,2484,1,1,0,0.729905,171.414,191.328,34.5156,85.3438,1,0,0.5,0.5,0
12617525,2484,1,1,0,0.404037,171.961,194.156,38.0469,81.8125,1,0,0.5,0.5,0
12624012,2484,1,1,0,0.780663,171.938,194.148,35.7812,85.6719,1,0,0.5,0.5,0
12629712,2485,1,1,0,0.799442,171.117,199.047,37.6094,85.5312,0,0,0.5,0.5,0
12633906,2482,1,1,0,0.647798,170.594,199.188,39.9375,87.125,1,0,0.5,0.5,0
12637346,2481,1,1,0,0.664541,171.75,197.922,39.75,90.5938,1,0,0.5,0.5,0
12643767,2485,1,1,0,0.675764,171.867,198.906,39.4219,84.6875,1,0,0.5,0.5,0
12648170,2485,1,1,0,0.697196,170.852,197.406,40.7031,92.8125,1,0,0.5,0.5,0
12651945,2482,1,1,0,0.749821,170.797,198.258,41.8438,88.9844,0,0,0.5,0.5,0
12656954,2480,1,1,0,0.821903,170.016,193.688,42.7812,98.25,1,0,0.5,0.5,0
12660569,2483,1,1,0,0.760648,169.734,193.766,45.1562,100.281,1,0,0.5,0.5,0
12666707,2484,1,1,0,0.715027,170.742,200.617,45.0781,84.0156,0,0,0.5,0.5,0
12670080,2485,1,1,0,0.642432,169.809,199.797,48.3203,88.5312,1,0,0.5,0.5,0
12674120,2485,1,1,0,0.769078,170.57,200.672,49.6719,84.9062,1,0,0.5,0.5,0
12677493,2488,1,1,0,0.791499,170.711,200.375,48.9531,87.5,0,0,0.5,0.5,0
12683333,2483,1,1,0,0.822474,170.641,200.359,50.4375,85.7812,1,0,0.5,0.5,0
12687606,2482,1,1,0,0.793426,170.543,200.219,50.9766,87.0625,1,0,0.5,0.5,0
12693588,2484,1,1,0,0.819605,170.562,199.68,49.8438,90.4844,0,0,0.5,0.5,0
12697581,2485,1,1,0,0.735642,170.414,199.617,51.8594,84.6406,1,1,0.5,0.5,0
12701342,2483,1,1,0,0.776963,170.551,199.141,52.3984,89.8438,1,0,0.5,0.5,0
12707540,2483,1,1,0,0.833595,169.469,200.82,56.0625,88.7656,0,0,0.5,0.5,0
12711819,2483,1,1,0,0.790206,169.672,200.469,55.7812,84.4375,1,0,0.5,0.5,0
12717359,2482,1,1,0,0.791499,169.934,200.531,58.6328,85,0,0,0.5,0.5,0
12721206,2483,1,1,0,0.799755,169.852,200.391,57.7969,84.4062,1,0,0.5,0.5,0
12725421,2485,1,1,0,0.818448,169.742,200.414,56.9219,86.0781,1,0,0.5,0.5,0
12731062,2483,1,1,0,0.801626,169.43,200.039,59.2656,87.6406,0,0,0.5,0.5,0
12734586,2484,1,1,0,0.82699,168.254,200.227,59.5703,87.9531,0,0,0.5,0.5,0
12741320,2488,1,1,0,0.802246,168.035,194.445,58.8672,99.7656,1,0,0.5,0.5,0
12745578,2480,1,1,0,0.802246,168.219,197.219,57.625,94.8125,1,0,0.5,0.5,0
12749110,2486,1,1,0,0.84569,167.734,194,59.6562,101.188,0,0,0.5,0.5,0
12752972,2486,1,1,0,0.85609,167.375,194.445,56.75,102.766,0,0,0.5,0.5,0
12758302,2482,1,1,0,0.742796,166.945,201.07,57.0156,91.3906,1,0,0.5,0.5,0
12763108,2484,1,1,0,0.816699,167.344,195.133,57.8125,103.266,0,0,0.5,0.5,0
12768398,2482,1,1,0,0.805327,167.602,200.391,57.0781,89.5938,0,0,0.5,0.5,0
12774950,2486,1,1,0,0.726813,167.215,195.68,58.3203,102.609,1,0,0.5,0.5,0
12780860,2483,1,1,0,0.833052,167,195.172,57.9375,101.031,0,0,0.5,0.5,0
12785122,2479,1,1,0,0.842606,167.477,194.547,57.8594,101.719,1,0,0.5,0.5,0
12791742,2484,1,1,0,0.74872,167.461,194.719,58.0781,102.062,0,0,0.5,0.5,0
12796346,2484,1,1,0,0.86771,167.914,194.656,58.6406,100.938,0,0,0.5,0.5,0
12802017,2485,1,1,0,0.762422,167.477,194.852,58.8906,101.828,1,0,0.5,0.5,0
12805866,2486,1,1,0,0.772186,167.695,194.844,59.0781,100.438,0,0,0.5,0.5,0
12812226,2485,1,1,0,0.732208,168.848,194.695,59.8203,99.6094,0,0,0.5,0.5,0
12817938,2484,1,1,0,0.611846,168.82,194.734,60.6406,99.5312,1,0,0.5,0.5,0
12822101,2480,1,1,0,0.761359,169.492,194.266,60.6094,99.2188,0,0,0.5,0.5,0
12826123,2485,1,1,0,0.633864,171.977,194.352,62.5469,98.7969,1,0,0.5,0.5,0
12831299,2484,1,1,0,0.599251,172.016,194.938,57.6562,98.6875,1,0,0.5,0.5,0
12835825,2486,1,1,0,0.811079,171.984,194.656,57.5312,101.312,0,0,0.5,0.5,0
12839536,2482,1,1,0,0.711431,173.305,194.242,57.8594,100.016,1,0,0.5,0.5,0
12843296,2483,1,1,0,0.664541,173.352,194.344,56.5469,100.562,1,0,0.5,0.5,0
12850254,2480,1,1,0,0.378459,172.289,200.086,57.9844,86.3281,1,0,0.5,0.5,0
12856067,2485,1,1,0,0.33917,172.453,200.297,54.6562,81.4062,1,0,0.5,0.5,0
12860334,2481,1,1,0,0.754914,172.441,192.859,54.6953,96.7812,0,0,0.5,0.5,0
12865619,2488,1,1,0,0.569374,173.617,196.625,52.1094,92.875,1,0,0.5,0.5,0
12871939,2484,1,1,0,0.392803,173.785,197.727,50.5703,93.0469,1,0,0.5,0.5,0
12875889,2487,1,1,0,0.557845,175.234,194.484,50.9062,99.7188,1,0,0.5,0.5,0
12880014,2487,1,1,0,0.753828,174.977,194.336,50.1406,100.328,1,0,0.5,0.5,0
12885704,2483,1,1,0,0.499023,174,196.875,47.875,93.875,1,0,0.5,0.5,0
12889778,2486,1,1,0,0.454714,173.027,199.781,46.7422,88.0625,1,0,0.5,0.5,0
12893623,2483,1,1,0,0.572723,172.844,200.125,45.3125,88.25,1,0,0.5,0.5,0
12898492,2485,1,1,0,0.737916,171.898,195.875,48.5156,97.5,1,0,0.5,0.5,0
12902358,2486,1,1,0,0.784649,171.617,193.852,46.3906,100.703,0,0,0.5,0.5,0
12906209,2483,1,1,0,0.744286,173.5,194.281,43.5,97,2,0,0.5,0.5,0
12909685,2482,1,1,0,0.728362,173.266,193.984,44.0938,102.344,0,0,0.5,0.5,0
12912978,2485,1,1,0,0.760293,173.418,194.094,45.2734,103.188,2,0,0.5,0.5,0
12916393,2485,1,1,0,0.807157,172.852,194.141,41.8594,103.594,0,0,0.5,0.5,0
12919700,2488,1,1,0,0.775945,172.621,193.703,41.1953,102.031,1,0,0.5,0.5,0
12925682,2485,1,1,0,0.771842,171.414,193.359,41.7031,102.281,1,0,0.5,0.5,0
12929721,2485,1,1,0,0.831416,171.117,193.648,42.1406,102.453,1,0,0.5,0.5,0
12935196,2485,1,1,0,0.721743,171,198.336,40.25,93.3281,0,0,0.5,0.5,0
12938835,2489,1,1,0,0.793426,170.445,193.898,41.2969,101.797,1,0,0.5,0.5,0
12942768,2486,1,1,0,0.707405,170.375,194.164,40.875,100.578,1,0,0.5,0.5,0
12948692,2483,1,1,0,0.81048,170.914,194.508,40.0156,102.766,1,0,0.5,0.5,0
12952633,2480,1,1,0,0.653127,170.258,194.172,41.1094,101.094,0,0,0.5,0.5,0
12956670,2484,1,1,0,0.71103,170.148,193.891,40.2656,101.531,1,0,0.5,0.5,0
12962472,2486,1,1,0,0.583678,170.43,193.648,40.3594,100.672,0,0,0.5,0.5,0
12966780,2479,1,1,0,0.681303,171.008,193.492,39.8281,101.734,1,0,0.5,0.5,0
12972969,2485,1,1,0,0.808975,171.266,193.828,40.8125,103.906,1,0,0.5,0.5,0
12976322,2483,1,1,0,0.584153,171.68,193.852,40.1094,101.297,1,0,0.5,0.5,0
12980091,2486,1,1,0,0.513181,172.398,194.227,37.6406,102.703,0,0,0.5,0.5,0
12985736,2483,1,1,0,0.492188,171.094,197.938,37.8125,93.75,1,0,0.5,0.5,0
12989635,2488,1,1,0,0.726425,170.055,194.859,37.5156,100.594,1,0,0.5,0.5,0
12993429,2485,1,1,0,0.582254,170.336,199.508,37.2969,88.9844,0,0,0.5,0.5,0
12999162,2485,1,1,0,0.462473,167.203,200.328,35.7812,90.6562,1,0,0.5,0.5,0
13002886,2480,1,1,0,0.742796,167.844,194.328,37.5,100.906,0,0,0.5,0.5,0
13006594,2485,1,1,0,0.764538,167.992,193.57,37.3594,100.141,1,0,0.5,0.5,0
13010501,2481,1,1,0,0.846706,168.695,193.883,39.4531,102.516,0,0,0.5,0.5,0
13014135,2480,1,1,0,0.819605,167.727,194.266,39.4219,102.594,1,0,0.5,0.5,0
13017757,2483,1,1,0,0.614625,167.195,194.047,41.3281,102.781,0,0,0.5,0.5,0
13023771,2482,1,1,0,0.726813,166.711,198.773,38.7344,90.3281,0,0,0.5,0.5,0
13027614,2483,1,1,0,0.753466,165.844,197.219,40.0625,96.1875,1,0,0.5,0.5,0
13033761,2487,1,1,0,0.782995,165.516,195.156,41.5312,99.9375,0,0,0.5,0.5,0
13039949,2483,1,1,0,0.686371,161.859,201.375,40,86,0,0,0.5,0.5,0
13043890,2483,1,1,0,0.507812,161.551,201.156,40.6016,84.9375,0,0,0.5,0.5,0
13047775,2485,1,1,0,0.649134,159.262,200.883,39.4297,86.1094,0,0,0.5,0.5,0
13054254,2487,1,1,0,0.765591,158.539,201.133,40.1094,88.6094,0,0,0.5,0.5,0
13057815,2492,1,1,0,0.84822,157.688,199.969,43.25,92.125,0,0,0.5,0.5,0
13064176,2488,1,1,0,0.658418,157.496,202.031,43.4297,86.6875,0,0,0.5,0.5,0
13067861,2485,1,1,0,0.477067,154.055,202.039,49.2344,88.9219,0,0,0.5,0.5,0
13072461,2479,1,1,0,0.829767,152.5,201.875,52.4062,91,0,0,0.5,0.5,0
13079967,2487,1,1,0,0.490724,152.312,202.5,53.9062,90.875,-1,0,0.5,0.5,0
13085350,2492,1,1,0,0.758866,150.852,202.031,61.2969,92.0625,0,0,0.5,0.5,0
13091694,2483,1,1,0,0.426322,152.996,201.727,60.3828,92.9531,0,0,0.5,0.5,0
13095993,2482,1,1,0,0.78695,152.914,201.148,61.9844,92.9219,-1,0,0.5,0.5,0
13101716,2478,1,1,0,0.711832,150.859,204.211,63.8438,83.0781,0,1,0.5,0.5,0
13105685,2479,1,1,0,0.726813,152.906,204.516,63.5,84.3438,-1,0,0.5,0.5,0
13111534,2480,1,1,0,0.584153,152.078,204.844,70.4688,89.0625,0,0,0.5,0.5,0
13114879,2481,1,1,0,0.504394,150.75,195.391,66.75,95.2812,0,0,0.5,0.5,0
13119294,2479,1,1,0,0.476092,149.609,196.078,63.9688,80.5938,-1,0,0.5,0.5,0
13122908,2484,1,1,0,0.279829,152.469,198.758,66.9375,82.8594,0,0,0.5,0.5,0
13128615,2484,1,1,0,0.771498,153.273,194.969,69.0781,97.0625,-1,0,0.5,0.5,0
13135076,2483,1,1,0,0.799755,149.516,194.938,71.2812,97.5,0,0,0.5,0.5,0
13139336,2480,1,1,0,0.721351,150.875,195.062,72,97.4375,-1,0,0.5,0.5,0
13145481,2483,1,1,0,0.311112,150.977,195.125,63.3281,79,0,0,0.5,0.5,0
13149804,2484,1,1,0,0.305283,153.281,191.234,38.4375,67.5938,0,0,0.5,0.5,0
13155232,2484,1,1,0,0.258699,152.938,193.477,69.25,94.5469,-1,0,0.5,0.5,0
13158919,2484,1,1,0,0.262462,153.262,189.984,33.3984,65.0312,0,0,0.5,0.5,0
13162817,2484,1,1,0,0.70619,149.734,196.312,81.5938,100.5,-1,0,0.5,0.5,0
13168502,2483,1,1,0,0.433022,149.953,195.75,81.1562,97.5,0,0,0.5,0.5,0
13173432,2472,1,0,-1,0,0,0,0,0,0,0,0,0,0
13178142,2484,1,1,0,0.281801,152.586,182.875,29.5781,67.4375,0,0,0.5,0.5,0
13183666,2485,1,1,0,0.576542,149.445,191.406,64.6406,87.5625,-1,0,0.5,0.5,0
13188075,2484,1,1,0,0.257764,144.289,195.125,49.7656,74.25,-1,0,0.5,0.5,0
13193586,2486,1,1,0,0.308398,151.703,194.969,74.7812,91.6875,-1,0,0.5,0.5,0
13197858,2484,1,1,0,0.774242,151.203,196.359,77.9062,100.406,0,0,0.5,0.5,0
13203856,2483,1,1,0,0.487307,152.367,195.164,76.7656,97.8281,0,0,0.5,0.5,0
13207537,2483,1,1,0,0.495606,152.469,194.875,74.375,98.125,-1,0,0.5,0.5,0
13211902,2484,1,1,0,0.356448,152.844,194.766,69.5625,96.0938,0,0,0.5,0.5,0
13217452,2483,1,1,0,0.432543,152.719,200.938,76.75,89.4375,-1,0,0.5,0.5,0
13220925,2485,1,1,0,0.70538,151.836,199.078,77.9531,95.9062,0,0,0.5,0.5,0
13226650,2485,1,1,0,0.725259,153.75,201.188,70.25,93.875,0,0,0.5,0.5,0
13230460,2482,1,1,0,0.567457,154.367,202.625,70.8906,88.375,-1,0,0.5,0.5,0
13234223,2480,1,1,0,0.292797,151.617,196.688,67.5469,101.875,0,0,0.5,0.5,0
13237719,2483,1,1,0,0.684687,151.016,201.75,67.5938,91.375,0,0,0.5,0.5,0
13243665,2487,1,1,0,0.547706,152.266,199.766,68.0938,97.7188,-1,0,0.5,0.5,0
13247660,2486,1,1,0,0.834676,150.516,202.477,67.0938,91.9531,0,0,0.5,0.5,0
13251600,2487,1,1,0,0.860366,149.422,203.219,63.5312,90,-1,0,0.5,0.5,0
13257591,2480,1,1,0,0.845179,149.469,196.547,63.4375,103.094,0,0,0.5,0.5,0
13261208,2485,1,1,0,0.665411,149.555,203.812,62.4844,86.125,-1,0,0.5,0.5,0
13267245,2480,1,1,0,0.796609,149.141,204.062,62.2188,87,-1,0,0.5,0.5,0
13272016,2485,1,1,0,0.805938,148.602,204.227,61.2031,87.4219,0,0,0.5,0.5,0
13275654,2485,1,1,0,0.70416,145.969,200.844,57.5625,93.0625,-1,1,0.5,0.5,0
13280044,2482,1,1,0,0.784979,146.914,202.734,57.4219,87.3438,-1,0,0.5,0.5,0
13285293,2482,1,1,0,0.787931,146.188,200.547,58.5,89.7812,-1,0,0.5,0.5,0
13292628,2483,1,1,0,0.803791,145.133,198.438,58.2344,95.375,-1,0,0.5,0.5,0
13297752,2481,1,1,0,0.840523,146.094,199.93,53.25,88.9844,0,0,0.5,0.5,0
13303617,2481,1,1,0,0.820757,143.578,198.609,50.9688,89.4688,-2,0,0.5,0.5,0
13307430,2482,1,1,0,0.800692,144.449,199.328,48.8516,87.1562,-1,0,0.5,0.5,0
13311658,2482,1,1,0,0.80502,142.891,199.852,49.5938,88.0469,-1,0,0.5,0.5,0
13317050,2481,1,1,0,0.843124,143.531,199.594,45.4688,85.1875,-1,0,0.5,0.5,0
13321012,2480,1,1,0,0.770463,142.734,199.625,46.5938,83.5,-2,0,0.5,0.5,0
13325126,2480,1,1,0,0.779322,144.102,199.391,44.4844,83.5312,-1,0,0.5,0.5,0
13331177,2487,1,1,0,0.761713,142.156,200.664,45.0938,85.6719,-1,0,0.5,0.5,0
13334836,2484,1,1,0,0.551574,142.391,199.633,40.8438,81.0156,-1,0,0.5,0.5,0
13340745,2484,1,1,0,0.522933,142.746,197.57,38.5234,75.1406,-2,0,0.5,0.5,0
13345202,2482,1,1,0,0.768383,142.914,197.297,39.3906,79.1562,-1,1,0.5,0.5,0
13348669,2485,1,1,0,0.656219,144.113,191.734,40.8984,95.5938,-1,0,0.5,0.5,0
13355022,2487,1,1,0,0.679604,141.281,191.547,36.25,88.4688,-2,0,0.5,0.5,0
13359379,2484,1,1,0,0.794704,145.227,195.719,36.5156,91.5625,-1,0,0.5,0.5,0
13364686,2484,1,1,0,0.762422,145.02,196.641,32.1484,88.7188,-1,0,0.5,0.5,0
13369047,2486,1,1,0,0.558808,145.336,195.625,33.2656,84.1875,-1,0,0.5,0.5,0
13372332,2482,1,1,0,0.785308,145.758,195.984,33.2656,82.2812,-1,0,0.5,0.5,0
13378565,2483,1,1,0,0.81048,146.027,195.844,32.7422,83.6875,-1,0,0.5,0.5,0
13382157,2491,1,1,0,0.535585,145.246,194.633,34.1797,84.7656,-2,0,0.5,0.5,0
13388023,2487,1,1,0,0.340484,145.906,194.984,32.5938,86.9688,0,0,0.5,0.5,0
13391712,2480,1,1,0,0.715822,147.098,194.906,31.4297,81.3125,-1,0,0.5,0.5,0
13398358,2483,1,1,0,0.626125,147.699,195.438,33.0078,91,-1,0,0.5,0.5,0
13402557,2486,1,1,0,0.297062,147.57,195.891,31.8281,84.4688,-1,0,0.5,0.5,0
13408532,2485,1,1,0,0.595022,147.402,197.953,32.8828,88.3438,-1,0,0.5,0.5,0
13412963,2484,1,1,0,0.532668,146.102,196.789,34.0781,91.8281,-1,0,0.5,0.5,0
13418395,2483,1,1,0,0.602062,145.113,196.5,33.3516,92.875,-1,0,0.5,0.5,0
13425417,2485,1,1,0,0.637933,145.582,197.188,33.7422,90.875,-1,0,0.5,0.5,0
13429042,2485,1,1,0,0.617858,145.539,197.461,35.7656,87.5781,-1,0,0.5,0.5,0
13438620,2484,1,1,0,0.560734,146.645,197.641,33.2266,85.7812,-1,0,0.5,0.5,0
13444823,2481,1,1,0,0.500977,148.598,196.031,31.3984,85.75,-1,0,0.5,0.5,0
13449265,2484,1,1,0,0.753103,147.316,195.969,33.4766,84.3125,-1,0,0.5,0.5,0
13456045,2485,1,1,0,0.581303,147.266,195.062,32.6875,81.25,-1,0,0.5,0.5,0
13459680,2481,1,1,0,0.616474,147.918,198.5,33.0391,86.625,-1,0,0.5,0.5,0
13466124,2487,1,1,0,0.540439,148.402,196.742,32.6484,84.6094,0,0,0.5,0.5,0
13469911,2486,1,1,0,0.546738,149.391,197.836,32.4062,87.4531,-1,0,0.5,0.5,0
13475089,2481,1,1,0,0.67662,148.277,195.844,31.7109,77.9375,-1,0,0.5,0.5,0
13478734,2487,1,1,0,0.505371,148.711,195.758,31.1406,79.2031,-1,0,0.5,0.5,0
13482503,2483,1,1,0,0.501953,147.836,197.188,32.1719,84.375,-1,0,0.5,0.5,0
13486617,2486,1,1,0,0.482917,147.914,197.5,31.4219,81.6875,0,1,0.5,0.5,0
13490008,2485,1,1,0,0.755996,147.699,197.484,34.4922,86.2812,-1,0,0.5,0.5,0
13495732,2484,1,1,0,0.373418,148.477,197.266,33.6719,85.5312,-1,0,0.5,0.5,0
13499412,2482,1,1,0,0.359815,147.57,196.516,34.3281,83.3438,-1,0,0.5,0.5,0
13503329,2483,1,1,0,0.445529,147.574,196.078,34.2109,85.1562,-1,0,0.5,0.5,0
13508925,2479,1,1,0,0.291384,147.75,196.094,34.5,80.8125,0,0,0.5,0.5,0
13512763,2480,1,1,0,0.363421,148.332,196,31.5859,79.75,-1,0,0.5,0.5,0
13518554,2484,1,1,0,0.693888,147.789,194.875,35.7031,76.4375,-1,0,0.5,0.5,0
13525226,2484,1,1,0,0.366816,147.199,194.93,37.8359,81.9844,-1,0,0.5,0.5,0
13529246,2485,1,1,0,0.659296,146.781,197.977,36.375,82.7969,-1,0,0.5,0.5,0
13532851,2484,1,1,0,0.251647,146.289,197.141,35.0156,81.9062,-1,0,0.5,0.5,0
13538949,2482,1,1,0,0.713831,147.188,199.242,38.2188,88.5156,-1,0,0.5,0.5,0
13542938,2484,1,1,0,0.331336,147.266,192.07,37.6875,86.8906,0,0,0.5,0.5,0
13548782,2486,1,1,0,0.707,146.57,199.57,38.9531,82.6094,-2,0,0.5,0.5,0
13552417,2482,1,1,0,0.46393,147.246,196.266,38.2891,92.2812,0,0,0.5,0.5,0
13559049,2483,1,1,0,0.693888,147.543,197.328,38.3984,78.0938,-1,0,0.5,0.5,0
13565449,2484,1,1,0,0.520009,147.484,197.711,38.625,86.4531,-1,0,0.5,0.5,0
13569721,2486,1,1,0,0.696784,145.832,195.891,39.8359,77.8438,-1,0,0.5,0.5,0
13573976,2485,1,1,0,0.342021,144.938,194.875,40.9062,80.25,-1,0,0.5,0.5,0
13579641,2487,1,1,0,0.374104,145.375,193.18,42.7812,83.6094,-1,1,0.5,0.5,0
13585675,2484,1,1,0,0.721743,146.344,193.547,42.0625,92.3438,-1,0,0.5,0.5,0
13589363,2484,1,1,0,0.521471,145.691,194.219,42.8203,91.5625,-1,0,0.5,0.5,0
13595855,2487,1,1,0,0.68595,147.016,195.453,42.6562,83.6562,-1,0,0.5,0.5,0
13599844,2486,1,1,0,0.622,145.969,194.812,44.4375,92.375,-1,0,0.5,0.5,0
13605834,2487,1,1,0,0.758866,144.441,198.844,46.2578,82.9375,-1,0,0.5,0.5,0
13609283,2483,1,1,0,0.285571,144.445,197.086,51.1094,87.1719,-1,0,0.5,0.5,0
13613379,2487,1,1,0,0.683843,144.031,193.484,53,96.9688,-2,0,0.5,0.5,0
13619953,2487,1,1,0,0.251831,147.621,192.148,46.5078,88.5469,0,0,0.5,0.5,0
13623719,2485,1,1,0,0.30198,147.84,190.492,46.2578,91.3594,-1,0,0.5,0.5,0
13627589,2479,1,1,0,0.319546,148.359,195.477,52.1562,83.6719,-1,0,0.5,0.5,0
13633163,2485,1,1,0,0.362292,148.625,196.812,48.3125,79.25,-1,0,0.5,0.5,0
13637807,2482,1,1,0,0.529263,148.469,196.438,50.5,82.875,-1,0,0.5,0.5,0
13643863,2481,1,1,0,0.369542,147.859,197.297,49.8438,81.0938,0,0,0.5,0.5,0
13650972,2485,1,1,0,0.651354,150.211,191.266,50.2656,89.9688,-1,0,0.5,0.5,0
13655183,2484,1,1,0,0.295433,148.406,196.281,49,80.1875,-1,0,0.5,0.5,0
13660922,2484,1,1,0,0.347316,159.477,196.375,23.2969,73.3125,0,0,0.5,0.5,0
13664788,2479,1,1,0,0.312789,159.562,196.523,24.9375,74.3281,0,0,0.5,0.5,0
13668985,2485,1,1,0,0.252199,154.594,191.734,33.125,85.0312,0,0,0.5,0.5,0
13674577,2486,1,1,0,0.528777,156.547,192.32,30.6875,88.3594,0,0,0.5,0.5,0
13678738,2484,1,1,0,0.30819,155.617,195.594,29.0469,76.5625,0,0,0.5,0.5,0
13683030,2484,1,1,0,0.285372,157.949,195.719,22.2578,76.75,0,0,0.5,0.5,0
13687216,2486,1,1,0,0.356672,153.32,195.422,32.5156,80.0312,-1,0,0.5,0.5,0
13693311,2485,1,1,0,0.296654,153.281,195.094,32.25,79.1875,0,0,0.5,0.5,0
13697440,2485,1,1,0,0.326379,155.355,195.062,27.6641,76.0625,0,0,0.5,0.5,0
13702148,2485,1,1,0,0.562177,147.898,191.977,49.8281,93.2031,-1,0,0.5,0.5,0
13708386,2486,1,1,0,0.392803,147.227,195.93,48.9844,82.9844,-1,0,0.5,0.5,0
13712194,2484,1,1,0,0.533641,147.109,197.5,46.7812,84.5,0,0,0.5,0.5,0
13716382,2480,1,1,0,0.375248,156.133,187.25,26.2031,74.1875,-1,0,0.5,0.5,0
13720836,2484,1,1,0,0.648243,149.562,194.562,43.25,86.8125,0,0,0.5,0.5,0
13724712,2483,1,1,0,0.352202,149.625,194.75,41.9688,88.125,-1,0,0.5,0.5,0
13729008,2483,1,1,0,0.707809,151.258,191.531,40.6094,91.9375,0,0,0.5,0.5,0
13738562,2483,1,1,0,0.548674,151.168,190.891,39.4141,92.1562,-1,0,0.5,0.5,0
13743928,2485,1,1,0,0.390476,153.227,196.664,36.8906,86.2969,0,0,0.5,0.5,0
13747463,2482,1,1,0,0.401688,151.633,195.281,38.4219,81.8125,0,0,0.5,0.5,0
13751567,2484,1,1,0,0.343121,153.227,197.219,34.5156,84.4375,-1,0,0.5,0.5,0
13757833,2484,1,1,0,0.47658,154.449,197.367,36.0703,91.8594,0,0,0.5,0.5,0
13761567,2485,1,1,0,0.673191,155.18,199.477,35.3281,91.0469,0,0,0.5,0.5,0
13767591,2483,1,1,0,0.575588,155.781,199.812,34.4375,89.875,0,0,0.5,0.5,0
13771120,2484,1,1,0,0.768731,155.891,199.641,34.5938,88.4688,-1,0,0.5,0.5,0
13775710,2486,1,1,0,0.528777,154.758,198.133,34.1406,87.2656,0,0,0.5,0.5,0
13781390,2485,1,1,0,0.66888,155.359,197.578,35.4375,92.4062,0,0,0.5,0.5,0
13788370,2487,1,1,0,0.827548,157.352,192.008,35.1094,103.391,0,0,0.5,0.5,0
13792089,2482,1,1,0,0.819605,156.766,191.922,35.2812,102.094,0,0,0.5,0.5,0
13799232,2482,1,1,0,0.842606,156.883,191.719,35.3594,101.938,0,0,0.5,0.5,0
13804677,2485,1,1,0,0.795658,156.969,195.945,33.2188,91.2344,0,0,0.5,0.5,0
13810053,2483,1,1,0,0.765941,157.078,197.172,32.875,89.9062,0,0,0.5,0.5,0
13815858,2486,1,1,0,0.70253,156.578,197.156,34.0312,91.9375,-1,0,0.5,0.5,0
13819600,2485,1,1,0,0.457622,156.129,196.383,34.1797,93.7656,0,0,0.5,0.5,0
13826209,2488,1,1,0,0.763481,156.547,196.461,33.8438,92.8281,0,0,0.5,0.5,0
13830237,2485,1,1,0,0.811677,158.492,192,33.6094,100.25,0,0,0.5,0.5,0
13834091,2487,1,1,0,0.802556,159,190.484,33.9688,99.0312,0,0,0.5,0.5,0
13837655,2495,1,1,0,0.82133,159.125,191.781,35.125,100.938,0,0,0.5,0.5,0
13843659,2487,1,1,0,0.798187,159.148,191.594,35.7031,96.4375,0,0,0.5,0.5,0
13850118,2487,1,1,0,0.745399,160.789,198.406,33.7031,90.0625,0,0,0.5,0.5,0
13854211,2485,1,1,0,0.373418,162.477,193.516,34.9219,98.2812,0,0,0.5,0.5,0
13857980,2484,1,1,0,0.483892,162.875,196.156,34.7188,84,0,0,0.5,0.5,0
13863404,2486,1,1,0,0.387227,164.18,190.156,34.6094,92.6875,0,0,0.5,0.5,0
13867939,2484,1,1,0,0.700075,164.598,193.836,34.3984,81.0781,0,0,0.5,0.5,0
13873468,2487,1,1,0,0.796609,165.102,193.938,33.7031,83.6875,0,0,0.5,0.5,0
13877404,2485,1,1,0,0.816113,165.711,194.516,36.0469,79.0312,0,0,0.5,0.5,0
13883690,2486,1,1,0,0.621541,166.75,192.555,36.9688,84.6094,1,0,0.5,0.5,0
13889935,2486,1,1,0,0.840523,169.383,194.664,34.9844,78.4531,0,0,0.5,0.5,0
13893852,2485,1,1,0,0.811975,168.539,196.297,37.1094,76.2812,1,0,0.5,0.5,0
13898088,2482,1,1,0,0.837886,170.289,189.047,39.1719,88.1562,0,0,0.5,0.5,0
13903084,2485,1,1,0,0.72952,170.062,195.516,37.5625,80.9688,0,0,0.5,0.5,0
13907022,2486,1,1,0,0.740176,170.344,194.211,39.4375,98.1719,1,0,0.5,0.5,0
13910984,2482,1,1,0,0.818448,171.078,194.578,39.7812,99.9688,1,0,0.5,0.5,0
13916788,2485,1,1,0,0.765591,170.938,198.508,40.25,80.7344,0,0,0.5,0.5,0
13921054,2487,1,1,0,0.85657,171.664,194.711,41.7344,98.4219,1,0,0.5,0.5,0
13924740,2485,1,1,0,0.769771,171.109,198.445,44.1562,85.1094,1,0,0.5,0.5,0
13931389,2482,1,1,0,0.763834,172,197.906,45.3125,87.9375,0,0,0.5,0.5,0
13935166,2483,1,1,0,0.688888,171.523,199.547,47.1719,87.1562,1,0,0.5,0.5,0
13938498,2487,1,1,0,0.772186,172.387,198.281,46.5859,88.5625,1,0,0.5,0.5,0
13945014,2487,1,1,0,0.774583,172.688,198.211,49.9375,89.8281,1,0,0.5,0.5,0
13951172,2486,1,1,0,0.765941,171.922,198.539,50.5312,87.6719,0,0,0.5,0.5,0
13955626,2487,1,1,0,0.78695,172.75,196.922,51.875,94.0938,1,0,0.5,0.5,0
13962190,2487,1,1,0,0.768383,172.805,198.711,53.1406,87.2031,1,0,0.5,0.5,0
13968400,2484,1,1,0,0.817868,172.82,197.773,55.6094,91.5469,1,0,0.5,0.5,0
13974108,2484,1,1,0,0.799755,173.672,198.539,54.7188,85.4531,0,0,0.5,0.5,0
13977432,2486,1,1,0,0.793746,174.414,196.07,56.7969,91.6406,2,0,0.5,0.5,0
13981320,2485,1,1,0,0.824178,173.828,195.516,56.7188,93.6562,0,0,0.5,0.5,0
13987578,2484,1,1,0,0.741675,173.922,195.477,57.2812,84.2031,1,0,0.5,0.5,0
13991665,2483,1,1,0,0.767339,173.422,196.742,55.5312,79.7344,1,0,0.5,0.5,0
13997701,2484,1,1,0,0.527803,173.906,196.852,58.6875,79.0469,1,0,0.5,0.5,0
14001311,2484,1,1,0,0.787931,174.82,193.664,58.6406,92.5781,1,0,0.5,0.5,0
14005098,2488,1,1,0,0.827548,174.594,195.109,64.1875,94.4062,1,0,0.5,0.5,0
14009133,2480,1,1,0,0.660173,168.758,194.188,65.0469,88.25,1,0,0.5,0.5,0
14014811,2486,1,1,0,0.805938,168.57,194.141,61.4531,83.5312,0,0,0.5,0.5,0
14021276,2486,1,1,0,0.731825,166.766,197.742,63.4688,85.2031,0,0,0.5,0.5,0
14026104,2486,1,1,0,0.828105,167.859,198.562,66.4688,89.5,1,1,0.5,0.5,0
14031653,2483,1,1,0,0.693058,172.109,195.641,62.9062,99.6562,1,0,0.5,0.5,0
14037881,2485,1,1,0,0.522933,169.734,194.672,64.3438,95.6562,0,0,0.5,0.5,0
14041819,2487,1,1,0,0.771153,168.938,193.422,63.875,97.9688,1,0,0.5,0.5,0
14047639,2483,1,1,0,0.794704,170.449,193.312,60.8516,96.9375,0,0,0.5,0.5,0
14051484,2482,1,1,0,0.421552,170.758,193.719,59.8594,88.3125,1,0,0.5,0.5,0
14055831,2482,1,1,0,0.367723,170.586,200.742,60.3281,86.9844,1,0,0.5,0.5,0
14061164,2484,1,1,0,0.62521,171.164,199.484,59.4219,86.7188,0,0,0.5,0.5,0
14064798,2488,1,1,0,0.747248,171.789,200.492,55.7031,86.7344,1,0,0.5,0.5,0
14071092,2483,1,1,0,0.765591,171.766,195.297,57.7812,97.6562,1,0,0.5,0.5,0
14075723,2484,1,1,0,0.80038,172.984,193.062,58.9062,100.125,1,0,0.5,0.5,0
14080614,2485,1,1,0,0.807765,173.414,198.984,57.2031,85.7188,0,0,0.5,0.5,0
14084729,2484,1,1,0,0.765941,173.75,193.891,58.25,99.0312,2,0,0.5,0.5,0
14089182,2485,1,1,0,0.52342,173.25,193.516,55.875,96.1562,0,0,0.5,0.5,0
14092775,2484,1,1,0,0.534127,175.828,199.023,53.1562,84.1719,2,0,0.5,0.5,0
14098698,2479,1,1,0,0.650023,173.75,197.234,51.8438,92.2188,0,0,0.5,0.5,0
14103409,2479,1,1,0,0.263598,175.531,198.898,51,88.0469,2,0,0.5,0.5,0
14109646,2481,1,1,0,0.364325,174.184,199.352,50.2422,86.7969,0,0,0.5,0.5,0
14113702,2481,1,1,0,0.289371,172.641,198.266,51.875,89.8438,1,0,0.5,0.5,0
14119871,2485,1,1,0,0.554471,174.805,199.289,46.3906,85.9531,1,0,0.5,0.5,0
14123615,2482,1,1,0,0.277669,177.156,198.141,47.6875,87.7812,2,0,0.5,0.5,0
14129943,2483,1,1,0,0.402157,178.238,195.141,47.5234,89.8438,1,0,0.5,0.5,0
14136724,2484,1,1,1,0.256458,177.645,162.004,8.65625,9.44531,1,0,0.5,0.5,0
14141438,2470,1,0,-1,0,0,0,0,0,0,0,0,0,0
14146792,2470,1,0,-1,0,0,0,0,0,0,0,0,0,0
14150867,2482,1,1,0,0.259636,181.273,182.773,33.8594,55.1406,2,0,0.5,0.5,0
14156867,2484,1,1,0,0.363873,181.695,183.984,31.5469,54.9688,2,0,0.5,0.5,0
14161263,2484,1,1,0,0.277865,181.719,183.953,33.7188,54.7812,2,0,0.5,0.5,0
14166493,2488,1,1,0,0.260953,181.805,184.414,34.6406,56.7031,1,0,0.5,0.5,0
14170193,2484,1,1,0,0.33372,180.375,182.719,30.4219,58.6875,1,0,0.5,0.5,0
14176082,2482,1,1,0,0.440229,176.426,193.656,40.7109,81.9375,2,0,0.5,0.5,0
14179659,2484,1,1,0,0.338077,176.32,193.094,39.8594,100.688,1,0,0.5,0.5,0
14183829,2480,1,1,0,0.485356,176.465,188.695,39.8516,97.2656,1,0,0.5,0.5,0
14187604,2484,1,1,0,0.255343,186.059,178.352,21.5859,49.1406,3,0,0.5,0.5,0
14193365,2486,1,1,0,0.709422,175.434,186.07,38.3203,93.8594,1,0,0.5,0.5,0
14196914,2481,1,1,0,0.483892,175.281,187.742,37.5625,81.8906,1,0,0.5,0.5,0
14200842,2482,1,1,0,0.268559,170.641,195.336,27.5938,65.9219,1,0,0.5,0.5,0
14206157,2483,1,1,0,0.737916,172.512,186.453,38.8203,94.2812,1,0,0.5,0.5,0
14209871,2488,1,1,0,0.325736,170.875,194.609,36.3125,79.8438,0,0,0.5,0.5,0
14216195,2483,1,1,0,0.286368,170.637,194.102,37.0078,81.9531,1,0,0.5,0.5,0
14219952,2482,1,1,0,0.408277,166.297,194.906,29.6875,80.0625,1,0,0.5,0.5,0
14224083,2480,1,1,0,0.669312,173.281,191.711,35.2812,86.4219,1,0,0.5,0.5,0
14227708,2483,1,1,0,0.563138,173.109,193.391,33.8438,84.2188,0,0,0.5,0.5,0
14231372,2482,1,1,0,0.692642,173.621,192.484,35.4141,86.4062,2,0,0.5,0.5,0
14236541,2483,1,1,0,0.376853,171.484,194.344,34.2812,82.6875,0,0,0.5,0.5,0
14240341,2483,1,1,0,0.377541,173.238,194.133,34.3359,83.8906,1,0,0.5,0.5,0
14244794,2478,1,1,0,0.511717,171.477,194.336,34.8281,84.3281,1,0,0.5,0.5,0
14250178,2483,1,1,0,0.773215,172.594,192.656,34.25,83.8125,1,0,0.5,0.5,0
14254174,2483,1,1,0,0.404978,171.773,193.688,33.1719,81.9375,1,0,0.5,0.5,0
14257705,2482,1,1,0,0.690977,171.914,194,32.3594,82.9375,0,0,0.5,0.5,0
14261855,2485,1,1,0,0.731057,171.738,197.781,32.8672,89.3125,1,0,0.5,0.5,0
14267938,2484,1,1,0,0.683843,171.246,197.242,33.3828,88.1406,1,0,0.5,0.5,0
14273769,2482,1,1,0,0.516596,171.305,195.961,34.2344,85.4219,1,0,0.5,0.5,0
14277530,2481,1,1,0,0.654454,172.375,197.688,34.625,87.625,1,0,0.5,0.5,0
14283290,2482,1,1,0,0.588416,171.078,197.891,35.2188,86.7188,0,0,0.5,0.5,0
14289904,2477,1,1,0,0.301157,171.629,190.305,33.7734,103.141,1,0,0.5,0.5,0
14296693,2483,1,1,0,0.442637,171.727,193.109,33.6094,97.5312,1,0,0.5,0.5,0
14300636,2484,1,1,0,0.438304,172.406,196.094,33.9375,91.0625,1,0,0.5,0.5,0
14304495,2483,1,1,0,0.341362,173.898,191.602,32.2969,101.953,1,0,0.5,0.5,0
14310242,2486,1,1,0,0.799442,173.023,191.406,34.7031,100.875,0,0,0.5,0.5,0
14314122,2483,1,1,0,0.73867,171.664,191.25,33.3594,94.5,1,0,0.5,0.5,0
14317627,2484,1,1,0,0.754552,172.895,188.539,34.2109,99.6719,2,0,0.5,0.5,0
14322172,2484,1,1,0,0.623377,173.586,197.305,33.5156,90.1094,0,0,0.5,0.5,0
14327474,2484,1,1,0,0.824743,173.344,196.641,33.0312,91.4062,1,0,0.5,0.5,0
14334161,2483,1,1,0,0.753828,172.453,196.75,33.5312,89.25,1,0,0.5,0.5,0
14341299,2484,1,1,0,0.816113,172.359,196.773,33.0625,84.4531,1,0,0.5,0.5,0
14345298,2484,1,1,0,0.771842,172.586,197.656,34.1719,86.4375,1,0,0.5,0.5,0
14350468,2483,1,1,0,0.521471,171.828,199.195,33.9688,84.8594,0,0,0.5,0.5,0
14353976,2486,1,1,0,0.675764,171.938,199.133,33.4062,85.2344,1,0,0.5,0.5,0
14357859,2485,1,1,0,0.805633,171.484,199.219,34.9062,86,1,0,0.5,0.5,0
14363314,2485,1,1,0,0.782995,172.641,199.07,34.2188,84.8906,1,0,0.5,0.5,0
14367828,2484,1,1,0,0.71423,171.352,199.039,35.9531,85.1719,1,0,0.5,0.5,0
14371676,2486,1,1,0,0.769078,172.766,199.203,36.8125,87.9062,0,0,0.5,0.5,0
14377155,2484,1,1,0,0.784319,172.641,198.984,37.8438,88.9688,1,0,0.5,0.5,0
14380700,2483,1,1,0,0.837355,172.277,198.953,37.7578,86.2188,1,0,0.5,0.5,0
14384555,2486,1,1,0,0.807461,173.906,199.281,38.3125,87.5625,1,0,0.5,0.5,0
14390367,2484,1,1,0,0.858479,172.844,199.328,38.9062,86.5312,1,0,0.5,0.5,0
14396861,2482,1,1,0,0.827548,172.352,199.047,42.1094,88.9062,1,0,0.5,0.5,0
14400202,2485,1,1,0,0.796292,173.008,201.641,41.4531,84.3438,1,0,0.5,0.5,0
14404087,2485,1,1,0,0.858953,171.898,199.617,42.2969,86.2969,0,1,0.5,0.5,0
14407670,2482,1,1,0,0.763481,172.594,200.375,46.125,88,1,0,0.5,0.5,0
14413572,2484,1,1,0,0.877269,172.469,200.047,46.4062,88.0938,1,0,0.5,0.5,0
14418004,2481,1,1,0,0.805938,173.984,198.984,47.1562,89.2812,1,0,0.5,0.5,0
14424036,2485,1,1,0,0.838945,173.719,198.391,47.6875,88.6562,1,0,0.5,0.5,0
14427847,2483,1,1,0,0.783326,172.516,198.797,50.6875,88.2188,1,0,0.5,0.5,0
14432099,2479,1,1,0,0.828105,173.004,199.969,51.3828,86.6875,1,0,0.5,0.5,0
14437943,2488,1,1,0,0.772186,172.918,200.422,55.5391,85.4688,1,0,0.5,0.5,0
14441618,2489,1,1,0,0.768036,171.328,200.172,58.5938,86.5938,0,0,0.5,0.5,0
14447299,2492,1,1,0,0.785637,171.414,200.289,57.7969,85.2031,1,0,0.5,0.5,0
14450881,2482,1,1,0,0.771153,170.004,200.516,60.7422,85.1562,1,0,0.5,0.5,0
14454837,2484,1,1,0,0.789882,170.094,198.469,62.875,89.0625,1,0,0.5,0.5,0
14458331,2484,1,1,0,0.520009,170.5,199.938,63.375,88.5,0,0,0.5,0.5,0
14464158,2485,1,1,0,0.670176,169.113,197.625,65.2734,91.125,1,0,0.5,0.5,0
14468611,2486,1,1,0,0.741675,169.348,197.406,60.7578,89.4375,0,1,0.5,0.5,0
14472496,2485,1,1,0,0.482917,169.297,197.125,64.6562,87.375,1,0,0.5,0.5,0
14478782,2484,1,1,0,0.718989,170.078,196.859,62.4062,88.5312,1,0,0.5,0.5,0
14482145,2485,1,1,0,0.656219,170.109,195.359,66.5938,88.0938,0,0,0.5,0.5,0
14486088,2486,1,1,0,0.756356,171.234,196,64.3438,88.25,1,0,0.5,0.5,0
14492195,2485,1,1,0,0.757793,170.199,195.859,67.9766,88.4062,0,0,0.5,0.5,0
14496760,2486,1,1,0,0.799129,170.469,195.75,65.5625,90.75,1,0,0.5,0.5,0
14500007,2484,1,1,0,0.74614,170.242,195.406,65.8906,88.0625,1,0,0.5,0.5,0
14506017,2485,1,1,0,0.68342,170.445,195.555,64.5469,89.3906,0,0,0.5,0.5,0
14509874,2484,1,1,0,0.757793,171.578,194.859,63.9062,88.0312,1,0,0.5,0.5,0
14515241,2485,1,1,0,0.294417,170.879,192.617,59.3672,80.0781,1,0,0.5,0.5,0
14518837,2485,1,1,0,0.756716,170.758,192.703,58.0156,80.6562,0,0,0.5,0.5,0
14524551,2482,1,1,0,0.753828,168.938,193.156,61.625,81.3125,1,0,0.5,0.5,0
14528690,2486,1,1,0,0.74651,168.879,193.125,58.8047,80.25,0,0,0.5,0.5,0
14532614,2483,1,1,0,0.576542,168.852,192.953,58.3594,80.2812,1,0,0.5,0.5,0
14536563,2485,1,1,0,0.658418,168.086,193.594,60.7969,85.5625,0,0,0.5,0.5,0
14546318,2484,1,1,0,0.776963,170.367,193.031,57.7344,82.4375,1,0,0.5,0.5,0
14549791,2484,1,1,0,0.686791,171.016,194.328,59.8438,94.3438,0,0,0.5,0.5,0
14554003,2484,1,1,0,0.726037,172.531,194.797,57.3125,88.7812,1,0,0.5,0.5,0
14557701,2482,1,1,0,0.620622,172.594,197.039,54.0625,88.5469,1,0,0.5,0.5,0
14563274,2480,1,1,0,0.609989,171.535,194.297,63.9297,97.5312,1,0,0.5,0.5,0
14567894,2486,1,1,0,0.580352,174.75,194.906,56,93.4375,1,0,0.5,0.5,0
14572019,2485,1,1,0,0.689306,175.609,196.094,50.2812,87.5625,1,0,0.5,0.5,0
14578581,2483,1,1,0,0.626125,174.406,195.312,55.125,89.3125,1,0,0.5,0.5,0
14582829,2486,1,1,0,0.467818,174.359,195.258,54.6562,86.5156,1,0,0.5,0.5,0
14589309,2487,1,1,0,0.554471,174.578,195.289,47.1562,86.5781,0,0,0.5,0.5,0
14593053,2485,1,1,0,0.662797,174.727,195.523,45.8906,87.5469,2,0,0.5,0.5,0
14598101,2482,1,1,0,0.532182,176.84,192.938,48.5078,93.625,1,0,0.5,0.5,0
14603731,2483,1,1,0,0.460046,178.172,194.117,47.5312,89.9844,1,0,0.5,0.5,0
14609186,2485,1,1,0,0.646906,178.18,190.719,44.2969,82.9375,2,0,0.5,0.5,0
14612810,2485,1,1,0,0.269325,177.906,190.938,44.1562,84.5,1,0,0.5,0.5,0
14616891,2482,1,1,0,0.573201,176.477,191.281,39.0156,81.8125,1,0,0.5,0.5,0
14622980,2486,1,1,0,0.488283,174.98,194,37.9922,88,1,0,0.5,0.5,0
14629550,2489,1,1,0,0.758151,177.422,187.445,42.5312,102.859,2,0,0.5,0.5,0
14635812,2495,1,1,0,0.266835,178.445,188.773,37.0781,97.2031,1,0,0.5,0.5,0
14640098,2485,1,1,0,0.490724,179.336,190.359,33.4531,86.0312,2,0,0.5,0.5,0
14644064,2483,1,1,0,0.699254,177.047,190.547,32.1562,84.0938,1,0,0.5,0.5,0
14650293,2487,1,1,0,0.748353,178.496,190.102,39.6016,80.3281,2,0,0.5,0.5,0
14653749,2484,1,1,0,0.633411,175.035,195.32,47.9453,88.9844,1,0,0.5,0.5,0
14659187,2484,1,1,0,0.614163,167.516,195.203,66.3438,88.8438,0,0,0.5,0.5,0
14663064,2483,1,1,0,0.597843,165.031,193.625,62.8125,86.5,0,0,0.5,0.5,0
14669320,2482,1,1,0,0.391871,163.547,192.57,57.0312,77.8594,0,0,0.5,0.5,0
14675574,2487,1,1,0,0.410638,167,188.391,51.75,88.1562,1,0,0.5,0.5,0
14679949,2485,1,1,0,0.619701,168.961,194.094,39.4844,82.5,1,0,0.5,0.5,0
14683644,2486,1,1,0,0.579876,174.656,191.609,36.4688,93.4688,1,0,0.5,0.5,0
14689455,2486,1,1,0,0.749821,174.777,188.703,38.5703,102.031,1,0,0.5,0.5,0
14694079,2482,1,1,0,0.765591,173.812,187.812,38,103.75,1,0,0.5,0.5,0
14698090,2484,1,1,0,0.669744,172.828,193.055,36.1562,91.4844,0,0,0.5,0.5,0
14703259,2485,1,1,0,0.667147,171.602,193.68,37.5156,90.0156,1,0,0.5,0.5,0
14708197,2487,1,1,0,0.726425,171.156,186.516,37.1875,101.031,1,0,0.5,0.5,0
14713001,2485,1,1,0,0.320609,171.656,188.5,35,90.75,1,0,0.5,0.5,0
14718863,2484,1,1,0,0.462958,168.664,192.406,38.2656,86.75,1,0,0.5,0.5,0
14724587,2484,1,1,0,0.402627,166.305,189.25,39.2656,99,0,0,0.5,0.5,0
14728386,2485,1,1,0,0.415847,164.898,189.547,39.8906,87.1562,0,0,0.5,0.5,0
14735130,2483,1,1,0,0.733356,163.797,191.562,39.3438,85.125,0,0,0.5,0.5,0
14738933,2482,1,1,0,0.394668,163.574,192.312,40.3672,88.375,0,0,0.5,0.5,0
14743236,2483,1,1,0,0.619701,163.574,192.484,40.0703,85.1562,1,0,0.5,0.5,0
14750423,2485,1,1,0,0.54819,163.273,190.828,37.1406,78.5312,0,0,0.5,0.5,0
14755649,2485,1,1,0,0.698843,162.188,189.844,41.375,87.3125,0,0,0.5,0.5,0
14761823,2488,1,1,0,0.695545,161.676,187.906,43.7734,96.0625,0,0,0.5,0.5,0
14767335,2485,1,1,0,0.30198,159.57,193.273,46.4531,83.2031,0,0,0.5,0.5,0
14771943,2485,1,1,0,0.706595,159.145,194.859,46.7891,87.0312,0,0,0.5,0.5,0
14775883,2486,1,1,0,0.425844,159.711,193.812,47.9844,79,0,0,0.5,0.5,0
14783764,2486,1,1,0,0.277865,157.586,194.039,53.4531,81.0781,0,0,0.5,0.5,0
14788538,2482,1,1,0,0.257017,158.047,193.094,55.1562,80.75,0,0,0.5,0.5,0
14792639,2483,1,1,0,0.436862,173.068,190.297,22.3242,70.1562,1,0,0.5,0.5,0
14798168,2482,1,1,0,0.312789,172.791,190.281,22.8633,71.125,1,0,0.5,0.5,0
14801941,2485,1,1,0,0.402157,173.141,189.703,24.5,70.8438,0,0,0.5,0.5,0
14808047,2484,1,1,0,0.468791,157.371,194.922,70.2578,84.0938,0,0,0.5,0.5,0
14814423,2486,1,1,0,0.502441,155.562,192.812,71.125,85.5,0,0,0.5,0.5,0
14818690,2482,1,1,0,0.67405,155.766,192.703,65.9688,81.6562,0,0,0.5,0.5,0
14822411,2487,1,1,0,0.70902,155.531,192.906,71.0625,80.625,0,0,0.5,0.5,0
14828526,2485,1,1,0,0.428234,156.547,192.969,69.9688,84,0,0,0.5,0.5,0
14835032,2487,1,1,0,0.763481,158.305,193.312,71.1094,83.25,0,0,0.5,0.5,0
14838967,2485,1,1,0,0.784979,158.656,193.578,71.5625,84.9062,-1,0,0.5,0.5,0
14843531,2483,1,1,0,0.639736,158.641,193.617,71.2812,91.9844,0,0,0.5,0.5,0
14848455,2485,1,1,0,0.690977,157.656,194.625,76.8125,86.875,0,0,0.5,0.5,0
14851948,2483,1,1,0,0.835752,157.578,194.016,78.9688,90.3438,0,0,0.5,0.5,0
14858193,2486,1,1,0,0.574633,156.172,193.5,76.2812,90,0,0,0.5,0.5,0
14861472,2482,1,1,0,0.656219,156.328,193.375,76.2188,89.25,0,0,0.5,0.5,0
14867799,2493,1,1,0,0.643328,155.016,193.141,78.4688,85.7812,0,0,0.5,0.5,0
14871637,2482,1,1,0,0.707,154.141,194.523,78.9062,88.2969,0,0,0.5,0.5,0
14875599,2486,1,1,0,0.833595,154.141,194.609,77.5938,88.2188,-1,0,0.5,0.5,0
14881135,2488,1,1,0,0.820757,153.992,194.391,77.8594,87.7188,0,0,0.5,0.5,0
14884911,2485,1,1,0,0.718199,154.562,194.406,78,89.8125,0,0,0.5,0.5,0
14889212,2481,1,1,0,0.688888,155.391,193.914,75.2188,90.0781,0,0,0.5,0.5,0
14892932,2485,1,1,0,0.798187,153.805,190.266,75.5156,95.5312,0,0,0.5,0.5,0
14898576,2479,1,1,0,0.576065,153.359,188.117,74.8438,97.7344,-1,0,0.5,0.5,0
14902164,2485,1,1,0,0.806853,153.242,188.141,73.3906,99.2812,0,0,0.5,0.5,0
14906224,2481,1,1,0,0.848722,153.5,187.922,69.875,97.8438,0,0,0.5,0.5,0
14909752,2486,1,1,0,0.779658,154.766,188.289,69.0312,99.3281,0,0,0.5,0.5,0
14914734,2483,1,1,0,0.4917,154.656,188.078,68.0625,97.4062,-1,0,0.5,0.5,0
14918874,2484,1,1,0,0.82699,153.719,187.688,66.6875,96.75,0,0,0.5,0.5,0
14922890,2485,1,1,0,0.866358,153.703,187.719,66.5938,99.3125,0,0,0.5,0.5,0
14928217,2484,1,1,0,0.834136,154,187.578,67.125,98.0312,0,0,0.5,0.5,0
14932055,2486,1,1,0,0.807461,153.312,187.547,64.375,98.6562,-1,0,0.5,0.5,0
14936051,2486,1,1,0,0.755996,153.617,187.859,66.8906,98.2188,0,0,0.5,0.5,0
14941528,2484,1,1,0,0.774242,151.789,187.789,63.1094,97.4531,0,0,0.5,0.5,0
14944990,2485,1,1,0,0.846199,152.578,189.047,65.5938,99.8438,-1,0,0.5,0.5,0
14949244,2484,1,1,0,0.829214,150.938,188.188,64.125,99.5,0,0,0.5,0.5,0
14955245,2485,1,1,0,0.808975,150.398,187.672,62.0156,98.6562,-1,0,0.5,0.5,0
14958878,2486,1,1,0,0.817868,150.258,187.547,62.7344,98.2812,0,0,0.5,0.5,0
14963057,2486,1,1,0,0.864538,149.945,188.109,62.8906,100.031,-1,0,0.5,0.5,0
14968643,2487,1,1,0,0.278453,149.008,188.047,60.2969,98.4062,0,0,0.5,0.5,0
14972369,2489,1,1,0,0.796292,149.102,189.781,60.7969,96.9375,-1,0,0.5,0.5,0
14976254,2486,1,1,0,0.82133,147.398,192.906,57.2031,85.0625,-1,0,0.5,0.5,0
14982086,2484,1,1,0,0.457622,141.566,193.836,47.5078,84.2969,-1,0,0.5,0.5,0
14986375,2484,1,1,0,0.403097,144.281,193.336,53.75,86.0781,-1,0,0.5,0.5,0
14990025,2483,1,1,0,0.611846,146.469,193.758,54.25,88.0156,-1,0,0.5,0.5,0
14994082,2485,1,1,0,0.683843,144.422,192.336,52.4688,91.1719,-1,0,0.5,0.5,0
15000170,2486,1,1,0,0.829767,144.031,187.578,52.375,99.7188,-1,0,0.5,0.5,0
15003458,2485,1,1,0,0.448909,144.02,187.859,47.4766,100.531,-1,0,0.5,0.5,0
15007412,2483,1,1,0,0.757434,144.062,188.875,50.125,96.0625,-2,0,0.5,0.5,0
15016727,2485,1,1,0,0.604399,144.289,186.742,45.3281,98.7656,0,0,0.5,0.5,0
15023203,2486,1,1,0,0.690142,145.859,192.422,44.5938,85.7812,-1,0,0.5,0.5,0
15030508,2484,1,1,0,0.757075,144.344,192.375,45,88.25,-2,0,0.5,0.5,0
15036213,2483,1,1,0,0.698843,142.578,193.414,40.3438,88.5781,-1,0,0.5,0.5,0
15042823,2486,1,1,0,0.614625,141.836,192.805,41.4844,90.4844,-1,0,0.5,0.5,0
15047904,2481,1,1,0,0.336767,143.219,192.391,37.75,84.5938,-1,0,0.5,0.5,0
15053284,2484,1,1,0,0.540439,141.52,192.5,39.4141,86.5,-2,0,0.5,0.5,0
15057940,2485,1,1,0,0.762068,141.195,189.484,38.8594,98.2188,-2,0,0.5,0.5,0
15063654,2481,1,1,0,0.782663,142.18,188.812,38.3594,100.625,-1,0,0.5,0.5,0
15070555,2487,1,1,0,0.68805,143.676,188.961,36.5391,97.4219,-1,0,0.5,0.5,0
15074601,2484,1,1,0,0.781997,143.254,189.875,35.6328,85.875,-1,0,0.5,0.5,0
15080828,2486,1,1,0,0.739047,144.258,190.219,33.0781,84.1875,-2,0,0.5,0.5,0
15084404,2494,1,1,0,0.695545,144.309,189.805,33.6172,83.7344,-1,0,0.5,0.5,0
15090487,2486,1,1,0,0.257204,143.438,187.969,35.3125,85.9375,-1,0,0.5,0.5,0
15096517,2487,1,1,0,0.30819,144.992,187.906,34.4844,83.0625,-1,0,0.5,0.5,0
15100323,2485,1,1,0,0.75274,145.129,191.852,36.1953,89.2969,-2,0,0.5,0.5,0
15104954,2489,1,1,0,0.63477,146.008,191.25,36.0156,89.875,-1,0,0.5,0.5,0
15108754,2486,1,1,0,0.362743,145.816,191.141,33.5547,90.8438,-1,0,0.5,0.5,0
15114360,2481,1,1,0,0.455683,147.391,191.844,33.5,84.3125,-1,0,0.5,0.5,0
15120017,2484,1,1,0,0.261518,149.023,194.578,31.6094,81.8438,-1,0,0.5,0.5,0
15123945,2480,1,1,0,0.529263,150.844,194.562,28.25,77.625,0,0,0.5,0.5,0
15127636,2483,1,1,0,0.386763,150.371,194.875,29.4297,79.875,-1,0,0.5,0.5,0
15131964,2483,1,1,0,0.373418,150.906,194.109,28.5,78.7188,-1,0,0.5,0.5,0
15135381,2485,1,1,0,0.437823,148.309,192.398,32.7422,85.5469,-1,0,0.5,0.5,0
15140799,2481,1,1,0,0.289572,148.922,193.023,31.5625,81.7031,0,0,0.5,0.5,0
15144405,2484,1,1,0,0.459076,148.625,193.578,33.4375,81.9688,-1,0,0.5,0.5,0
15149001,2483,1,1,0,0.416322,149.297,193.773,32.0312,82.5469,-1,0,0.5,0.5,0
15154540,2487,1,1,0,0.687211,149.32,192.797,32.3594,84.5938,0,0,0.5,0.5,0
15160342,2487,1,1,0,0.628864,149.242,196.266,33.7969,78.0938,-1,0,0.5,0.5,0
15164134,2483,1,1,0,0.535585,149.703,197.922,35.375,74.7188,-1,0,0.5,0.5,0
15169927,2485,1,1,0,0.35354,148.383,194.078,32.5469,81.2812,-1,0,0.5,0.5,0
15173961,2485,1,1,0,0.572723,150.117,195.906,33.9219,79.875,0,0,0.5,0.5,0
15177460,2485,1,1,0,0.413951,148.625,193.273,33.7188,86.0469,-1,0,0.5,0.5,0
15183716,2484,1,1,0,0.617397,148.883,193.469,33.7969,84.5625,-1,0,0.5,0.5,0
15187557,2486,1,1,0,0.29931,149.402,186.602,34.6797,98.0781,0,0,0.5,0.5,0
15191677,2487,1,1,0,0.562657,149.73,181.836,33.9297,88.1719,-1,0,0.5,0.5,0
15197124,2488,1,1,0,0.368859,149.672,190.062,33.7812,82.9375,-1,0,0.5,0.5,0
15203477,2483,1,1,0,0.423458,148.262,187.297,35.3828,97.3438,-1,0,0.5,0.5,0
15207373,2485,1,1,0,0.254045,146.691,192.016,34.0703,88.0938,0,0,0.5,0.5,0
15213539,2486,1,1,0,0.355328,146.445,191.133,32.1094,82.2656,-1,0,0.5,0.5,0
15219791,2486,1,1,0,0.258138,150.773,190.414,41.7656,78.4531,-1,0,0.5,0.5,0
15224125,2483,1,1,0,0.257764,151.93,195.406,45.2344,86.625,0,0,0.5,0.5,0
15227515,2485,1,1,0,0.29972,145.129,195.062,32.6016,87.875,-1,0,0.5,0.5,0
15231506,2486,1,1,0,0.397471,146.172,195.586,33.0938,87.9531,-2,0,0.5,0.5,0
15237231,2487,1,1,0,0.419648,144.277,189.82,37.0703,78.0156,-1,0,0.5,0.5,0
15240800,2489,1,1,0,0.466359,144.543,192.422,37.2109,95.2812,0,0,0.5,0.5,0
15246779,2484,1,1,0,0.609059,146.645,195.312,36.1172,89.6875,-1,0,0.5,0.5,0
15250500,2483,1,1,0,0.655337,146.75,195.297,34.0312,88.0938,-2,0,0.5,0.5,0
15254512,2485,1,1,0,0.338077,145.785,195.477,36.1953,88.6719,-1,0,0.5,0.5,0
15260427,2483,1,1,0,0.600188,145.723,194.797,37.7422,89.5938,0,0,0.5,0.5,0
15264735,2484,1,1,0,0.682997,148.039,189.031,39.9219,97.8125,-1,0,0.5,0.5,0
15268835,2483,1,1,0,0.414899,148.102,188.203,39.9219,102.594,-1,0,0.5,0.5,0
15274240,2485,1,1,0,0.608594,146.676,193.875,40.1328,88.6875,-1,0,0.5,0.5,0
15277783,2486,1,1,0,0.657979,147.375,191.891,40.6875,90.9688,-1,0,0.5,0.5,0
15281294,2484,1,1,0,0.601594,147,192.297,42.0625,90.4062,-1,0,0.5,0.5,0
15287089,2487,1,1,0,0.654454,146.797,192.125,43.4688,89.75,-1,0,0.5,0.5,0
15290842,2483,1,1,0,0.262652,147.758,194.641,46.0469,86.7812,-1,0,0.5,0.5,0
15296882,2483,1,1,0,0.813461,147.695,188.625,46.0781,99.9375,0,0,0.5,0.5,0
15300556,2485,1,1,0,0.594551,148.68,188.172,47.8281,99.5938,-1,0,0.5,0.5,0
15304285,2479,1,1,0,0.444565,149.418,194.125,48.6641,85.5,-1,0,0.5,0.5,0
15310548,2479,1,1,0,0.378459,147.164,193.75,47.5781,77.6875,-1,0,0.5,0.5,0
15314450,2484,1,1,0,0.375935,147.203,193.219,50.2188,78.625,-1,0,0.5,0.5,0
15320633,2481,1,1,0,0.650912,147.289,193.797,51.0156,80.9062,-1,0,0.5,0.5,0
15324597,2483,1,1,0,0.309441,147.891,192.211,51.2188,78.4844,0,0,0.5,0.5,0
15330864,2485,1,1,0,0.68805,148.027,192.031,52.1328,78.25,-1,0,0.5,0.5,0
15335232,2487,1,1,0,0.322739,148.75,191.656,54.9062,79.6875,-1,0,0.5,0.5,0
15340755,2485,1,1,0,0.779993,148.281,193.93,58.8125,87.1094,-1,0,0.5,0.5,0
15345307,2488,1,1,0,0.538498,150.016,194.617,61.2812,86.2656,0,0,0.5,0.5,0
15348947,2484,1,1,0,0.797557,150.117,194.594,64.6406,87.5625,-1,0,0.5,0.5,0
15354487,2483,1,1,0,0.55254,150.133,190.422,59.7969,78.0312,-1,0,0.5,0.5,0
15358200,2484,1,1,0,0.693473,148.953,192.742,63.5938,76.3594,0,0,0.5,0.5,0
15362183,2487,1,1,0,0.404507,148.414,193.172,63.7969,76.9688,-1,0,0.5,0.5,0
15365951,2483,1,1,0,0.688469,151.141,192.984,67.9062,87.4062,-1,0,0.5,0.5,0
15369560,2482,1,1,0,0.703346,151.141,191.641,68.2812,86.7188,0,0,0.5,0.5,0
15375402,2484,1,1,0,0.651354,150.25,190.484,66.375,78.9062,-1,0,0.5,0.5,0
15381268,2486,1,1,0,0.82643,150.117,190.812,67.3906,85.75,0,0,0.5,0.5,0
15384896,2483,1,1,0,0.667147,148.656,187.703,64.4375,81.4062,-1,0,0.5,0.5,0
15388712,2480,1,1,0,0.27048,152.25,190.156,69.375,95,-1,0,0.5,0.5,0
15394695,2484,1,1,0,0.52683,151.078,190.984,70.5938,90.7812,0,0,0.5,0.5,0
15398670,2486,1,1,0,0.432063,150.688,190.359,70.5,85.7812,0,0,0.5,0.5,0
15402644,2485,1,1,0,0.670176,149.977,188.688,68.8594,79.75,-1,0,0.5,0.5,0
15406830,2473,1,0,-1,0,0,0,0,0,0,0,0,0,0
15412369,2486,1,1,0,0.697196,150.281,189.078,69.6875,80.7812,0,0,0.5,0.5,0
15418110,2485,1,1,0,0.273187,150.828,191.062,69.7812,84.9375,-1,0,0.5,0.5,0
15421630,2472,1,0,-1,0,0,0,0,0,0,0,0,0,0
15425691,2469,1,0,-1,0,0,0,0,0,0,0,0,0,0
15431410,2472,1,0,-1,0,0,0,0,0,0,0,0,0,0
15435342,2486,1,1,0,0.333069,149.477,189.086,65.1094,76.9219,0,0,0.5,0.5,0
15439209,2475,1,0,-1,0,0,0,0,0,0,0,0,0,0
15445460,2471,1,0,-1,0,0,0,0,0,0,0,0,0,0
15449787,2487,1,1,0,0.336549,149.305,191.812,67.7031,80.625,0,0,0.5,0.5,0
15456239,2468,1,0,-1,0,0,0,0,0,0,0,0,0,0
15462381,2471,1,0,-1,0,0,0,0,0,0,0,0,0,0
15466337,2482,1,1,0,0.301774,146.734,192.234,68.7188,81.5312,-1,0,0.5,0.5,0
15471190,2469,1,0,-1,0,0,0,0,0,0,0,0,0,0
15476618,2470,1,0,-1,0,0,0,0,0,0,0,0,0,0
15480864,2471,1,0,-1,0,0,0,0,0,0,0,0,0,0
15486143,2469,1,0,-1,0,0,0,0,0,0,0,0,0,0
15491737,2473,1,0,-1,0,0,0,0,0,0,0,0,0,0
15498949,2471,1,0,-1,0,0,0,0,0,0,0,0,0,0
15506036,2469,1,0,-1,0,0,0,0,0,0,0,0,0,0
15512359,2469,1,0,-1,0,0,0,0,0,0,0,0,0,0
15518920,2468,1,0,-1,0,0,0,0,0,0,0,0,0,0
15524824,2480,1,1,0,0.596903,144.805,185.672,59.1406,98.7188,-1,0,0.5,0.5,0
15529021,2485,1,1,0,0.304662,142.367,191.312,57.5156,85.5,-2,0,0.5,0.5,0
15534781,2484,1,1,0,0.684687,140.234,186.312,53.7812,94.75,-1,0,0.5,0.5,0
15538590,2484,1,1,0,0.657539,140.566,186.281,54.4297,90.3125,-1,0,0.5,0.5,0
15542537,2487,1,1,0,0.760648,136.855,191.406,54.4766,80.6875,-1,0,0.5,0.5,0
15548294,2484,1,1,0,0.758866,138.234,190.75,53.4062,80,-2,0,0.5,0.5,0
15552806,2480,1,1,0,0.550608,138.883,187.008,50.3594,92.8906,-2,0,0.5,0.5,0
15558701,2485,1,1,0,0.670176,136.352,188.727,50.5156,89.1719,-1,0,0.5,0.5,0
15562693,2485,1,1,0,0.751283,137.93,185.57,45.7969,92.6406,-2,0,0.5,0.5,0
15568850,2486,1,1,0,0.754191,135.953,186.828,45.9062,77.2812,-2,0,0.5,0.5,0
15574344,2483,1,1,0,0.690977,134.684,184.508,47.5078,85.0156,-2,0,0.5,0.5,0
15578877,2485,1,1,0,0.501953,135.523,184.266,40.9531,83.4688,-2,0,0.5,0.5,0
15585199,2487,1,1,0,0.786623,132.93,181.656,43.0781,91,-2,0,0.5,0.5,0
15589458,2486,1,1,0,0.787604,137.195,183.508,39.8906,96.2656,-3,0,0.5,0.5,0
15593482,2485,1,1,0,0.46393,135.477,185.039,37.8594,84.1719,-2,0,0.5,0.5,0
15597541,2485,1,1,0,0.670176,138.492,188.641,36.3281,77.0938,-1,0,0.5,0.5,0
15602698,2487,1,1,0,0.716616,140.203,187.688,33.5625,77,-2,0,0.5,0.5,0
15606855,2485,1,1,0,0.773215,139.438,182.062,37.9375,87.9375,-3,0,0.5,0.5,0
15613301,2484,1,1,0,0.556882,140.93,183.289,32.8906,83.4219,-1,0,0.5,0.5,0
15619582,2485,1,1,0,0.25386,143.035,185.031,30.9297,78.1875,-1,0,0.5,0.5,0
15623934,2485,1,1,0,0.29747,144.281,185.953,32.0625,79.0938,-2,0,0.5,0.5,0
15629706,2484,1,1,0,0.343561,143.734,183.25,32.0312,81.5,-1,0,0.5,0.5,0
15633640,2484,1,1,0,0.654454,145.172,182.883,36.3125,87.5156,-2,0,0.5,0.5,0
15638474,2486,1,1,0,0.441673,141.613,189.594,37.9766,88.8125,-1,0,0.5,0.5,0
15643850,2486,1,1,0,0.664541,142.516,183.281,38.7812,90.1875,-2,0,0.5,0.5,0
15648498,2488,1,1,0,0.563138,141.883,183.875,48.9219,84.4375,-2,0,0.5,0.5,0
15654732,2486,1,1,0,0.283484,143.328,191.406,81.1562,85.0625,-1,0,0.5,0.5,0
15658842,2484,1,1,0,0.702938,152.07,190.781,71.1406,89.9375,0,0,0.5,0.5,0
15662385,2486,1,1,0,0.648689,149.332,185.023,50.2734,79.7031,-2,0,0.5,0.5,0
15667897,2484,1,1,0,0.68805,146.445,183.203,33.8594,82.7188,-1,0,0.5,0.5,0
15673769,2485,1,1,0,0.426799,150.469,188.25,36.1875,87.625,0,0,0.5,0.5,0
15677779,2485,1,1,0,0.637031,152.594,183.406,37.1562,100.562,-1,0,0.5,0.5,0
15681775,2488,1,1,0,0.687211,151.465,183.484,32.4922,81.9688,-1,0,0.5,0.5,0
15688135,2486,1,1,0,0.622,151.121,186.961,31.2109,88.8281,0,0,0.5,0.5,0
15694453,2485,1,1,0,0.408277,152.242,188.203,35.8281,86.4062,-1,0,0.5,0.5,0
15698512,2485,1,1,0,0.773558,153.344,186.609,33.3125,88.2188,0,0,0.5,0.5,0
15702501,2486,1,1,0,0.800068,153.344,186.484,34.5938,92.0312,-1,0,0.5,0.5,0
15707815,2484,1,1,0,0.734882,154.141,184.188,34.5938,94.125,0,0,0.5,0.5,0
15711799,2490,1,1,0,0.627039,154.289,187.125,34.7656,88.625,0,0,0.5,0.5,0
15715769,2483,1,1,0,0.479504,154.695,187.891,34.9531,89.2812,-1,0,0.5,0.5,0
15721097,2484,1,1,0,0.731057,153.836,188.102,37.0469,87.3594,0,0,0.5,0.5,0
15724764,2485,1,1,0,0.742796,155.531,188.945,34.6875,86.8906,0,0,0.5,0.5,0
15729255,2485,1,1,0,0.748353,155.777,188.531,34.7891,86,0,0,0.5,0.5,0
15734465,2486,1,1,0,0.745399,155.945,186.734,35.6406,89.1562,-1,0,0.5,0.5,0
15738445,2486,1,1,0,0.602997,154.969,185.367,36.1562,90.7344,0,0,0.5,0.5,0
15744302,2484,1,1,0,0.583678,154.965,185.055,36.3516,93.6094,0,0,0.5,0.5,0
15748582,2482,1,1,0,0.575588,156.062,184.641,36.6562,95.5312,0,0,0.5,0.5,0
15754689,2485,1,1,0,0.715822,156.57,181.766,37.8281,101.531,0,0,0.5,0.5,0
15758697,2487,1,1,0,0.689306,156.84,179.836,36.7578,98.4219,-1,0,0.5,0.5,0
15765027,2486,1,1,0,0.675336,157.082,179.688,35.6797,97.375,0,0,0.5,0.5,0
15769488,2483,1,1,0,0.578924,157.309,184.172,37.1797,95.4062,0,0,0.5,0.5,0
15775544,2485,1,1,0,0.712633,158,183.328,35.3125,84.3438,0,0,0.5,0.5,0
15781811,2488,1,1,0,0.645119,157.73,181.344,35.7266,96.9375,0,-1,0.5,0.5,0
15786285,2485,1,1,0,0.568416,157.586,181.133,35.7031,90.2656,0,0,0.5,0.5,0
15792290,2484,1,1,0,0.591251,157.469,180.617,36.4062,99.1094,0,0,0.5,0.5,0
15795772,2485,1,1,0,0.683843,157.434,180.773,37.3047,102.047,0,0,0.5,0.5,0
15799252,2488,1,1,0,0.799755,158.035,179.773,36.0234,97.7031,0,0,0.5,0.5,0
15802900,2485,1,1,0,0.814938,158.086,180.773,35.6406,100.297,0,0,0.5,0.5,0
15808409,2479,1,1,0,0.732591,158.145,181.008,35.5391,102.266,0,0,0.5,0.5,0
15814790,2485,1,1,0,0.82866,158.637,178.234,34.6641,94.9062,0,0,0.5,0.5,0
15818801,2487,1,1,0,0.64646,158.109,180.125,34.1875,100.25,0,-1,0.5,0.5,0
15824810,2486,1,1,0,0.767339,158.109,181.891,34.1875,103.281,0,0,0.5,0.5,0
15828889,2486,1,1,0,0.721351,157.766,185.641,32.4062,95.7188,0,0,0.5,0.5,0
15835174,2487,1,1,0,0.817868,158.488,184.266,36.4297,100.781,0,0,0.5,0.5,0
15841461,2485,1,1,0,0.639285,159.047,185.008,32.9062,94.9844,-1,0,0.5,0.5,0
15845725,2483,1,1,0,0.75274,160.086,184.93,38.1406,97.3594,0,0,0.5,0.5,0
15851396,2485,1,1,0,0.750918,160.996,183.984,35.8047,100.719,0,0,0.5,0.5,0
15854907,2486,1,1,0,0.344663,163.09,184.594,34.2578,93.5625,0,0,0.5,0.5,0
15858674,2485,1,1,0,0.606265,162.941,185.648,33.8047,83.4531,0,0,0.5,0.5,0
15862279,2485,1,1,0,0.737538,163.805,185.875,32.9844,86.375,0,0,0.5,0.5,0
15868264,2483,1,1,0,0.468304,164.688,187.359,31.6875,82.9688,0,0,0.5,0.5,0
15871914,2487,1,1,0,0.667581,165.68,185.789,34.9844,97.5781,0,0,0.5,0.5,0
15875536,2484,1,1,0,0.481941,166.113,186.719,33.7734,81.8125,1,0,0.5,0.5,0
15881419,2486,1,1,0,0.614625,167.297,183.562,35.7812,87.625,0,0,0.5,0.5,0
15885547,2487,1,1,0,0.851211,169.133,181.539,35.1719,91.3281,0,0,0.5,0.5,0
15891765,2485,1,1,0,0.762068,169.031,181.008,35.6875,91.6406,1,-1,0.5,0.5,0
15898662,2485,1,1,0,0.778986,169.375,181.109,36.6875,93.0312,0,0,0.5,0.5,0
15902859,2483,1,1,0,0.533155,170.844,183.539,36.1875,89.4219,1,0,0.5,0.5,0
15907337,2480,1,1,0,0.835752,170.32,184.875,38.8281,95.25,0,0,0.5,0.5,0
15910971,2484,1,1,0,0.699665,170.648,186.266,40.5469,97.3438,1,0,0.5,0.5,0
15915084,2484,1,1,0,0.741675,170.781,186.688,41.3125,99.375,0,0,0.5,0.5,0
15920276,2483,1,1,0,0.70902,171.066,186.992,42.0078,99.7656,1,0,0.5,0.5,0
15923624,2485,1,1,0,0.848722,172.703,192.977,42.6875,86.8281,1,0,0.5,0.5,0
15929998,2484,1,1,0,0.770463,172.438,190.93,43.6875,90.3906,0,0,0.5,0.5,0
15934596,2486,1,1,0,0.81582,172.734,192.922,46.5,86.7188,1,0,0.5,0.5,0
15938958,2482,1,1,0,0.864538,172.633,191.094,46.3281,89.0625,1,0,0.5,0.5,0
15943875,2485,1,1,0,0.67147,173.367,191.867,49.9531,89.0156,1,0,0.5,0.5,0
15949860,2486,1,1,0,0.66236,173.766,192.367,50.6562,86.2656,1,0,0.5,0.5,0
15954038,2485,1,1,0,0.753828,174.281,187.43,51.6875,98.9844,0,0,0.5,0.5,0
15957616,2484,1,1,0,0.568416,174.172,187.094,52.0312,97.9375,2,0,0.5,0.5,0
15963575,2482,1,1,0,0.824178,173.727,189.273,52.5469,93.2969,0,0,0.5,0.5,0
15970027,2484,1,1,0,0.854156,175.461,187.219,57.1719,100.312,2,0,0.5,0.5,0
15974024,2484,1,1,0,0.789233,175.602,186.969,58.7969,99.1875,1,0,0.5,0.5,0
15981278,2485,1,1,0,0.893123,174.75,186.188,56.8125,97.875,1,0,0.5,0.5,0
15987082,2484,1,1,0,0.840523,172.258,186.844,60.8594,100,0,0,0.5,0.5,0
15991172,2484,1,1,0,0.772873,172.273,187.031,63.7031,100.188,1,0,0.5,0.5,0
15995405,2487,1,1,0,0.794385,170.742,187.133,61.8906,99.6094,1,0,0.5,0.5,0
15999515,2486,1,1,0,0.698432,172.406,188.695,59.0625,82.4844,1,0,0.5,0.5,0
16005276,2487,1,1,0,0.753828,169.875,186.578,68.125,100.344,0,0,0.5,0.5,0
16010298,2483,1,1,0,0.61555,170.172,190.453,67.6562,88.0938,1,0,0.5,0.5,0
16014302,2487,1,1,0,0.548674,168.203,190.984,69.3438,89.5938,1,0,0.5,0.5,0
16020786,2486,1,1,0,0.873865,168.516,186.234,68.3438,99.4062,0,0,0.5,0.5,0
16025672,2487,1,1,0,0.568416,167.25,190.906,68.875,87.8125,0,0,0.5,0.5,0
16031407,2486,1,1,0,0.877688,168.094,186.938,70.6875,99.875,1,0,0.5,0.5,0
16037547,2479,1,1,0,0.737538,168.656,186.93,66.6875,99.7344,0,0,0.5,0.5,0
16040962,2483,1,1,0,0.771842,171.352,185.875,62.0156,96.75,1,0,0.5,0.5,0
16046247,2486,1,1,0,0.871696,171.938,186.273,64.0625,99.2969,1,0,0.5,0.5,0
16050453,2484,1,1,0,0.858953,171.867,186.141,58.8281,97.0938,1,0,0.5,0.5,0
16055124,2483,1,1,0,0.461502,170.625,186.75,60.5,93.125,0,0,0.5,0.5,0
16059578,2481,1,1,0,0.745399,169.812,185.891,62.875,96.9062,1,0,0.5,0.5,0
16065508,2485,1,1,0,0.878524,170.582,184.562,58.7891,98.25,0,0,0.5,0.5,0
16071787,2486,1,1,0,0.795975,171.609,189.203,55.2188,86.5312,1,0,0.5,0.5,0
16076958,2482,1,1,0,0.816699,171.312,190.586,57.5,84.9219,1,0,0.5,0.5,0
16082382,2485,1,1,0,0.711832,173.359,186.953,56.5312,91.0312,1,0,0.5,0.5,0
16085985,2484,1,1,0,0.71423,173.512,186.453,56.2891,93.7188,0,0,0.5,0.5,0
16092413,2484,1,1,0,0.833052,173.43,185.141,55.8281,96.0312,1,0,0.5,0.5,0
16099860,2486,1,1,0,0.803791,172.434,191.484,54.0547,90.0938,1,0,0.5,0.5,0
16104866,2484,1,1,0,0.34931,173.32,190.734,50.8594,85.2812,1,0,0.5,0.5,0
16109305,2481,1,1,0,0.58747,175.43,190.891,51.1406,85.2188,1,0,0.5,0.5,0
16112602,2483,1,1,0,0.714628,176.688,190.984,49.625,82.9062,1,0,0.5,0.5,0
16118658,2484,1,1,0,0.743542,176.203,190.922,47.0938,85.6562,2,0,0.5,0.5,0
16122294,2483,1,1,0,0.773558,176.562,190.594,48.8125,87.8125,1,0,0.5,0.5,0
16126291,2479,1,1,0,0.461987,176.68,190.469,48.7656,86.3125,1,0,0.5,0.5,0
16132501,2483,1,1,0,0.661486,174.273,189.469,45.6406,83.1875,1,0,0.5,0.5,0
16138445,2482,1,1,0,0.503906,172.297,191.359,47.4375,85.5312,0,0,0.5,0.5,0
16141780,2488,1,1,0,0.637031,174.789,189.992,43.5156,86.6094,2,0,0.5,0.5,0
16145372,2486,1,1,0,0.710227,174.938,190.578,44.125,86.1562,1,0,0.5,0.5,0
16151104,2482,1,1,0,0.632504,175.691,189.883,43.2109,88.0156,1,0,0.5,0.5,0
16154962,2485,1,1,0,0.722135,174.82,188.688,39.6406,80.625,1,0,0.5,0.5,0
16158520,2485,1,1,0,0.697196,174.852,188.734,41.5781,87.7188,1,0,0.5,0.5,0
16164347,2484,1,1,0,0.730675,175.395,186.438,41.2109,83.25,2,0,0.5,0.5,0
16168464,2483,1,1,0,0.604866,175.852,186.867,42.2031,92.4844,1,0,0.5,0.5,0
16174780,2484,1,1,0,0.569853,175.926,187.25,41.4141,85.875,1,0,0.5,0.5,0
16178514,2485,1,1,0,0.52975,173.477,181.367,38.8906,91.4844,1,0,0.5,0.5,0
16184896,2485,1,1,0,0.462473,174.383,181.789,39.0469,91.3281,1,0,0.5,0.5,0
16188570,2483,1,1,0,0.439266,175.621,181.539,40.3672,98.0469,1,0,0.5,0.5,0
16194510,2486,1,1,0,0.498047,175.133,185.523,38.3594,88.7031,1,0,0.5,0.5,0
16198872,2481,1,1,0,0.582254,175.5,185.461,37.4688,80.7656,2,0,0.5,0.5,0
16205126,2483,1,1,0,0.626582,174.551,186.25,34.7266,82.25,0,0,0.5,0.5,0
16211886,2486,1,1,0,0.764186,174.785,185.625,36.9297,86.5,2,0,0.5,0.5,0
16215780,2482,1,1,0,0.684265,175.07,185.531,35.4531,85.1875,1,0,0.5,0.5,0
16219595,2485,1,1,0,0.657979,175.316,184.984,37.3359,86.0938,1,0,0.5,0.5,0
16224949,2483,1,1,0,0.430626,174.516,181.508,37.4062,92.0156,1,0,0.5,0.5,0
16231645,2482,1,1,0,0.576065,174.191,178.266,35.8359,96.0312,1,0,0.5,0.5,0
16236033,2486,1,1,0,0.717804,174.273,177.391,35.0469,97.2812,1,0,0.5,0.5,0
16241979,2483,1,1,0,0.646013,176.113,177.992,35.9141,95.5156,2,0,0.5,0.5,0
16248314,2486,1,1,0,0.71103,173.938,178.984,36.25,99.9062,0,-1,0.5,0.5,0
16252805,2486,1,1,0,0.561215,174.832,178.891,36.2266,99.7812,2,0,0.5,0.5,0
16258768,2484,1,1,0,0.431584,173.344,186.789,33.9688,86.6719,1,0,0.5,0.5,0
16262505,2488,1,1,0,0.66628,174.488,185.359,33.8672,93.3438,1,0,0.5,0.5,0
16268609,2483,1,1,0,0.589834,172.859,188.594,32.8125,88.3125,0,0,0.5,0.5,0
16273052,2488,1,1,0,0.716219,173.516,187.125,33.6875,92.25,2,0,0.5,0.5,0
16279294,2484,1,1,0,0.599251,174.324,185.188,34.6953,95.875,1,0,0.5,0.5,0
16283734,2485,1,1,0,0.352871,172.039,189.328,31.3594,85.2188,1,0,0.5,0.5,0
16289824,2488,1,1,0,0.498535,173.137,189.625,32.6953,91,0,0,0.5,0.5,0
16296173,2483,1,1,0,0.555917,172.836,189.938,33.2656,89.6875,1,0,0.5,0.5,0
16300405,2483,1,1,0,0.279239,172.406,189.781,33.125,89.25,2,0,0.5,0.5,0
16305835,2484,1,1,0,0.501465,172.762,189.656,29.4453,86.8125,0,0,0.5,0.5,0
16310487,2483,1,1,0,0.585101,174.836,187.344,34.0156,92.6875,1,0,0.5,0.5,0
16315832,2484,1,1,0,0.737159,174.461,187.031,31.6094,91.9375,2,0,0.5,0.5,0
16319816,2485,1,1,0,0.682151,175.445,188.359,31.2656,89.7812,1,0,0.5,0.5,0
16323823,2483,1,1,0,0.707405,174.312,189.25,32,89.25,1,0,0.5,0.5,0
16327700,2482,1,1,0,0.773215,173.398,188.75,32.6406,90,0,0,0.5,0.5,0
16332758,2487,1,1,0,0.696784,172.336,188.75,31.7656,85.125,2,0,0.5,0.5,0
16336799,2485,1,1,0,0.605799,172.336,188.719,32.4844,89.1875,1,0,0.5,0.5,0
16343356,2487,1,1,0,0.390011,172.219,190.734,31.75,80.9062,0,0,0.5,0.5,0
16346851,2486,1,1,0,0.257951,170.586,193.484,29.5469,75.7812,1,0,0.5,0.5,0
16353704,2486,1,1,0,0.577972,171.645,194.539,31.0234,78.4219,1,0,0.5,0.5,0
16358635,2486,1,1,0,0.783326,171.852,190.562,33.7656,88,1,0,0.5,0.5,0
16364567,2486,1,1,0,0.715822,171.57,191.016,35.1094,84.9688,1,0,0.5,0.5,0
16370098,2485,1,1,0,0.807461,172.055,191.297,35.7344,86.1562,0,0,0.5,0.5,0
16374135,2486,1,1,0,0.750553,172.055,191.266,36.3281,86.4688,1,0,0.5,0.5,0
16377698,2482,1,1,0,0.761359,172.219,191.328,38.2188,87.8438,1,0,0.5,0.5,0
16383353,2487,1,1,0,0.250362,172.43,191.469,39.0156,87.4375,1,0,0.5,0.5,0
16390110,2490,1,1,0,0.459076,172.469,191.438,39.4062,88.375,1,0,0.5,0.5,0
16394611,2484,1,1,0,0.508788,172.953,191.25,41.0938,90.75,1,0,0.5,0.5,0
16400870,2487,1,1,0,0.848722,172.914,191.219,41.3906,89.625,0,0,0.5,0.5,0
16404986,2483,1,1,0,0.798187,173.5,190.75,44.25,89.75,2,0,0.5,0.5,0
16410702,2486,1,1,0,0.839472,172.121,191.859,47.3672,89.5938,0,0,0.5,0.5,0
16416477,2484,1,1,0,0.80038,171.613,191.203,50.8984,90.1562,1,0,0.5,0.5,0
16420203,2484,1,1,0,0.798815,169.641,192.609,56.4688,88.6562,1,0,0.5,0.5,0
16424041,2484,1,1,0,0.79534,172.93,186.422,53.0469,99.0938,1,0,0.5,0.5,0
16427542,2485,1,1,0,0.775605,172.156,187.328,56,97.8438,0,0,0.5,0.5,0
16433628,2487,1,1,0,0.433022,170.766,190.844,57.6562,90.9375,1,0,0.5,0.5,0
16437547,2487,1,1,0,0.781331,171.062,190.25,61.125,93,1,0,0.5,0.5,0
16443757,2483,1,1,0,0.439266,173.227,189.625,58.6094,92,1,0,0.5,0.5,0
16447855,2484,1,1,0,0.791499,171.801,191.344,62.3359,90.9375,1,0,0.5,0.5,0
16452336,2484,1,1,0,0.461987,171.41,191.938,64.9297,88.25,0,0,0.5,0.5,0
16457209,2484,1,1,0,0.708616,169.914,192.344,68.0469,89.0625,1,0,0.5,0.5,0
16462310,2484,1,1,0,0.765941,169.133,191.312,69.7344,91.625,1,0,0.5,0.5,0
16467629,2484,1,1,0,0.801936,169.188,191.328,69.375,90.4688,0,0,0.5,0.5,0
16472178,2488,1,1,0,0.776963,169.242,191.188,69.5781,91.75,1,0,0.5,0.5,0
16477777,2483,1,1,0,0.805938,170.133,190.25,68.2344,91.625,0,0,0.5,0.5,0
16481471,2483,1,1,0,0.838945,171.672,190.086,64.8438,91.7969,1,0,0.5,0.5,0
16486867,2482,1,1,0,0.831963,171.117,190.203,64.2656,91.9062,1,0,0.5,0.5,0
16490538,2485,1,1,0,0.620162,171.406,189.633,64.8125,94.1094,0,0,0.5,0.5,0
16494426,2485,1,1,0,0.672331,171.867,189.344,65.7031,95.5625,1,0,0.5,0.5,0
16500878,2484,1,1,0,0.708213,171.906,189.578,66.3125,90.4688,1,0,0.5,0.5,0
16507210,2485,1,1,0,0.646906,170.602,190.344,68.5469,89.8125,1,0,0.5,0.5,0
16511026,2487,1,1,0,0.468791,169.352,189.422,67.9219,93.1562,0,0,0.5,0.5,0
16514695,2485,1,1,0,0.601125,169.07,189.406,66.9844,86.6875,1,0,0.5,0.5,0
16520156,2485,1,1,0,0.494629,168.797,189.438,65.4688,92.875,0,0,0.5,0.5,0
16524526,2484,1,1,0,0.560734,168.727,189.141,63.8594,87.5312,1,0,0.5,0.5,0
16530393,2484,1,1,0,0.643328,169.922,188.867,61.5312,89.7656,0,0,0.5,0.5,0
16534480,2487,1,1,0,0.656659,168.555,188.344,61.1719,85.9375,1,0,0.5,0.5,0
16540320,2482,1,1,0,0.391871,168.516,189.125,63.9688,92,0,0,0.5,0.5,0
16544313,2483,1,1,0,0.524395,171.289,187.875,61.4219,89.75,1,0,0.5,0.5,0
16550407,2486,1,1,0,0.537042,169.539,189.078,61.7031,92.0938,0,0,0.5,0.5,0
16554681,2485,1,1,0,0.494141,169.883,189.188,61.8594,90.125,1,0,0.5,0.5,0
16560834,2484,1,1,0,0.595022,173.047,185.688,56.1562,97.375,1,0,0.5,0.5,0
16564642,2485,1,1,0,0.734501,174,189.625,54,91.75,1,0,0.5,0.5,0
16570493,2485,1,1,0,0.367496,186.594,185.031,31.5312,92.9375,3,0,0.5,0.5,0
16574536,2484,1,1,0,0.310276,174.148,185.859,56.2031,97.2812,1,0,0.5,0.5,0
16580865,2486,1,1,0,0.258699,173.977,186.32,56.0469,91.3594,0,0,0.5,0.5,0
16584810,2483,1,1,0,0.375019,172.688,189.188,45.0625,89.875,1,0,0.5,0.5,0
16590479,2486,1,1,0,0.477554,172.086,188.891,49.1094,89.8438,1,0,0.5,0.5,0
16594189,2486,1,1,0,0.325092,172.594,186.32,49.5,93.2656,1,0,0.5,0.5,0
16598779,2481,1,1,0,0.459076,173.438,187.656,46.25,88.5625,1,0,0.5,0.5,0
16604444,2488,1,1,0,0.437823,173.633,187.492,42.7031,87.1094,1,0,0.5,0.5,0
16608628,2483,1,1,0,0.32595,182.973,184.312,29.7109,87.625,3,0,0.5,0.5,0
16612492,2484,1,1,0,0.28917,175.66,186.547,43.9453,88.1562,1,0,0.5,0.5,0
16618644,2485,1,1,0,0.415373,174.289,187.359,39.5156,89.1562,0,0,0.5,0.5,0
16623018,2484,1,1,0,0.357568,174.008,187.531,36.2344,86.4375,2,0,0.5,0.5,0
16627618,2484,1,1,0,0.416797,173.84,187.875,37.3672,88.75,1,0,0.5,0.5,0
16633436,2485,1,1,0,0.537527,173.727,188.422,38.2656,92.4688,1,0,0.5,0.5,0
16639588,2482,1,1,0,0.641085,172.773,187.297,35.7344,85.3438,1,0,0.5,0.5,0
16645829,2484,1,1,0,0.648689,174.25,180.336,39.625,102.047,1,0,0.5,0.5,0
16651390,2483,1,1,0,0.66236,173.711,178.445,39.6094,96.6406,1,0,0.5,0.5,0
16657083,2493,1,1,0,0.706595,174.773,180.789,39.1094,103.422,1,0,0.5,0.5,0
16660576,2486,1,1,0,0.685108,174.398,181.312,40.0469,102.125,1,-1,0.5,0.5,0
16664373,2487,1,1,0,0.738293,174.469,181.344,37.75,95.3125,2,0,0.5,0.5,0
16669952,2486,1,1,0,0.678327,175.242,182.234,37.7031,93.2812,0,0,0.5,0.5,0
16673789,2486,1,1,0,0.493653,172.828,179.18,35.1875,93.4844,2,0,0.5,0.5,0
16677246,2488,1,1,0,0.67147,173.086,179.352,35.9844,92.9531,0,0,0.5,0.5,0
16683501,2485,1,1,0,0.450359,174.215,176.734,35.7734,95.5312,2,0,0.5,0.5,0
16687328,2484,1,1,0,0.471223,173.125,177.852,36.375,93.2969,1,0,0.5,0.5,0
16693281,2484,1,1,0,0.392337,174.316,179.305,35.1953,92.6406,1,-1,0.5,0.5,0
16699760,2488,1,1,0,0.671039,172.68,177.133,34.7344,94.2344,0,0,0.5,0.5,0
16703517,2486,1,1,0,0.625668,172.164,181.148,35.6094,90.9531,2,0,0.5,0.5,0
16707487,2481,1,1,0,0.70416,172.359,185.656,33.4688,83.4375,0,0,0.5,0.5,0
16713162,2486,1,1,0,0.561696,173.875,184.18,33.7812,87.1094,2,0,0.5,0.5,0
16717248,2486,1,1,0,0.792785,172.664,179.156,34.9219,96,0,0,0.5,0.5,0
16723322,2484,1,1,0,0.622459,172.562,184.859,32.375,83.0312,1,0,0.5,0.5,0
16728105,2484,1,1,0,0.696784,172.328,181.047,34.3438,91.7812,1,0,0.5,0.5,0
16731489,2485,1,1,0,0.785308,172.953,181.219,34.75,102.312,1,0,0.5,0.5,0
16735486,2484,0,1,0,0.829214,172.965,180.969,34.2266,100,1,0,0.5,0.5,0
16740580,2485,0,1,0,0.761004,172.484,179.828,34.7812,97.4688,1,-1,0.5,0.5,0
16747024,2485,0,1,0,0.538983,172.445,181.375,32.8281,92.5,1,0,0.5,0.5,0
16750794,2485,0,1,0,0.688469,169.867,187.883,39.2344,103.484,0,0,0.5,0.5,0
16754908,2481,0,1,0,0.672761,170.742,188.453,36.8906,101.094,1,0,0.5,0.5,0
16759178,2482,0,1,0,0.831963,171.711,187.75,35.8594,98.75,1,0,0.5,0.5,0
16764716,2484,0,1,0,0.718989,172.617,188.219,35.9844,101.562,1,0,0.5,0.5,0
16770203,2486,0,1,0,0.772873,173.336,188.234,35.0156,98.4688,1,0,0.5,0.5,0
16775329,2487,0,1,0,0.742049,173.805,187.625,34.2344,94.875,1,0,0.5,0.5,0
16778921,2484,0,1,0,0.795975,175.098,186.656,35.8828,94.3125,1,0,0.5,0.5,0
16783601,2484,0,1,0,0.646906,176.047,187.891,33.2812,93.0938,1,0,0.5,0.5,0
16789837,2484,0,1,0,0.80038,176.824,188.172,35.5234,96.7188,1,0,0.5,0.5,0
16794787,2486,0,1,0,0.577019,177.043,188.727,34.9141,92.2969,2,0,0.5,0.5,0
16800212,2485,0,1,0,0.66236,179.234,187.695,34.6562,96.7344,1,0,0.5,0.5,0
16804494,2486,0,1,0,0.816991,179.586,187.891,35.9531,96.0312,2,0,0.5,0.5,0
16808716,2485,0,1,0,0.816113,180.004,187.75,34.6016,93,1,0,0.5,0.5,0
16814213,2486,0,1,0,0.779322,180.355,188.672,35.7422,89.8438,2,0,0.5,0.5,0
16818631,2483,0,1,0,0.709825,181.984,187.195,35.8438,87.3906,2,0,0.5,0.5,0
16824004,2485,0,1,0,0.630231,183.055,189.484,37.6719,96.5312,2,0,0.5,0.5,0
16827600,2483,0,1,0,0.619241,183.043,186.859,39.7266,90.0938,2,0,0.5,0.5,0
16831765,2486,0,1,0,0.41253,189.09,186.844,27.0234,79.6875,4,0,0.5,0.5,0
16837339,2473,0,0,-1,0,0,0,0,0,0,0,0,0,0
16840835,2488,0,1,0,0.267217,185.469,187.555,38.1875,84.6094,2,0,0.5,0.5,0
16844911,2486,0,1,0,0.427277,185.078,188.773,35.2812,72.3906,4,0,0.5,0.5,0
16850822,2485,0,1,0,0.462473,185.875,186.578,40.5625,78.5312,2,0,0.5,0.5,0
16854865,2485,0,1,0,0.703346,187.16,189.57,43.1328,88.1094,3,0,0.5,0.5,0
16860511,2484,0,1,0,0.683843,187.242,191.297,42.3594,80.9062,3,0,0.5,0.5,0
16864344,2486,0,1,0,0.294417,187.148,187.023,42.6406,77.7969,3,0,0.5,0.5,0
16868681,2486,0,1,0,0.321886,187.789,186.914,40.9219,77.8281,3,0,0.5,0.5,0
16874326,2485,0,1,0,0.690977,187.664,185.75,40.7031,76.75,3,0,0.5,0.5,0
16878627,2485,0,1,0,0.380759,186.938,183.477,36.6875,72.0781,3,0,0.5,0.5,0
16884725,2485,0,1,0,0.722135,189.262,185.344,39.8984,75.9375,3,0,0.5,0.5,0
16888714,2484,0,1,0,0.659735,188.293,187.258,42.8359,78.8594,4,0,0.5,0.5,0
16892745,2484,0,1,0,0.654895,188.453,185.5,37.8125,72,4,0,0.5,0.5,0
16898721,2484,0,1,0,0.283384,188.531,185.141,36.5625,64.3438,3,0,0.5,0.5,0
16902064,2486,0,1,0,0.418221,190.016,182.812,31.9375,58.75,4,0,0.5,0.5,0
16908544,2488,0,1,0,0.40028,189.289,183.141,33.6406,62.8438,3,0,0.5,0.5,0
16912981,2484,0,1,0,0.608594,189.398,183.078,37.2969,66.0312,5,0,0.5,0.5,0
16918247,2483,0,1,0,0.466359,190.902,183.227,35.5703,65.3906,4,0,0.5,0.5,0
16922284,2484,0,1,0,0.350866,191.945,183.547,30.5469,58.1562,4,0,0.5,0.5,0
16928292,2486,0,1,0,0.281406,191.406,182.68,33.8125,64.6719,5,0,0.5,0.5,0
16931794,2488,0,1,0,0.253121,189.621,183.016,34.9297,61.7188,4,0,0.5,0.5,0
16936426,2488,0,1,0,0.320396,189.391,182.836,34.6562,54.4219,5,0,0.5,0.5,0
16940258,2486,0,1,0,0.349977,189.969,182.828,38.7812,62.4062,5,0,0.5,0.5,0
16945978,2485,0,1,0,0.322526,194.18,182.703,25.5781,62.4062,5,0,0.5,0.5,0
16951808,2484,0,1,0,0.286967,195.176,183.078,22.7891,62.5312,6,0,0.5,0.5,0
16958950,2483,0,1,0,0.465873,195.59,183.438,22.0859,60.625,5,0,0.5,0.5,0
16962991,2480,0,1,0,0.406862,195.629,182.719,26.3203,58.6875,7,0,0.5,0.5,0
16969014,2486,0,1,0,0.325521,194.812,183.414,25.1094,55.7031,6,0,0.5,0.5,0
16973004,2481,0,1,0,0.342461,195.656,181.703,25.3438,59.0938,7,0,0.5,0.5,0
16978557,2485,0,1,0,0.713033,191.734,182.148,37.2812,60.7031,6,0,0.5,0.5,0
16982487,2486,0,1,0,0.687211,191.168,182.438,37.0234,61.125,6,0,0.5,0.5,0
16989094,2483,0,1,0,0.453262,192.125,182.398,34.2812,61.2344,7,0,0.5,0.5,0
16992376,2488,0,1,0,0.2763,193.367,183.094,33.9844,57.125,8,0,0.5,0.5,0
17000205,2483,0,1,0,0.419172,194.211,182.422,35.7656,60.8438,6,0,0.5,0.5,0
17004510,2479,0,1,0,0.651354,194.902,183.141,39.8828,62.8438,9,0,0.5,0.5,0
17008982,2483,0,1,0,0.504883,195.973,182.641,36.4297,63.2188,9,0,0.5,0.5,0
17013069,2482,0,1,0,0.577972,196.234,182.281,36.5312,64.0625,8,0,0.5,0.5,0
17020293,2485,0,1,0,0.585575,196.934,183,39.3203,63.75,9,0,0.5,0.5,0
17025639,2483,0,1,0,0.36094,200.227,182,31.6094,64.75,11,0,0.5,0.5,0
17029833,2484,0,1,0,0.30198,205.379,185.82,20.3203,48.9219,11,0,0.5,0.5,0
17037052,2482,0,1,0,0.353094,206.25,186.25,22.5625,55.0625,11,0,0.5,0.5,0
17042642,2488,0,1,0,0.577019,206.57,186.016,21.9844,56.3438,12,0,0.5,0.5,0
17049286,2485,0,1,0,0.35354,206.961,185.438,20.7344,56.625,11,0,0.5,0.5,0
17053142,2487,0,1,0,0.349532,206.422,186.859,20.2031,55.5312,11,0,0.5,0.5,0
17059738,2487,0,1,0,0.516596,206.363,188.031,21.6484,55.6875,12,0,0.5,0.5,0
17063427,2480,0,1,0,0.457622,206.473,187.922,21.5547,55.9062,11,0,0.5,0.5,0
17070536,2483,0,1,0,0.485356,202.828,188.625,25.1719,56.875,11,0,0.5,0.5,0
17076028,2484,0,1,0,0.257951,207.023,188.305,22.0469,56.7344,12,0,0.5,0.5,0
17080234,2483,0,1,0,0.481454,208.625,188.766,19.5938,55.9688,11,0,0.5,0.5,0
17086234,2484,0,1,0,0.484868,208.979,187.375,20.6992,59.25,11,0,0.5,0.5,0
17090812,2482,0,1,0,0.425367,210.471,186.391,23.1211,61.2812,12,0,0.5,0.5,0
17096474,2487,0,1,0,0.609989,209.73,187.938,22.6328,57.0625,11,0,0.5,0.5,0
17100392,2484,0,1,0,0.335242,208.875,189.672,23.6875,55.2812,11,0,0.5,0.5,0
17104453,2481,0,1,0,0.266262,209,189.547,22.9062,57.5938,12,0,0.5,0.5,0
17110073,2481,0,1,0,0.399812,209.404,189.625,23.2852,55.375,11,1,0.5,0.5,0
17113667,2482,0,1,0,0.2559,209.391,188.406,26.7188,58.75,12,0,0.5,0.5,0
17117352,2482,0,1,0,0.574633,210.215,189.391,22.3828,56.5312,11,0,0.5,0.5,0
17122508,2474,0,1,0,0.534613,210.531,189.547,24.125,55.0938,11,0,0.5,0.5,0
17126585,2483,0,1,0,0.382603,211.953,187.703,24.9375,60.0938,12,0,0.5,0.5,0
17132507,2484,0,1,0,0.345767,212.637,188.859,22.9922,55.7188,11,0,0.5,0.5,0
17135858,2481,0,1,0,0.314892,212.408,188.945,25.5977,59.8281,11,0,0.5,0.5,0
17139380,2483,0,1,0,0.279829,214.398,188.578,24.2031,56.2812,12,0,0.5,0.5,0
17143380,2486,0,1,0,0.414425,215.367,188.234,24.3594,55.8438,11,0,0.5,0.5,0
17149068,2485,0,1,0,0.272799,214.889,188.109,25.6523,57.0938,11,0,0.5,0.5,0
17153010,2486,0,1,0,0.306942,214.805,189.328,23.8438,58.5938,12,0,0.5,0.5,0
17157858,2483,0,1,0,0.306527,216.359,188.859,23.4375,58.2188,11,0,0.5,0.5,0
17162873,2482,0,1,0,0.541409,216.371,189.5,25.2266,61,11,0,0.5,0.5,0
17166949,2486,0,1,0,0.335459,216.266,189.375,25.2188,58.1875,12,0,0.5,0.5,0
17172777,2485,0,1,0,0.469277,217.074,189.707,23.7578,58.6641,11,0,0.5,0.5,0
17177481,2483,0,1,0,0.301568,218.395,190.312,23.0859,62.1875,12,0,0.5,0.5,0
17182886,2480,0,1,0,0.252384,218.914,190.109,23.2969,60.5938,11,0,0.5,0.5,0
17186562,2486,0,1,0,0.472197,219.289,190.312,23.9531,59.4375,11,0,0.5,0.5,0
17192665,2484,0,1,0,0.322099,218.383,189.172,25.5312,57.2812,12,0,0.5,0.5,0
17197340,2489,0,1,0,0.397938,218.102,189.797,22.7344,61.4062,11,1,0.5,0.5,0
17202827,2485,0,1,0,0.358017,217.764,190.109,21.9102,62.6562,11,0,0.5,0.5,0
17206914,2483,0,1,0,0.342901,218.387,191.734,19.9922,59.8438,12,0,0.5,0.5,0
17210565,2485,0,1,0,0.358915,219.012,190.188,21.5391,58.875,11,0,0.5,0.5,0
17217066,2486,0,1,0,0.527803,219.941,189.859,25.9141,62.5938,11,0,0.5,0.5,0
17221122,2486,0,1,0,0.425367,220.156,192.109,24.125,62.0312,12,0,0.5,0.5,0
17226390,2485,0,1,0,0.265118,220.273,192.062,22.7969,61.1875,11,0,0.5,0.5,0
17232517,2484,0,1,0,0.299515,219.93,193.094,26.1094,65.25,11,0,0.5,0.5,0
17236566,2487,0,1,0,0.4436,219,190.797,30.8125,65.9688,12,0,0.5,0.5,0
17242946,2486,0,1,0,0.461017,220.938,190.797,25.6562,68.9062,11,0,0.5,0.5,0
17246369,2483,0,1,0,0.373418,218.617,189.391,26.5781,61.9062,12,0,0.5,0.5,0
17249901,2484,0,1,0,0.460046,218.277,190.375,28.6328,64.25,11,0,0.5,0.5,0
17253880,2482,0,1,0,0.287367,218.176,191.375,27.8359,63,11,0,0.5,0.5,0
17257238,2487,0,1,0,0.556882,218.504,191.422,28.0078,64.4062,12,0,0.5,0.5,0
17263158,2487,0,1,0,0.510253,216.211,191.641,30.3906,63.9062,11,0,0.5,0.5,0
17269576,2482,0,1,0,0.274352,214.387,191.953,31.5547,63.5938,11,0,0.5,0.5,0
17273514,2483,0,1,0,0.252568,216.637,188.375,27.9297,55.6875,12,0,0.5,0.5,0
17277560,2472,0,0,-1,0,0,0,0,0,0,0,0,0,0
17282718,2487,0,1,0,0.341582,221.049,186.281,18.1289,58.4375,11,0,0.5,0.5,0
17287056,2482,0,1,1,0.298696,211.357,165.824,7.79297,8.95312,11,0,0.5,0.5,0
17292720,2485,0,1,1,0.335024,210.727,166.201,8.16406,9.59766,12,0,0.5,0.5,0
17297392,2485,0,1,1,0.313629,209.301,167.059,8.14062,10.2891,11,0,0.5,0.5,0
17302939,2484,0,1,0,0.263219,214.953,186.547,26.5312,59.1562,11,0,0.5,0.5,0
17306452,2471,0,0,-1,0,0,0,0,0,0,0,0,0,0
17309930,2481,0,1,0,0.31658,208.68,187.219,33.0469,58.875,11,0,0.5,0.5,0
17313810,2484,0,1,0,0.282988,212.949,183.32,23.9609,55.5781,11,0,0.5,0.5,0
17319266,2487,0,1,0,0.277473,212.562,184.609,23.9375,50.0625,12,0,0.5,0.5,0
17323528,2488,0,1,0,0.335024,204.375,188.203,32.4375,53.5938,11,0,0.5,0.5,0
17329946,2485,0,1,0,0.282988,210.953,184.258,23.625,54.8906,11,0,0.5,0.5,0
17333799,2471,0,0,-1,0,0,0,0,0,0,0,0,0,0
17337637,2486,0,1,0,0.393735,208.289,182.781,24.0469,49.25,11,0,0.5,0.5,0
17341905,2486,0,1,0,0.321246,207.836,182.438,27.3281,50.4375,11,0,0.5,0.5,0
17345602,2487,0,1,0,0.268943,202.57,186.805,35.5781,56.0156,12,0,0.5,0.5,0
17351077,2481,0,1,0,0.404507,203.164,185.969,31.2344,57.5,11,0,0.5,0.5,0
17354951,2485,0,1,0,0.29381,208.32,181.883,19.7969,44.2031,11,0,0.5,0.5,0
17358406,2484,0,1,0,0.386763,203.117,185.344,33.0469,55.9375,12,0,0.5,0.5,0
17365018,2482,0,1,0,0.475605,203.242,180.578,26.6406,47.0625,11,0,0.5,0.5,0
17369032,2482,0,1,0,0.334155,202.992,181.172,24.9531,43.7812,11,0,0.5,0.5,0
17374725,2486,0,1,0,0.277865,201.156,183.172,27.5625,47.2812,12,0,0.5,0.5,0
17379985,2485,0,1,0,0.399343,198.359,180.797,31.1562,59.6562,11,0,0.5,0.5,0
17383594,2484,0,1,0,0.359815,199.934,180.07,28.0078,50.8281,12,0,0.5,0.5,0
17387531,2481,0,1,0,0.361616,200.277,181.969,28.9297,52.625,11,0,0.5,0.5,0
17393395,2487,0,1,0,0.29381,198.625,180.328,26.1875,55.9062,11,0,0.5,0.5,0
17397026,2483,0,1,0,0.273963,198.094,181.641,28.0625,59.6562,12,0,0.5,0.5,0
17402966,2489,0,1,0,0.487307,196.717,178.984,24.3086,53.5312,11,0,0.5,0.5,0
17407474,2485,0,1,0,0.330688,196.227,177.672,24.1719,44.7188,11,0,0.5,0.5,0
17413277,2484,0,1,0,0.387227,194.938,180.953,28.1875,49.5938,12,0,0.5,0.5,0
17417953,2483,0,1,0,0.324236,195.074,181.258,28.2578,52.5781,11,0,0.5,0.5,0
17423010,2483,0,1,0,0.468791,191.508,184.188,30.5781,59.3125,11,0,0.5,0.5,0
17429145,2484,0,1,0,0.560734,193.039,182.766,29.3906,55.9062,12,0,0.5,0.5,0
17432727,2495,0,1,0,0.25423,190.328,180.297,25.3125,38.6562,11,0,0.5,0.5,0
17439153,2487,0,1,0,0.375248,190.273,185.062,30.7031,55.1875,12,0,0.5,0.5,0
17443428,2484,0,1,0,0.544317,188.98,183.609,29.8203,59.5938,11,0,0.5,0.5,0
17449568,2483,0,1,0,0.291384,188.266,184.297,29.75,59.6562,11,0,0.5,0.5,0
17454106,2482,0,1,0,0.519034,188.516,183.992,31.2188,59.6094,12,0,0.5,0.5,0
17459463,2485,0,1,0,0.345546,187.445,187.766,27.3906,52.1562,11,0,0.5,0.5,0
17463550,2489,0,1,0,0.466359,186.924,183.758,29.2773,55.2031,11,0,0.5,0.5,0
17469825,2488,0,1,0,0.595963,186.043,182.102,27.8516,48.3594,12,0,0.5,0.5,0
17474064,2485,0,1,0,0.604866,185.648,180.773,28.0469,58.4844,11,0,0.5,0.5,0
17479402,2486,0,1,0,0.610918,185.52,180.18,27.8516,59.0469,11,0,0.5,0.5,0
17483474,2485,0,1,0,0.666714,185.309,180.297,27.1797,57.4688,12,0,0.5,0.5,0
17487532,2482,0,1,0,0.596903,184.504,180.641,27.3203,55.1562,11,0,0.5,0.5,0
17493118,2485,0,1,0,0.595493,183.652,181.422,27.7891,47.9062,12,0,0.5,0.5,0
17497430,2483,0,1,0,0.689724,184.168,182.828,30.3047,61.4688,11,0,0.5,0.5,0
17501697,2486,0,1,0,0.452294,182.562,181.363,26.9688,56.3516,11,0,0.5,0.5,0
17506457,2484,0,1,0,0.385375,182.699,183.273,26.4922,55.4531,12,0,0.5,0.5,0
17510981,2484,0,1,0,0.666714,182.34,183.672,29.3047,59.5312,11,0,0.5,0.5,0
17517108,2483,0,1,0,0.671039,182.43,185.438,28.8281,58.6875,11,0,0.5,0.5,0
17520925,2485,0,1,0,0.619701,181.18,186.359,25.2344,54.5938,12,0,0.5,0.5,0
17525029,2481,0,1,0,0.658418,179.836,185.75,30.8906,57.375,11,0,0.5,0.5,0
17530050,2484,0,1,0,0.726037,178.594,185.062,26.375,53.375,12,0,0.5,0.5,0
17533618,2484,0,1,0,0.647798,178.906,184.836,25.9062,54.9531,11,0,0.5,0.5,0
17537431,2485,0,1,0,0.637482,176.891,182.742,26.4062,61.5469,11,0,0.5,0.5,0
17543185,2482,0,1,0,0.62932,177.203,182.27,25.0312,59.2891,12,0,0.5,0.5,0
17547177,2479,0,1,0,0.648243,176.02,180.734,25.1484,65.2188,11,0,0.5,0.5,0
17553324,2484,0,1,0,0.260953,175.379,181.422,24.4141,63.0938,10,0,0.5,0.5,0
17557339,2493,0,1,0,0.595493,175.344,179.062,24.2344,65.375,11,0,0.5,0.5,0
17563698,2485,0,1,0,0.574633,172.654,183.117,22.1836,49.2969,10,0,0.5,0.5,0
17567606,2481,0,1,0,0.427277,172.799,188.508,21.0352,49.7656,11,0,0.5,0.5,0
17573958,2485,0,1,0,0.678327,171.258,186.148,24.2031,55.5781,8,0,0.5,0.5,0
17577650,2483,0,1,0,0.361165,169.547,183.289,25.0156,50.5156,12,0,0.5,0.5,0
17584365,2484,0,1,0,0.542378,170.574,179.859,25.9609,67.8438,7,0,0.5,0.5,0
17590828,2482,1,1,0,0.637482,169.566,182.5,26.1797,61.6875,12,0,0.5,0.5,0
17594662,2484,1,1,0,0.685529,168.844,183.109,24.75,62.5938,11,0,0.5,0.5,0
17598095,2486,1,1,0,0.390941,168.352,181.68,22.5781,55.4219,11,0,0.5,0.5,0
17604212,2485,1,1,0,0.700485,151.664,185.453,25.6406,57.0312,-5,0,0.5,0.5,0
17608584,2485,1,1,0,0.392337,124.926,181.07,24.0078,65.1094,-1,0,0.5,0.5,0
17614736,2483,1,1,0,0.625668,124.469,184.906,24.9375,60.375,4,0,0.5,0.5,0
17619036,2484,1,1,0,0.29462,129.875,185.125,24.4688,58.625,7,0,0.5,0.5,0
17622606,2489,1,1,0,0.612773,130.707,184.648,21.9453,59.4219,-3,0,0.5,0.5,0
17626873,2486,1,1,0,0.282988,127.283,185.516,18.4102,58.5938,-2,0,0.5,0.5,0
17631790,2484,1,1,0,0.409693,124.574,185.211,21.7734,58.9219,1,0,0.5,0.5,0
17637719,2484,1,1,0,0.334589,118.594,185.719,24.4375,61.6875,0,0,0.5,0.5,0
17641604,2482,1,1,0,0.620622,120.918,184.266,24.5703,67.2812,-3,0,0.5,0.5,0
17646224,2484,1,1,0,0.704567,118.848,184.203,23.9141,64.7812,-4,0,0.5,0.5,0
17651561,2487,1,1,0,0.729905,118.42,186.391,25.2773,63.1562,-2,0,0.5,0.5,0
17656859,2486,1,1,0,0.318061,121.074,186.57,23.5078,58.9844,-1,0,0.5,0.5,0
17661084,2485,1,1,0,0.48438,123.699,187.523,24.1641,64.7031,-4,0,0.5,0.5,0
17665912,2485,1,1,0,0.691393,125.414,188.57,27.5469,65.7656,-2,0,0.5,0.5,0
17669522,2480,1,1,0,0.633864,125.285,188.75,27.1016,63.75,-3,0,0.5,0.5,0
17673262,2483,1,1,0,0.682151,124.945,188.766,25.9531,60.6562,-3,0,0.5,0.5,0
17678561,2481,1,1,0,0.541409,128.309,190.203,27.8203,67.6562,-2,0,0.5,0.5,0
17683393,2486,1,1,0,0.620622,133.828,187.5,26.5938,68.8125,-1,0,0.5,0.5,0
17687326,2481,1,1,0,0.652684,135.758,190.461,27.8281,67.3906,-2,0,0.5,0.5,0
17691954,2483,1,1,0,0.44071,136.621,186.75,31.8203,59.8125,-2,0,0.5,0.5,0
17696546,2487,1,1,0,0.297879,136.621,189.906,31.2422,64.0625,-1,0,0.5,0.5,0
17701046,2484,1,1,0,0.639736,139.406,190.328,30.75,81.7188,-2,0,0.5,0.5,0
17706793,2485,1,1,0,0.52342,139.609,190.516,31.3438,75.4062,-1,0,0.5,0.5,0
17711204,2485,1,1,0,0.634317,140.508,190.922,31.8594,83.5312,-2,0,0.5,0.5,0
17714601,2484,1,1,0,0.31195,141.352,196.328,31.0781,77.5938,-1,0,0.5,0.5,0
17721729,2485,1,1,0,0.284377,141.336,197.023,30.2656,80.4531,-2,0,0.5,0.5,0
17728115,2484,1,1,0,0.524395,141.301,197.422,31.8984,80.7188,-1,0,0.5,0.5,0
17731524,2487,1,1,0,0.461987,142.238,191.266,34.6484,74.1562,-1,1,0.5,0.5,0
17735761,2484,1,1,0,0.2676,144.004,193.445,34.3984,72.9844,-1,0,0.5,0.5,0
17740207,2486,1,1,0,0.505371,142.281,192.406,33.7188,81.125,-2,0,0.5,0.5,0
17744205,2483,1,1,0,0.27048,148.402,197.062,23.6797,66.75,-1,0,0.5,0.5,0
17749698,2485,1,1,0,0.29584,143.48,197.75,38.0547,79.125,-1,0,0.5,0.5,0
17753632,2479,1,1,0,0.6137,142.969,196.281,36.9062,73.25,-1,0,0.5,0.5,0
17759623,2486,1,1,0,0.63205,144.949,198.625,37.1484,80.25,-1,0,0.5,0.5,0
17765360,2485,1,1,0,0.616474,145.805,195.617,37.9844,76.3594,-1,0,0.5,0.5,0
17770826,2483,1,1,0,0.625668,145.688,195.562,38.0938,74.9375,-1,0,0.5,0.5,0
17776833,2485,1,1,0,0.293607,145.801,199.516,37.0703,83.3438,-1,0,0.5,0.5,0
17780694,2484,1,1,0,0.61832,144.867,198.391,42.3594,87.8438,-2,0,0.5,0.5,0
17784814,2484,1,1,0,0.577019,144.938,199.766,41.8438,87.8438,-1,0,0.5,0.5,0
17790492,2487,1,1,0,0.394201,144.867,201.227,43.1406,90.0469,0,1,0.5,0.5,0
17795596,2482,1,1,0,0.544801,145.914,200.875,45.1406,87.5,-2,0,0.5,0.5,0
17801598,2488,1,1,0,0.587943,145.133,201.484,46.8594,85.9062,-1,0,0.5,0.5,0
17807538,2484,1,1,0,0.513668,144.297,198.492,47.9688,86.1094,-1,0,0.5,0.5,0
17812405,2483,1,1,0,0.425844,145.852,194.984,48.4844,85.4062,-1,0,0.5,0.5,0
17817943,2481,1,1,0,0.289773,144.906,195.367,50.25,88.7656,-1,0,0.5,0.5,0
17821548,2486,1,1,0,0.254971,146.953,195.281,45.9062,79.3125,-1,0,0.5,0.5,0
17825421,2479,1,1,0,0.329824,145.977,192.883,45.6094,82.6406,-1,0,0.5,0.5,0
17831747,2486,1,1,0,0.30301,148.371,194.422,48.8828,83.4688,-1,0,0.5,0.5,0
17838299,2484,1,1,0,0.430147,148.738,194.656,49.6484,80.1875,-1,0,0.5,0.5,0
17841792,2486,1,1,0,0.747248,147.016,196.25,60.8438,90.4375,-1,0,0.5,0.5,0
17847602,2485,1,1,0,0.692642,147.055,193.562,59.8906,94.125,0,0,0.5,0.5,0
17851493,2484,1,1,0,0.488283,146.273,197.219,56.4844,75.8125,-2,0,0.5,0.5,0
17855211,2486,1,1,0,0.485356,147.094,196.945,59.125,82.3906,-1,0,0.5,0.5,0
17861508,2482,1,1,0,0.765591,145.352,196.969,62.1719,85.4375,-1,0,0.5,0.5,0
17867786,2485,1,1,0,0.775605,147.316,197.438,65.1328,90.25,0,0,0.5,0.5,0
17871366,2486,1,1,0,0.801004,146.633,197.469,63.5156,84.25,-1,0,0.5,0.5,0
17875467,2481,1,1,0,0.814349,149.078,197.375,65.6562,89.375,-1,0,0.5,0.5,0
17881542,2487,1,1,0,0.497559,148.906,196.938,68.625,90.375,-1,0,0.5,0.5,0
17885523,2482,1,1,0,0.38445,148.977,196.5,68.2656,80.75,-1,0,0.5,0.5,0
17891470,2487,1,1,0,0.803483,149.047,196.516,68.7188,88.2812,0,1,0.5,0.5,0
17897884,2486,1,1,0,0.769425,152.258,199.406,72.7656,86.375,-1,0,0.5,0.5,0
17902005,2484,1,1,0,0.534613,153.055,199.461,70.3281,85.5469,0,0,0.5,0.5,0
17905697,2485,1,1,0,0.483404,151.297,198.086,69.7812,86.0469,-1,0,0.5,0.5,0
17911568,2484,1,1,0,0.482429,153.812,198.789,72.5,85.2969,0,0,0.5,0.5,0
17915317,2479,1,1,0,0.263978,152.906,197.562,74.3125,92.375,-1,0,0.5,0.5,0
17922087,2484,1,1,0,0.344884,154.25,197.539,70.75,86.5781,0,0,0.5,0.5,0
17925482,2487,1,1,0,0.768036,153.164,197.031,72.8594,88.6875,0,0,0.5,0.5,0
17929364,2484,1,1,0,0.749821,153.297,196.836,70.9062,84.8906,-1,0,0.5,0.5,0
17934846,2482,1,1,0,0.810179,152.477,196.938,67.0469,82.8125,0,0,0.5,0.5,0
17939893,2486,1,1,0,0.795975,151.898,197,72.0781,88.875,0,0,0.5,0.5,0
17943451,2491,1,1,0,0.742423,151.453,197,70.7188,88.0625,-1,0,0.5,0.5,0
17948937,2484,1,1,0,0.604866,151.492,192.922,74.3281,99.2188,0,0,0.5,0.5,0
17953574,2485,1,1,0,0.750187,149.719,193.938,67.9375,89.875,-1,0,0.5,0.5,0
17959173,2480,1,1,0,0.651798,151.641,193.906,68.7812,93.3125,0,0,0.5,0.5,0
17965866,2483,1,1,0,0.512205,150.523,197.438,65.1719,85.9375,-1,0,0.5,0.5,0
17969699,2488,1,1,0,0.758866,151.172,196.688,66.2188,88.875,0,0,0.5,0.5,0
17973935,2483,1,1,0,0.803174,150.125,192.719,68.75,99.4375,-1,0,0.5,0.5,0
17978178,2484,1,1,0,0.842606,150.406,192.391,65.5,99.0312,0,0,0.5,0.5,0
17983905,2484,1,1,0,0.69802,150.289,191.992,65.3906,98.7656,-1,0,0.5,0.5,0
17987608,2480,1,1,0,0.763128,150.23,192.094,65.2734,98.9375,0,0,0.5,0.5,0
17990935,2482,1,1,0,0.84569,149.711,191.812,65.5469,99.375,-1,0,0.5,0.5,0
17995577,2481,1,1,0,0.842087,150.156,192.039,61.9375,99.7031,-1,0,0.5,0.5,0
18000075,2477,1,1,0,0.815233,150.016,192.031,64.6562,99.5,0,0,0.5,0.5,0
18003531,2487,1,1,0,0.84569,149.539,192.125,64.9531,99.9375,-1,0,0.5,0.5,0
18009939,2483,1,1,0,0.857527,149.336,192.172,63.8281,100.031,0,0,0.5,0.5,0
18014423,2484,1,1,0,0.839472,148.477,192.266,61.4219,99.7188,-1,0,0.5,0.5,0
18019872,2484,1,1,0,0.833052,148.5,192.406,61.125,100.062,-1,0,0.5,0.5,0
18023732,2482,1,1,0,0.833052,147.172,192.109,59.6562,99.5312,0,0,0.5,0.5,0
18027608,2484,1,1,0,0.809277,147.164,192.117,56.8594,96.7344,-1,0,0.5,0.5,0
18033963,2486,1,1,0,0.857049,146.406,192.203,57.5625,97.4062,-1,0,0.5,0.5,0
18038312,2483,1,1,0,0.793746,146.312,192.719,56.5625,96.4375,-1,0,0.5,0.5,0
18043464,2486,1,1,0,0.734882,145.906,192.625,59.3125,99.875,-1,0,0.5,0.5,0
18050100,2485,1,1,0,0.835215,145.602,192.633,57.2344,96.7656,-1,0,0.5,0.5,0
18056464,2484,1,1,0,0.661049,145.414,197.859,54.2969,83.5312,-1,0,0.5,0.5,0
18062847,2482,1,1,0,0.655337,144.734,197.898,51.1562,84.7031,-1,0,0.5,0.5,0
18066786,2482,1,1,0,0.744286,143.562,198.047,47.625,84.4062,-1,0,0.5,0.5,0
18072390,2481,1,1,0,0.798187,141.543,198.766,46.6484,83.3438,-1,0,0.5,0.5,0
18076094,2485,1,1,0,0.808673,141.992,197.758,45.6094,84.4219,-2,0,0.5,0.5,0
18079548,2477,1,1,0,0.789558,142.18,197.781,43.6719,82.9375,-1,0,0.5,0.5,0
18083662,2486,1,1,0,0.763481,141.289,197.781,41.9531,83.3125,-2,0,0.5,0.5,0
18089095,2485,1,1,0,0.728748,141.648,199.031,44.2969,84.9375,-1,0,0.5,0.5,0
18092889,2484,1,1,0,0.668014,144.758,198.742,36.5781,84.6094,-1,0,0.5,0.5,0
18099348,2485,1,1,0,0.622,142.152,198.047,40.9922,87.5938,-2,0,0.5,0.5,0
18103350,2487,1,1,0,0.433022,144.758,198.18,38.4531,86.0156,-1,0,0.5,0.5,0
18109661,2487,1,1,0,0.347759,143.734,199.656,34.2188,82.4375,-1,0,0.5,0.5,0
18116019,2486,1,1,0,0.44071,146.148,198.703,32.8281,86.2188,-1,0,0.5,0.5,0
18119937,2484,1,1,0,0.421076,145.984,198.617,31.8438,87.1094,-1,0,0.5,0.5,0
18123716,2480,1,1,0,0.270095,145.285,197.133,33.5703,89.2656,-1,0,0.5,0.5,0
18128858,2481,1,1,0,0.311531,146.656,197.695,28.5312,90.7969,-1,0,0.5,0.5,0
18132737,2474,1,0,-1,0,0,0,0,0,0,0,0,0,0
18138956,2486,1,1,0,0.324236,147.041,178.016,26.8242,63.2188,-1,0,0.5,0.5,0
18144166,2484,1,1,0,0.331553,147.844,175.828,24.9688,59.2812,-1,0,0.5,0.5,0
18148133,2481,1,1,0,0.585101,144.227,175.891,27.5156,64.5938,-2,0,0.5,0.5,0
18152131,2484,1,1,0,0.419172,145.195,175.594,27.1406,61.875,-1,0,0.5,0.5,0
18159638,2487,1,1,0,0.411584,145.273,181.633,26.6406,66.1406,0,0,0.5,0.5,0
18164149,2485,1,1,0,0.378459,145.727,183.234,29.2031,62.2812,-2,0,0.5,0.5,0
18167963,2483,1,1,0,0.262462,146.855,184.812,28.7891,66.8125,-1,0,0.5,0.5,0
18173029,2481,1,1,0,0.533641,145.109,185.047,28.6562,64.2188,-1,0,0.5,0.5,0
18178601,2485,1,1,0,0.425844,146.426,185.516,27.1328,65.1562,-1,0,0.5,0.5,0
18182591,2482,1,1,0,0.282592,146.125,185.094,28.625,68,-1,0,0.5,0.5,0
18185748,2486,1,1,0,0.457622,146.711,185.359,29.0781,66.1562,-1,0,0.5,0.5,0
18191677,2482,1,1,0,0.700485,146.578,186.484,30.9062,66.7812,-1,0,0.5,0.5,0
18195393,2481,1,1,0,0.287767,146.797,186.078,30.2812,70.5938,-1,0,0.5,0.5,0
18201378,2489,1,1,0,0.410166,146.797,191.344,30.4688,77.0625,-1,0,0.5,0.5,0
18207813,2481,1,1,0,0.409221,147.289,189.688,30.3281,75,0,0,0.5,0.5,0
18211672,2481,1,1,0,0.561696,148.266,193.609,32.625,81.7812,-2,0,0.5,0.5,0
18215561,2484,1,1,0,0.61832,149.277,196.195,35.8203,84.8594,0,0,0.5,0.5,0
18219233,2486,1,1,0,0.457137,147.773,195.953,35.0781,83.0312,-1,0,0.5,0.5,0
18225079,2481,1,1,0,0.464901,148.562,197.227,36.5312,82.7031,-1,0,0.5,0.5,0
18228600,2481,1,1,0,0.442155,148.789,195.891,33.8281,80.2812,-1,0,0.5,0.5,0
18232878,2486,1,1,0,0.653569,147.301,194.852,32.6484,78.3281,0,0,0.5,0.5,0
18238533,2483,1,1,0,0.595022,147.93,194.953,32.8906,77.4062,-1,0,0.5,0.5,0
18244595,2484,1,1,0,0.681303,147.953,194.797,32.7188,78.5938,-1,0,0.5,0.5,0
18248946,2482,1,1,0,0.613237,145.973,197.211,35.8984,87.0781,-1,0,0.5,0.5,0
18254078,2480,1,1,0,0.427277,147.469,196.656,34.4062,77.6875,-1,0,0.5,0.5,0
18257468,2484,1,1,0,0.649134,146.797,199.391,35.5312,86.3438,-1,0,0.5,0.5,0
18263660,2485,1,1,0,0.452294,147.074,199.562,35.3516,86.25,-1,1,0.5,0.5,0
18268996,2484,1,1,0,0.49707,147.18,199.773,34.8594,85.0469,0,0,0.5,0.5,0
18272324,2484,1,1,0,0.693473,146.781,199.039,33.3438,86.2031,-2,0,0.5,0.5,0
18277206,2486,1,1,0,0.606731,148.141,194.195,32.375,75.1406,0,0,0.5,0.5,0
18281085,2483,1,1,0,0.361841,147.375,197.117,34.4375,84.1406,-1,0,0.5,0.5,0
18284806,2485,1,1,0,0.434941,147.488,198.969,35.8359,85.6875,-1,0,0.5,0.5,0
18290687,2485,1,1,0,0.399812,147.016,200.289,33.375,82.1719,-1,0,0.5,0.5,0
18296771,2485,1,1,0,0.469763,146.766,199.844,33.7812,82.875,-1,0,0.5,0.5,0
18300594,2486,1,1,0,0.372733,146.723,200.203,35.0547,82.2188,-1,0,0.5,0.5,0
18304519,2484,1,1,0,0.511229,146.383,200.281,34.0469,83.4375,-1,0,0.5,0.5,0
18308938,2484,1,1,0,0.349754,147.418,199.797,33.8828,85.7188,0,0,0.5,0.5,0
18315250,2482,1,1,0,0.335242,146.977,199.133,33.7031,83.0156,-1,0,0.5,0.5,0
18320965,2484,1,1,0,0.461017,145.949,200.344,33.8359,82.0625,-2,1,0.5,0.5,0
18324805,2479,1,1,0,0.599251,147.578,199.344,33.9375,84.0625,0,0,0.5,0.5,0
18328874,2480,1,1,0,0.251647,145.477,197.07,35.7031,78.8906,-1,0,0.5,0.5,0
18334785,2482,1,1,0,0.51562,146.586,196.148,36.4219,80.1719,-1,0,0.5,0.5,0
18338596,2480,1,1,0,0.457622,146.438,195.828,38.3125,79.4062,-1,0,0.5,0.5,0
18342450,2483,1,1,0,0.763481,145.941,193.273,39.0547,76.7969,-1,0,0.5,0.5,0
18350171,2486,1,1,0,0.716219,146.172,196.867,39,79.7344,-1,0,0.5,0.5,0
18353711,2480,1,1,0,0.671039,145.938,193.711,40.5938,77.9531,-1,0,0.5,0.5,0
18360150,2485,1,1,0,0.715822,146.055,198.883,41.2031,82.6406,-1,0,0.5,0.5,0
18364063,2486,1,1,0,0.378919,146.07,198.922,42.6406,80.3438,-1,0,0.5,0.5,0
18369898,2485,1,1,0,0.711832,146.352,198.695,41.8281,83.4844,-1,0,0.5,0.5,0
18376455,2486,1,1,0,0.61832,145.172,195.016,43.2188,74.8438,-1,0,0.5,0.5,0
18380313,2484,1,1,0,0.375019,144.586,197.516,46.9531,84.0938,-1,0,0.5,0.5,0
18385348,2486,1,1,0,0.519034,145.469,197.406,46.0938,84.8125,-1,0,0.5,0.5,0
18391810,2491,1,1,0,0.565539,145.641,194.797,47.5938,87.8438,-1,0,0.5,0.5,0
18395633,2484,1,1,0,0.519521,146.031,198.297,55.1875,84.1562,-1,1,0.5,0.5,0
18401605,2487,1,1,0,0.591251,143.43,198.883,60.2969,84.9844,-1,0,0.5,0.5,0
18408418,2502,1,1,0,0.432543,146.953,195.461,51.7188,75.0156,-1,0,0.5,0.5,0
18412718,2491,1,1,0,0.597843,146.695,195.188,59.6094,79.4375,-1,0,0.5,0.5,0
18418606,2492,1,1,0,0.299106,143.633,194.844,60.0156,76.25,-2,0,0.5,0.5,0
18422899,2485,1,1,0,0.624752,144.109,195.945,65.3438,83.3906,-1,0,0.5,0.5,0
18428887,2488,1,1,0,0.53607,144.953,196.227,67.2812,85.4531,0,0,0.5,0.5,0
18432865,2488,1,1,0,0.682151,148.078,194.375,61.5938,75.3125,-2,0,0.5,0.5,0
18436614,2487,1,1,0,0.553023,154.312,193.672,69,79.5938,0,0,0.5,0.5,0
18442350,2482,1,1,0,0.786295,155.516,195.484,70.4062,84.9688,0,0,0.5,0.5,0
18449043,2485,1,1,0,0.776284,157.891,196.5,70.4688,83.75,0,0,0.5,0.5,0
18455669,2489,1,1,0,0.717012,155.496,195.188,61.3828,82.875,0,0,0.5,0.5,0
18460192,2485,1,1,0,0.343121,150.652,192.469,44.6328,80.3125,-1,0,0.5,0.5,0
18464801,2484,1,1,0,0.769425,146.5,191.312,36.2812,79.6875,-1,0,0.5,0.5,0
18469764,2485,1,1,0,0.768731,146.402,191.219,33.5078,78.1875,-1,0,0.5,0.5,0
18473905,2486,1,1,0,0.743914,148.637,192.859,37.0859,78.8438,0,0,0.5,0.5,0
18477692,2483,1,1,0,0.520496,151.633,191.352,38.2344,79.2031,-1,0,0.5,0.5,0
18482568,2487,1,1,0,0.388618,144.117,194.117,66.6094,81.5156,-1,0,0.5,0.5,0
18486526,2483,1,1,0,0.313209,146.234,194.156,60.6562,83.5625,-1,0,0.5,0.5,0
18490096,2483,1,1,0,0.643776,146.594,194.547,58.0625,82.9062,-1,0,0.5,0.5,0
18496442,2482,1,1,0,0.569853,149.648,194.445,56.9531,81.4844,-1,0,0.5,0.5,0
18502879,2488,1,1,0,0.296247,152.734,191.719,49.25,82.9375,0,0,0.5,0.5,0
18506623,2484,1,1,0,0.464901,150.637,193.398,49.7891,82.5469,0,0,0.5,0.5,0
18511253,2494,1,1,0,0.741675,151.281,193.305,47.6875,81.3906,-1,0,0.5,0.5,0
18516650,2484,1,1,0,0.527317,151.961,192.016,45.2656,81.8438,-1,0,0.5,0.5,0
18520621,2484,1,1,0,0.650468,151.555,191.508,44.3906,78.9844,0,0,0.5,0.5,0
18526090,2483,1,1,0,0.717012,152.766,192.188,40.3125,78.875,0,0,0.5,0.5,0
18529761,2482,1,1,0,0.850716,153.828,191.914,41.4062,79.2031,-1,0,0.5,0.5,0
18533607,2486,1,1,0,0.676192,153.977,191.156,38.3906,77.875,0,0,0.5,0.5,0
18539329,2484,1,1,0,0.348202,153.711,189.703,39.5781,83.5312,0,0,0.5,0.5,0
18542835,2485,1,1,0,0.840523,154.617,191.461,37.2031,78.4219,-1,0,0.5,0.5,0
18546673,2485,1,1,0,0.701304,154.633,190.75,36.2344,78.125,0,0,0.5,0.5,0
18552454,2483,1,1,0,0.67147,154.836,190.289,36.3281,77.7031,0,0,0.5,0.5,0
18555918,2492,1,1,0,0.776284,157.121,188.57,37.0703,83.6406,0,0,0.5,0.5,0
18559666,2495,1,1,0,0.777976,157.355,187.984,37.0391,84.9062,0,0,0.5,0.5,0
18563306,2493,1,1,0,0.754914,157.438,191.094,35.1562,78.1875,-1,0,0.5,0.5,0
18567278,2480,1,1,0,0.66628,157.258,190.664,33.6719,79.9844,0,0,0.5,0.5,0
18573409,2486,1,1,0,0.72952,157.859,189.719,33.875,80,0,0,0.5,0.5,0
18577382,2485,1,1,0,0.653569,158.117,191.281,34.2344,82.375,0,0,0.5,0.5,0
18583666,2489,1,1,0,0.6137,158.984,190.617,33.625,80.2344,0,0,0.5,0.5,0
18587518,2486,1,1,0,0.577495,158.828,190.148,33.6875,81.4531,0,0,0.5,0.5,0
18593045,2487,1,1,0,0.690142,158.656,190.25,33.5,82.125,0,0,0.5,0.5,0
18597226,2481,1,1,0,0.67147,159.32,189.852,32.5156,81.4531,0,0,0.5,0.5,0
18602862,2484,1,1,0,0.621541,159.711,189.703,32.4219,83.9688,0,0,0.5,0.5,0
18606296,2487,1,1,0,0.583203,160.039,187.766,34.2656,91.5312,0,0,0.5,0.5,0
18609894,2485,1,1,0,0.70619,160.609,184.336,34.8438,93.1719,0,0,0.5,0.5,0
18616311,2484,1,1,0,0.725259,160.289,183.703,35.2969,92.9062,0,0,0.5,0.5,0
18620289,2485,1,1,0,0.720171,160.816,183.367,32.9609,92.4844,0,0,0.5,0.5,0
18624297,2484,1,1,0,0.641085,160.504,183.438,32.8359,93.625,0,0,0.5,0.5,0
18630226,2485,1,1,0,0.567937,159.82,183.492,33.4531,93.0156,0,0,0.5,0.5,0
18634316,2480,1,1,0,0.747985,160.543,183.469,34.0234,91.5625,0,0,0.5,0.5,0
18640599,2482,1,1,0,0.657979,160.816,190.477,32.2578,80.2031,0,0,0.5,0.5,0
18644569,2485,1,1,0,0.75958,162.809,190.594,31.2734,78.9375,0,0,0.5,0.5,0
18651200,2483,1,1,0,0.302392,163.68,191.109,29.875,81.9688,0,0,0.5,0.5,0
18655004,2484,1,1,0,0.697608,164.465,191.219,30.4922,78.4375,0,0,0.5,0.5,0
18661853,2487,1,1,0,0.719778,164.406,191.188,31.3438,78.4375,0,0,0.5,0.5,0
18665590,2487,1,1,0,0.528777,166.109,191.32,33.1875,80.6406,0,0,0.5,0.5,0
18669268,2486,1,1,0,0.430626,167.07,191.359,31.2031,79.6562,1,0,0.5,0.5,0
18675755,2483,1,1,0,0.359365,167.992,190.297,33.1719,84.2812,0,0,0.5,0.5,0
18678866,2486,1,1,0,0.313629,167.887,190.281,35.3984,82.0625,0,0,0.5,0.5,0
18687116,2482,1,1,0,0.542863,168.461,185.203,36.0781,92.3438,1,0,0.5,0.5,0
18692464,2481,1,1,0,0.506836,169.57,186.664,36.9531,94.4219,0,0,0.5,0.5,0
18696321,2487,1,1,0,0.318273,171.023,190.734,34.9531,77.4688,1,0,0.5,0.5,0
18702746,2484,1,1,0,0.833052,170.945,192.875,37.9844,80.625,0,0,0.5,0.5,0
18706900,2484,1,1,0,0.831416,172.25,188.922,37.7188,93.5938,1,0,0.5,0.5,0
18710849,2483,1,1,0,0.870819,171.406,193.609,39.0625,81.9062,1,0,0.5,0.5,0
18715905,2485,1,1,0,0.733356,172.133,196.281,40.9219,84.9375,0,0,0.5,0.5,0
18720139,2488,1,1,0,0.74577,172.891,196.75,44.5938,87.75,1,0,0.5,0.5,0
18724176,2485,1,1,0,0.827548,173.137,196.508,43.4609,87.0469,1,0,0.5,0.5,0
18729115,2485,1,1,0,0.702121,174.715,195.031,44.9141,90.1875,1,0,0.5,0.5,0
18732808,2482,1,1,0,0.784319,173.289,196.273,46.1719,88.2031,1,0,0.5,0.5,0
18739221,2486,1,1,0,0.86362,173.246,196.062,46.5547,88.625,0,0,0.5,0.5,0
18743484,2485,1,1,0,0.792464,173.422,195.57,49.0312,90.8906,2,0,0.5,0.5,0
18747517,2484,1,1,0,0.306112,173.422,195.031,50.1562,90.125,0,0,0.5,0.5,0
18753122,2488,1,1,0,0.800692,173.199,190.094,51.2734,98.3125,1,0,0.5,0.5,0
18757584,2485,1,1,0,0.830318,173.391,194.516,51.5938,86.8438,1,0,0.5,0.5,0
18765357,2483,1,1,0,0.772873,173.484,190.062,53.9688,97.25,1,0,0.5,0.5,0
18771231,2485,1,1,0,0.743542,173.766,193.727,54.6562,87.4531,1,0,0.5,0.5,0
18775207,2483,1,1,0,0.652684,174.984,193.969,57.0312,81.0625,1,0,0.5,0.5,0
18781735,2484,1,1,0,0.74651,175.242,192.953,57.1094,84.0312,1,0,0.5,0.5,0
18785685,2483,1,1,0,0.742049,173.449,191.75,55.5391,78.8125,1,0,0.5,0.5,0
18789648,2483,1,1,0,0.706595,173.328,191.711,55.8438,79.4531,1,0,0.5,0.5,0
18793025,2488,1,1,0,0.707405,171.668,192.672,55.8516,76.0938,1,0,0.5,0.5,0
18797576,2486,1,1,0,0.581303,171.668,188.18,55.2891,85.1719,0,0,0.5,0.5,0
18801820,2487,1,1,0,0.773215,170.562,186.469,54.375,91.9375,1,0,0.5,0.5,0
18811652,2486,1,1,0,0.434461,168.359,191.094,56.0312,76.4375,1,0,0.5,0.5,0
18815786,2482,1,1,0,0.744286,169.57,191.922,54.4844,77.4688,0,0,0.5,0.5,0
18820063,2487,1,1,0,0.574633,169.723,192.094,56.6953,79.4375,1,0,0.5,0.5,0
18824324,2484,1,1,0,0.819027,170.672,186.812,58.5938,92,1,0,0.5,0.5,0
18828372,2488,1,1,0,0.585575,168.984,192.078,54.5,73.4062,0,0,0.5,0.5,0
18831680,2484,1,1,0,0.433981,169.691,192.141,59.4297,84.5312,1,0,0.5,0.5,0
18839198,2484,1,1,0,0.659735,169.062,192.938,53.8125,75.75,0,0,0.5,0.5,0
18844676,2482,1,1,0,0.371363,168.672,189.594,59.0312,86.8125,1,0,0.5,0.5,0
18850933,2484,1,1,0,0.707809,168.633,186.875,58.1719,92.5,0,0,0.5,0.5,0
18854593,2486,1,1,0,0.389082,167.703,191.273,57.5625,76.7031,1,0,0.5,0.5,0
18858602,2479,1,1,0,0.678327,168.688,193.461,58.125,82.9531,0,0,0.5,0.5,0
18862875,2486,1,1,0,0.574156,169.93,189.344,57.8594,97.3125,1,0,0.5,0.5,0
18869420,2483,1,1,0,0.665411,169.918,194.844,57.9766,84.5625,0,0,0.5,0.5,0
18874581,2484,1,1,0,0.740926,169.891,194.789,55.3438,78.3594,1,0,0.5,0.5,0
18881686,2484,1,1,0,0.651354,168.383,194.203,57.9844,84.8438,0,0,0.5,0.5,0
18885640,2485,1,1,0,0.816991,169.484,194.195,54.2188,85.3906,1,0,0.5,0.5,0
18890543,2485,1,1,0,0.602529,169.676,194.75,54.9609,85.5,0,0,0.5,0.5,0
18894226,2486,1,1,0,0.496094,169.906,194.719,53.7188,84.9375,1,0,0.5,0.5,0
18898223,2486,1,1,0,0.700485,170.906,195.547,52.75,86.4062,1,0,0.5,0.5,0
18903655,2487,1,1,0,0.86771,170.379,195.547,51.3828,86.4062,0,0,0.5,0.5,0
18907245,2485,1,1,0,0.790206,168.223,195.641,53.3203,86.5938,1,0,0.5,0.5,0
18913551,2479,1,1,0,0.707,169.312,190.344,52.9375,99.0625,0,0,0.5,0.5,0
18917563,2484,1,1,0,0.765941,168,189.422,54.5312,93.5938,1,0,0.5,0.5,0
18921641,2485,1,1,0,0.742423,166.727,189.695,54.9531,101.484,0,0,0.5,0.5,0
18925602,2484,1,1,0,0.739047,168.848,189.297,50.1953,99.9062,0,0,0.5,0.5,0
18929898,2483,1,1,0,0.668447,168.77,191.641,50.1641,95.9688,1,0,0.5,0.5,0
18933626,2483,1,1,0,0.716219,170.289,188.266,50.3281,98.9688,1,0,0.5,0.5,0
18938849,2484,1,1,0,0.731441,170.004,194.625,50.3828,88.625,0,0,0.5,0.5,0
18942709,2479,1,1,0,0.590779,172.258,192.609,44.3594,88.2188,1,0,0.5,0.5,0
18948753,2481,1,1,0,0.696784,174.312,193.75,42.625,82.625,1,0,0.5,0.5,0
18953156,2482,1,1,0,0.477554,175.223,193.477,45.1172,88.4531,1,0,0.5,0.5,0
18957798,2483,1,1,0,0.728748,179.207,187.75,44.6484,99.5,1,0,0.5,0.5,0
18963482,2482,1,1,0,0.696371,181.098,185.672,43.2422,97.0938,2,0,0.5,0.5,0
18969077,2484,1,1,0,0.600657,182.391,188.406,43.1562,102.125,2,0,0.5,0.5,0
18972796,2485,1,1,0,0.622,181.945,188.266,39.5469,99.5312,2,0,0.5,0.5,0
18977711,2482,1,1,0,0.777638,183.703,187.938,39.7188,100.375,2,0,0.5,0.5,0
18983027,2486,1,1,0,0.461987,183.125,187.844,40,97.5625,1,0,0.5,0.5,0
18989133,2484,1,1,0,0.455199,182.188,190.516,39.5312,94.2188,3,0,0.5,0.5,0
18992951,2485,1,1,0,0.736781,180.859,187.297,41.5312,101.156,1,0,0.5,0.5,0
18998073,2480,1,1,0,0.727588,179.875,193.906,38.5,86.6875,2,0,0.5,0.5,0
19003598,2488,1,1,0,0.734882,179.09,184.875,39.1328,98.875,2,0,0.5,0.5,0
19009337,2491,1,1,0,0.52975,179.074,186.438,39.1484,100.375,1,0,0.5,0.5,0
19013488,2481,1,1,0,0.736022,175.074,191.609,37.4297,86.5312,2,0,0.5,0.5,0
19018782,2487,1,1,0,0.713033,176.949,184.984,39.0391,99.5312,1,0,0.5,0.5,0
19022607,2485,1,1,0,0.751648,176.391,185.484,37.3438,100.781,2,0,0.5,0.5,0
19026444,2484,1,1,0,0.750187,174.445,184.945,36.1719,99.3594,1,0,0.5,0.5,0
19029800,2484,1,1,0,0.811378,175.418,185.234,38.1953,100.031,1,0,0.5,0.5,0
19036572,2485,1,1,0,0.770808,173.527,185.984,38.2109,101.969,1,0,0.5,0.5,0
19040216,2483,1,1,0,0.628864,172.031,191.945,35.125,88.6406,1,0,0.5,0.5,0
19045719,2482,1,1,0,0.678754,173.148,186.906,36.8594,104.188,2,0,0.5,0.5,0
19049338,2488,1,1,0,0.508788,172.242,187.742,37.9844,102.766,0,0,0.5,0.5,0
19053520,2481,1,1,0,0.675764,172.82,192.609,35.1406,91.9688,2,0,0.5,0.5,0
19057290,2484,1,1,0,0.646013,171.883,191.812,36.5469,94.4375,0,0,0.5,0.5,0
19062789,2486,1,1,0,0.404507,172.355,192.484,36.3203,95.5312,2,0,0.5,0.5,0
19066845,2484,1,1,0,0.26588,170.453,194.312,34.3125,88.125,0,0,0.5,0.5,0
19072745,2489,1,1,0,0.825307,171.734,189.406,35.25,99.4375,1,0,0.5,0.5,0
19077350,2482,1,1,0,0.393735,170.039,189.156,35.5781,103.188,1,0,0.5,0.5,0
19081341,2484,1,1,0,0.445529,170.859,195.227,34.5,90.9219,1,0,0.5,0.5,0
19085275,2485,1,1,0,0.295433,171.094,198.234,31.8125,85.0312,1,0,0.5,0.5,0
19090951,2487,1,1,0,0.609524,171.117,195.57,34.1719,92.1406,0,0,0.5,0.5,0
19094226,2484,1,1,0,0.336767,168.695,195.391,27.0469,84.5312,1,0,0.5,0.5,0
19100037,2485,1,1,0,0.412057,167.785,195.031,27.1641,83.25,0,0,0.5,0.5,0
19103685,2475,1,1,0,0.638835,168.449,196.938,30.4922,87.625,1,0,0.5,0.5,0
19107432,2477,1,1,0,0.580828,168.332,196.516,31.8047,88.1562,1,0,0.5,0.5,0
19113691,2481,1,1,0,0.648689,172.625,190.5,34,100.25,0,0,0.5,0.5,0
19117615,2482,1,1,0,0.428712,172.336,192.078,33.8281,98.5938,1,0,0.5,0.5,0
19123424,2485,1,1,0,0.586049,172.328,196.008,31.2812,89.2344,1,0,0.5,0.5,0
19127592,2478,1,1,0,0.761713,172.527,194.531,33.2266,94.0625,1,0,0.5,0.5,0
19131755,2477,1,1,0,0.342021,172.703,194.203,32.9688,83.0312,1,0,0.5,0.5,0
19137272,2490,1,1,0,0.499023,173.32,194.109,29.4219,80.9688,1,0,0.5,0.5,0
19140882,2485,1,1,0,0.354881,170.867,195.859,31.5781,80.4062,0,0,0.5,0.5,0
19147115,2483,1,1,0,0.715424,171.172,196.023,33.1562,89.0469,1,0,0.5,0.5,0
19150617,2484,1,1,0,0.444083,169.586,197.031,34.1094,86.3125,1,0,0.5,0.5,0
19154441,2481,1,1,0,0.392337,171,196.875,34.8438,82.75,0,0,0.5,0.5,0
19160362,2488,1,1,0,0.489259,170.766,196.406,34,80.1875,1,0,0.5,0.5,0
19164246,2481,1,1,0,0.558327,171.273,197.359,35.0781,83.2812,1,0,0.5,0.5,0
19170424,2484,1,1,0,0.426799,173.691,196.992,36.7734,84.9844,1,0,0.5,0.5,0
19174516,2483,1,1,0,0.72952,172.305,197.852,36.9844,88.2969,1,0,0.5,0.5,0
19178521,2485,1,1,0,0.62932,172.789,197.305,37.8281,88.1406,0,0,0.5,0.5,0
19184423,2481,1,1,0,0.564099,172.676,197.398,39.4141,86.2969,1,0,0.5,0.5,0
19189171,2481,1,1,0,0.75274,172.562,197.633,41.8125,85.1094,1,0,0.5,0.5,0
19194576,2486,1,1,0,0.377541,174.164,195.891,44.1719,89.0312,1,0,0.5,0.5,0
19198441,2486,1,1,0,0.344222,172.715,198.109,47.1172,86.4688,1,0,0.5,0.5,0
19204920,2486,1,1,0,0.54577,173.477,197.617,50.7656,87.1094,1,0,0.5,0.5,0
19208575,2486,1,1,0,0.653569,174.008,197.25,51.2656,86.5,1,0,0.5,0.5,0
19216018,2482,1,1,0,0.758509,172.742,198.344,54.2656,86.5625,0,0,0.5,0.5,0
19220418,2481,1,1,0,0.621081,170.055,198.477,58.3594,87.7969,1,0,0.5,0.5,0
19226485,2484,1,1,0,0.595493,169.547,199.094,61.4062,89.9375,1,0,0.5,0.5,0
19232130,2484,1,1,0,0.636127,169.242,198.961,57.0156,83.4531,0,1,0.5,0.5,0
19236138,2482,1,1,0,0.489259,169.844,198.938,61.25,89.5,1,0,0.5,0.5,0
19240453,2483,1,1,0,0.624752,169.703,198.953,55.7812,82.5938,1,0,0.5,0.5,0
19244665,2486,1,1,0,0.595022,169.68,198.891,60.8281,87.7812,0,0,0.5,0.5,0
19249971,2483,1,1,0,0.726425,172.289,191.891,64.9844,101.781,1,0,0.5,0.5,0
19254109,2484,1,1,0,0.576065,173.172,195.219,58.9062,89.0625,1,0,0.5,0.5,0
19259402,2483,1,1,0,0.45181,170.609,193.227,65.7812,93.7969,1,0,0.5,0.5,0
19263458,2482,1,1,0,0.834676,169.273,198.625,70.9219,94.125,0,0,0.5,0.5,0
19270843,2484,1,1,0,0.764186,169.906,194.641,71.0625,103.406,0,0,0.5,0.5,0
19274960,2486,1,1,0,0.665411,168.984,195.242,66.4688,89.6406,1,0,0.5,0.5,0
19280864,2484,1,1,0,0.715822,169.047,194.578,68.2188,93.1562,1,0,0.5,0.5,0
19284864,2481,1,1,0,0.725259,169.719,194.094,66.1875,88.4375,0,0,0.5,0.5,0
19290013,2483,1,1,0,0.743542,171.875,193.32,61.25,89.5156,1,0,0.5,0.5,0
19295972,2485,1,1,0,0.522446,173.312,192.5,62.8125,94,1,0,0.5,0.5,0
19300611,2497,1,1,0,0.422028,173.344,193.836,64,89.0781,1,0,0.5,0.5,0
19306195,2489,1,1,0,0.713033,173.711,192.578,60.7031,83.5312,0,0,0.5,0.5,0
19309916,2487,1,1,0,0.407805,172.82,195.219,64.3906,90.6875,1,0,0.5,0.5,0
19315523,2482,1,1,0,0.690977,170.277,193.109,64.6328,90.9688,1,0,0.5,0.5,0
19319853,2484,1,1,0,0.636579,173.016,191.359,57.0938,81.4062,1,0,0.5,0.5,0
19323298,2482,1,1,0,0.46393,170.133,190.859,60.8594,82.2812,0,0,0.5,0.5,0
19329142,2484,1,1,0,0.577972,171.664,192.969,58.4219,86.4375,1,0,0.5,0.5,0
19333237,2485,1,1,0,0.805938,171.656,191.109,63.1875,103.781,1,0,0.5,0.5,0
19337483,2487,1,1,0,0.753103,171.641,195.312,62.6562,91.375,1,0,0.5,0.5,0
19342897,2484,1,1,0,0.661923,171.371,194.578,63.1953,89.7812,0,0,0.5,0.5,0
19346643,2484,1,1,0,0.503906,173.484,192.047,57.0312,85.1562,1,0,0.5,0.5,0
19352513,2484,1,1,0,0.616936,173.008,189.219,58.8594,96.3125,1,0,0.5,0.5,0
19355966,2481,1,1,0,0.71103,173.258,189.984,58.3906,98.1562,1,0,0.5,0.5,0
19359993,2486,1,1,0,0.637482,173.484,195.18,55.8438,87.5156,1,0,0.5,0.5,0
19363232,2481,1,1,0,0.396536,175.062,189.75,57,101.312,1,0,0.5,0.5,0
19369738,2484,1,1,0,0.373189,175.188,189.828,54.875,95.8438,1,0,0.5,0.5,0
19373788,2482,1,1,0,0.695545,174.02,194.859,51.6641,89.8438,1,0,0.5,0.5,0
19380180,2485,1,1,0,0.321033,174.938,194.969,49.7188,83.3125,1,0,0.5,0.5,0
19384791,2487,1,1,0,0.475118,175.758,192.359,49.4219,83.2812,1,0,0.5,0.5,0
19390724,2484,1,1,0,0.394201,185.035,191.195,32.1797,82.8906,3,0,0.5,0.5,0
19394905,2485,1,1,0,0.356896,178.367,191.977,47.2344,80.2969,1,0,0.5,0.5,0
19398285,2485,1,1,0,0.632957,178.406,192.234,44.2188,82.0312,2,0,0.5,0.5,0
19402407,2486,1,1,0,0.5,175.758,191.656,42.1406,78.75,1,0,0.5,0.5,0
19407988,2485,1,1,0,0.575588,172.883,192.297,36.3281,78.3438,1,0,0.5,0.5,0
19411965,2486,1,1,0,0.547706,172.141,192.227,38.2812,79.2031,1,0,0.5,0.5,0
19415328,2483,1,1,0,0.460046,173.992,192.836,36.4844,77.1719,1,0,0.5,0.5,0
19419919,2488,1,1,0,0.305697,172.977,192.172,35.6406,77.9688,1,0,0.5,0.5,0
19424159,2489,1,1,0,0.640635,173.703,192.055,38.7812,78.9844,1,0,0.5,0.5,0
19428129,2483,1,1,0,0.256272,173.352,192.188,37.1094,78.625,1,0,0.5,0.5,0
19433156,2486,1,1,0,0.605332,173.48,191.953,38.9453,90.4062,1,0,0.5,0.5,0
19441397,2486,1,1,0,0.624752,174.07,192.875,35.2969,81,1,0,0.5,0.5,0
19444661,2484,1,1,0,0.443118,173.672,190.344,36.2812,86.5625,1,0,0.5,0.5,0
19450301,2485,1,1,0,0.727588,174.824,185.609,39.2266,97.0938,1,0,0.5,0.5,0
19456746,2486,1,1,0,0.594551,175.195,190.875,37.0781,99,1,0,0.5,0.5,0
19460703,2483,1,1,0,0.571288,176,186.984,40,98.7812,2,0,0.5,0.5,0
19464921,2485,1,1,0,0.433502,166.281,206.109,22.125,57.9688,0,0,0.5,0.5,0
19470235,2481,1,1,0,0.501953,174.496,188.25,36.0078,90.5,1,0,0.5,0.5,0
19474736,2484,1,1,0,0.366589,173.508,188.789,37.0781,90.1719,1,0,0.5,0.5,0
19479882,2483,1,1,0,0.368405,174.422,188.188,36.0312,92.4375,1,0,0.5,0.5,0
19483366,2485,1,1,0,0.577019,168.629,201.812,24.0234,65.625,1,0,0.5,0.5,0
19487284,2486,1,1,0,0.426799,174.219,186.547,35.2188,95.8438,1,0,0.5,0.5,0
19492644,2485,1,1,0,0.507324,169.117,203.688,25.7656,59.1875,0,0,0.5,0.5,0
19496539,2487,1,1,0,0.347759,166.949,203.523,22.0859,61.4219,1,0,0.5,0.5,0
19499884,2487,1,1,0,0.515132,167.314,205.66,24.1914,56.6328,1,0,0.5,0.5,0
19506530,2484,1,1,0,0.518546,168.145,205.281,25.2109,57.75,0,0,0.5,0.5,0
19512832,2483,0,1,0,0.447943,166.891,205.625,22.4219,55.375,0,1,0.5,0.5,0
19516590,2485,0,1,0,0.397003,172.906,186.281,32.0625,94.9375,2,0,0.5,0.5,0
19520586,2485,0,1,0,0.370452,172.594,188.016,33.5,82.0938,0,0,0.5,0.5,0
19524774,2485,0,1,0,0.70538,172.781,186.961,35.0625,84.9219,1,0,0.5,0.5,0
19530387,2484,0,1,0,0.539469,173.477,187.344,33.8594,83.6875,1,0,0.5,0.5,0
19534031,2483,0,1,0,0.621081,173.75,184.062,34.4375,92.5,1,0,0.5,0.5,0
19538512,2486,0,1,0,0.590307,176.406,187.633,34.25,83.6406,1,0,0.5,0.5,0
19543617,2486,0,1,0,0.62932,176.012,186.07,34.3203,88.0156,2,0,0.5,0.5,0
19547390,2487,0,1,0,0.29098,175.688,188.672,31.75,84.8438,1,0,0.5,0.5,0
19553585,2481,0,1,0,0.626125,177.863,188.164,34.0078,85.2031,1,0,0.5,0.5,0
19557411,2487,0,1,0,0.54819,180.211,188.531,31.8281,79.4375,2,0,0.5,0.5,0
19561740,2482,0,1,0,0.335895,180.195,187.891,31.5781,79.1562,2,0,0.5,0.5,0
19565510,2483,0,1,0,0.369542,179.074,187.148,29.0547,81.0781,1,0,0.5,0.5,0
19571623,2484,0,1,0,0.250179,178.738,188.844,26.3047,78.6875,1,0,0.5,0.5,0
19576261,2490,0,1,0,0.595022,183,184.328,35.8125,88.9688,3,0,0.5,0.5,0
19581037,2489,0,1,0,0.365683,183.594,183,34.9375,90.6875,2,0,0.5,0.5,0
19585109,2483,0,1,0,0.461017,184.391,181.883,33.8438,88.1406,2,0,0.5,0.5,0
19589552,2487,0,1,0,0.631595,186.074,181.469,32.8828,88.9375,3,0,0.5,0.5,0
19595329,2488,0,1,0,0.715822,186.773,181.367,33.0156,89.7344,2,0,0.5,0.5,0
19601651,2479,0,1,0,0.339608,186.703,181.711,33.9062,88.5781,3,0,0.5,0.5,0
19605443,2485,0,1,0,0.288168,185.668,183.406,28.3828,66.875,3,0,0.5,0.5,0
19615004,2481,0,1,0,0.699254,188.328,183.453,32.8438,81.2812,2,0,0.5,0.5,0
19618543,2481,0,1,1,0.355776,193.029,145.402,10.918,13.8828,4,0,0.5,0.5,0
19622553,2486,0,1,1,0.551574,194.42,144.924,10.043,13.0273,4,0,0.5,0.5,0
19627759,2483,0,1,1,0.433981,194.854,146.316,10.5273,14.0859,3,-1,0.5,0.5,0
19631372,2485,0,1,1,0.306942,195.553,146.25,9.86328,13.6875,4,0,0.5,0.5,0
19637818,2484,0,1,1,0.259449,195.932,146.414,9.56641,13.0781,4,0,0.5,0.5,0
19642029,2483,0,1,1,0.692642,196.424,147.127,9.69922,13.3789,5,0,0.5,0.5,0
19647601,2483,0,1,1,0.611382,197.975,148.631,9.37109,12.4492,4,0,0.5,0.5,0
19651631,2485,0,1,1,0.754191,198.311,148.32,8.95703,11.2578,5,0,0.5,0.5,0
19657498,2482,0,1,1,0.77865,198.201,148.418,8.74609,11.5703,5,0,0.5,0.5,0
19661181,2480,0,1,1,0.769771,198.182,149.014,9.10547,11.8086,5,0,0.5,0.5,0
19667372,2478,0,1,1,0.606731,199.434,149.184,8.00781,11.3906,5,0,0.5,0.5,0
19671408,2486,0,1,0,0.252384,197.459,178.234,21.7305,58.2812,7,0,0.5,0.5,0
19675795,2487,0,1,0,0.357344,197.641,178.133,21.75,63.9844,5,0,0.5,0.5,0
19681079,2486,0,1,0,0.355328,198.043,180.828,21.3359,60.7812,6,0,0.5,0.5,0
19684603,2485,0,1,0,0.254601,196.525,180.641,22.0508,58.1562,7,0,0.5,0.5,0
19688348,2484,0,1,0,0.309649,192.172,183.766,35.8125,60.9688,6,0,0.5,0.5,0
19694831,2481,0,1,1,0.326809,192.023,158.654,6.71875,7.62891,5,0,0.5,0.5,0
19698828,2485,0,1,0,0.336767,192.227,183.453,33.6719,58.7812,7,0,0.5,0.5,0
19704316,2485,0,1,0,0.315313,192.617,181.922,32.6406,57.4688,7,0,0.5,0.5,0
19710811,2485,0,1,0,0.329824,192.625,182.102,31.0625,58.2031,6,0,0.5,0.5,0
19714746,2486,0,1,0,0.312369,192.879,182.297,29.4297,55.6562,8,0,0.5,0.5,0
19718733,2486,0,1,0,0.282196,193.188,179.844,34.9375,59.3125,8,0,0.5,0.5,0
19724265,2483,0,1,0,0.279829,199.758,175.312,22.4531,60.75,8,0,0.5,0.5,0
19728849,2485,0,1,0,0.301157,200.605,176.031,22.0859,61.5,9,0,0.5,0.5,0
19733815,2483,0,1,0,0.269325,197.625,182.844,31.375,56.4375,10,0,0.5,0.5,0
19739746,2483,0,1,0,0.515132,199.094,183.703,33.5938,65.2812,9,0,0.5,0.5,0
19748289,2484,0,1,0,0.303216,198.531,181.234,31.25,70.3438,9,0,0.5,0.5,0
19754617,2486,0,1,0,0.439266,199.008,181.734,33.8906,66.7812,11,0,0.5,0.5,0
19758311,2485,0,1,0,0.566978,198.672,180.922,37.9062,68.7188,11,0,0.5,0.5,0
19762207,2484,0,1,0,0.315946,203.148,180.648,28.0156,67.6719,11,0,0.5,0.5,0
19767185,2487,0,1,0,0.372961,202.77,182.031,24.8828,57,12,0,0.5,0.5,0
19772021,2485,0,1,0,0.290779,202.836,180.984,30.3906,68.8438,11,0,0.5,0.5,0
19775692,2480,0,1,0,0.369769,202.947,179.625,26.5195,62.0625,11,0,0.5,0.5,0
19779524,2479,0,1,0,0.279829,203.461,179.906,23.7812,51,12,0,0.5,0.5,0
19783624,2486,0,1,0,0.262841,203.812,179.578,22.375,49.7812,11,0,0.5,0.5,0
19788667,2484,0,1,0,0.525856,204.684,179.625,26.0703,60.125,12,0,0.5,0.5,0
19792908,2484,0,1,0,0.622918,206.07,182.328,25.3906,58.2188,11,0,0.5,0.5,0
19797512,2484,0,1,0,0.559771,206.207,182.531,23.7734,55.4375,11,0,0.5,0.5,0
19803500,2486,0,1,0,0.282592,206.828,182.07,24.7656,57.5781,12,0,0.5,0.5,0
19806518,2485,0,1,0,0.362518,207.75,182.406,25.125,56.0625,11,0,0.5,0.5,0
19810620,2484,0,1,0,0.509276,207.855,183.156,25.4922,64.375,11,0,0.5,0.5,0
19816816,2483,0,1,0,0.557845,208.203,183.453,24.2969,59.7812,12,0,0.5,0.5,0
19821042,2486,0,1,0,0.532668,208.391,183.352,25.1562,56.8281,11,0,0.5,0.5,0
19826587,2485,0,1,0,0.398406,208.672,183.422,24.2812,55.7188,12,0,0.5,0.5,0
19830838,2486,0,1,0,0.403567,208.875,183.672,25.0625,54.5938,11,0,0.5,0.5,0
19835435,2484,0,1,0,0.54819,209.285,183.602,23.6641,58.3906,11,0,0.5,0.5,0
19840613,2487,0,1,0,0.368405,210.43,184.43,26.3906,57.4531,12,0,0.5,0.5,0
19844390,2486,0,1,0,0.470737,210.805,185.719,24.4844,59.5,11,0,0.5,0.5,0
19851114,2486,0,1,0,0.459561,211.156,186.773,23.8125,57.2656,11,0,0.5,0.5,0
19857338,2489,0,1,0,0.601594,210.918,186.406,26.4297,59.4375,12,0,0.5,0.5,0
19863581,2485,0,1,0,0.29747,211.977,185.469,26.9219,59.8125,11,0,0.5,0.5,0
19867467,2483,0,1,0,0.591723,211.875,186.375,24.8438,58.0625,11,0,0.5,0.5,0
19871559,2487,0,1,0,0.617397,212.09,185.617,23.9922,56.9844,12,0,0.5,0.5,0
19876877,2483,0,1,0,0.586049,212.637,185.578,26.5859,58.1562,11,0,0.5,0.5,0
19881175,2487,0,1,0,0.586523,212.727,186.234,26.7969,59.5312,12,0,0.5,0.5,0
19886407,2486,0,1,0,0.409693,214.41,185.727,24.5859,55.2656,11,0,0.5,0.5,0
19890496,2482,0,1,0,0.57081,214.59,185.953,25.2266,53.0312,11,0,0.5,0.5,0
19896102,2484,0,1,0,0.547706,213.564,185.117,28.5039,53.1719,12,0,0.5,0.5,0
19899693,2486,0,1,0,0.550124,213.223,184.953,26.4453,52.4062,11,0,0.5,0.5,0
19903888,2483,0,1,0,0.327239,213.039,185.312,25.4531,56.625,11,0,0.5,0.5,0
19909856,2486,0,1,0,0.372048,214.223,185.258,25.0859,53.8906,12,0,0.5,0.5,0
19914012,2481,0,1,0,0.481941,214.746,185.688,24.9453,54.6875,11,0,0.5,0.5,0
19917495,2482,0,1,0,0.47317,216.633,184.094,26.8281,58.0625,11,0,0.5,0.5,0
19923325,2484,0,1,0,0.704974,217.758,186.859,25.25,54.125,12,0,0.5,0.5,0
19927435,2482,0,1,0,0.672761,217.609,186.969,26.4688,56.1875,11,0,0.5,0.5,0
19933260,2479,0,1,0,0.334155,218.176,188.395,21.7734,47.7266,12,0,0.5,0.5,0
19937011,2479,0,1,0,0.273575,216.967,190.605,21.7461,44.5234,11,0,0.5,0.5,0
19941446,2483,0,1,0,0.361165,218.477,184.949,24.4062,53.8359,11,0,0.5,0.5,0
19947086,2486,0,1,0,0.308815,220.785,185.039,27.2734,55.0781,12,0,0.5,0.5,0
19950371,2481,0,1,0,0.570331,224.012,177.383,31.5391,78.3906,11,0,0.5,0.5,0
19956494,2484,0,1,0,0.562657,223.148,177.273,30.5469,76.7656,11,0,0.5,0.5,0
19963317,2489,0,1,0,0.315313,222.932,185.863,26.1133,49.9141,12,0,0.5,0.5,0
19967497,2481,0,1,0,0.30632,225.32,177.156,30.9844,78,11,0,0.5,0.5,0
19973282,2470,0,0,-1,0,0,0,0,0,0,0,0,0,0
19977334,2492,0,1,0,0.416322,226.672,175.703,30.4375,74.2812,11,0,0.5,0.5,0
19981343,2485,0,1,0,0.457137,228.617,174.719,29.1719,72.6875,11,0,0.5,0.5,0
19986587,2484,0,1,0,0.492188,228.777,174.703,28.4141,73.7188,12,0,0.5,0.5,0
19990767,2484,0,1,0,0.739047,228.926,174.469,28.5078,71.3125,11,0,0.5,0.5,0
19996481,2482,0,1,0,0.25386,229.836,173.891,27.5781,71.9688,11,0,0.5,0.5,0
20000510,2480,0,1,0,0.588889,229.531,174.25,28.4375,72.125,12,0,0.5,0.5,0
20004377,2485,0,1,0,0.602529,229.166,174.078,28.7695,70.6562,11,0,0.5,0.5,0
20008512,2488,0,1,0,0.490236,228.984,176.719,27.4688,68.25,11,0,0.5,0.5,0
20014052,2484,0,1,0,0.47658,226.9,186.203,26.2617,52.9688,12,0,0.5,0.5,0
20017979,2484,0,1,0,0.398875,227.418,188.172,27.3984,50.9688,11,0,0.5,0.5,0
20022070,2487,0,1,0,0.346431,227.791,188.406,25.418,53,11,0,0.5,0.5,0
20027704,2483,0,1,0,0.268175,229.699,188.652,21.6641,49.2422,12,0,0.5,0.5,0
20032111,2486,0,1,0,0.449876,228.852,188.477,24.2031,49.2656,11,0,0.5,0.5,0
20037474,2483,0,1,0,0.358017,228.883,187.734,22.1406,49.5312,11,0,0.5,0.5,0
20041415,2485,0,1,0,0.550124,225.312,190.18,27.625,49.6406,12,0,0.5,0.5,0
20046997,2484,0,1,0,0.36795,224.145,188.707,28.9766,52.4766,11,0,0.5,0.5,0
20050808,2481,0,1,0,0.262273,225.961,183.578,26.3281,58.5312,11,0,0.5,0.5,0
20057040,2467,0,0,-1,0,0,0,0,0,0,0,0,0,0
20061305,2480,0,1,0,0.258886,221.781,183.727,33.0625,64.7344,11,0,0.5,0.5,0
20066815,2471,0,0,-1,0,0,0,0,0,0,0,0,0,0
20070602,2468,0,0,-1,0,0,0,0,0,0,0,0,0,0
20074767,2466,0,0,-1,0,0,0,0,0,0,0,0,0,0
20079882,2467,0,0,-1,0,0,0,0,0,0,0,0,0,0
20084506,2478,0,0,-1,0,0,0,0,0,0,0,0,0,0
20088403,2479,0,1,0,0.296654,219.914,170.984,25.2656,39.3438,10,0,0.5,0.5,0
20094484,2484,0,1,0,0.289974,220.504,181.945,29.4297,54.7344,6,0,0.5,0.5,0
20098737,2469,0,0,-1,0,0,0,0,0,0,0,0,0,0
20104330,2465,0,0,-1,0,0,0,0,0,0,0,0,0,0
20109987,2484,0,1,0,0.417271,219.844,176.734,26.0625,45.8438,8,0,0.5,0.5,0
20114850,2481,0,1,0,0.286967,219.984,176.453,27.6562,47.4062,7,0,0.5,0.5,0
20121139,2485,0,1,0,0.259824,218.707,176.844,24.4141,50.375,4,0,0.5,0.5,0
20125584,2476,0,1,0,0.296654,218.99,175.453,25.2305,56.2188,4,0,0.5,0.5,0
20131301,2487,0,1,0,0.321673,217.883,174.93,26.6094,53.0469,5,0,0.5,0.5,0
20136422,2484,0,1,0,0.271252,217.125,174.531,22.8281,42.1875,7,0,0.5,0.5,0
20143042,2487,0,1,0,0.302392,216.32,171.922,25.125,45.4688,5,0,0.5,0.5,0
20148113,2472,0,0,-1,0,0,0,0,0,0,0,0,0,0
20151798,2490,0,1,0,0.257017,216.363,172.023,23.2891,43.2031,8,0,0.5,0.5,0
20159311,2482,0,1,0,0.300951,216.973,174.312,21.4609,47.3125,7,0,0.5,0.5,0
20165224,2486,0,1,0,0.341143,214.375,173.672,22.0938,43.9062,6,0,0.5,0.5,0
20169114,2480,0,1,0,0.342461,213.328,169.836,19.5,40.8281,6,0,0.5,0.5,0
20172972,2483,0,1,0,0.279239,214.477,169.391,17.4844,29.7188,7,0,0.5,0.5,0
20180200,2481,0,1,0,0.280616,204.117,174.078,15.7656,35.9375,5,0,0.5,0.5,0
20184864,2484,0,1,0,0.32338,206.426,179.781,32.3516,57.5625,6,0,0.5,0.5,0
20192372,2481,0,1,0,0.251647,207.82,176.828,26.3594,52.6562,7,0,0.5,0.5,0
20196452,2471,0,0,-1,0,0,0,0,0,0,0,0,0,0
20200766,2484,0,1,0,0.258699,209.684,168.961,17.2734,34.4531,9,0,0.5,0.5,0
20204802,2487,0,1,0,0.336549,202.641,182.633,31.8438,57.5781,8,0,0.5,0.5,0
20208243,2485,0,1,0,0.278649,202.977,182.469,30.7656,58.6875,6,0,0.5,0.5,0
20213021,2485,0,1,0,0.334372,203.277,181.492,32.3203,60.7969,6,0,0.5,0.5,0
20218306,2481,0,1,0,0.294823,199.816,180.859,25.8516,54.5938,8,0,0.5,0.5,0
20222652,2471,0,0,-1,0,0,0,0,0,0,0,0,0,0
20227859,2486,0,1,0,0.251647,200.512,173.5,24.3984,42.6875,8,0,0.5,0.5,0
20233117,2486,0,1,0,0.342461,201.703,176.094,24.9219,45.1875,9,0,0.5,0.5,0
20237475,2483,0,1,0,0.37479,198.941,176.828,27.8203,46.9688,7,0,0.5,0.5,0
20242604,2482,0,1,0,0.264738,198.094,180.156,33.5625,65.9375,6,0,0.5,0.5,0
20249632,2485,0,1,0,0.310694,196.941,180.945,30.5078,60.3281,8,0,0.5,0.5,0
20255714,2481,0,1,0,0.427277,195.828,180.367,30.4062,61.2969,7,0,0.5,0.5,0
20260418,2482,0,1,0,0.466359,195.047,180.125,28.0312,61.8125,8,0,0.5,0.5,0
20265656,2483,0,1,0,0.497559,194.768,176.922,26.2461,55.9062,8,0,0.5,0.5,0
20270325,2484,0,1,0,0.373875,193.77,176.438,27.0859,55.3125,8,0,0.5,0.5,0
20275663,2483,0,1,0,0.641085,193.258,176.203,27.8906,58.2812,9,0,0.5,0.5,0
20279751,2484,0,1,0,0.443118,193.32,176.328,29.1719,63.0312,9,0,0.5,0.5,0
20286029,2487,0,1,0,0.445047,193.039,177.422,26.5781,58.5312,8,0,0.5,0.5,0
20291815,2490,0,1,0,0.586523,191.102,177.602,26.2031,66.5156,10,0,0.5,0.5,0
20295497,2483,1,1,0,0.498047,191.062,177.75,28,63.25,10,0,0.5,0.5,0
20301647,2480,1,1,0,0.565539,190.52,177.938,27.6016,63.4375,9,0,0.5,0.5,0
20305449,2486,1,1,0,0.282196,192.914,178.328,32.6094,67.9062,12,0,0.5,0.5,0
20308707,2484,1,1,0,0.281208,178.484,177.578,28.375,65.5938,8,0,0.5,0.5,0
20315197,2487,1,1,0,0.292797,165.781,179.102,25.6406,61.7656,0,0,0.5,0.5,0
20319228,2486,1,1,0,0.473657,139.789,179.156,25.1719,58.9375,-2,0,0.5,0.5,0
20324949,2485,1,1,0,0.482429,139.875,177.922,25.8438,59.7812,5,0,0.5,0.5,0
20328570,2480,1,1,0,0.495606,139.781,178.75,26.4688,52.5,4,0,0.5,0.5,0
20332658,2483,1,1,0,0.513181,141.441,177.766,27.4922,58.4062,0,0,0.5,0.5,0
20338005,2484,1,1,0,0.384912,135.594,178.102,28.0625,60.5156,-2,0,0.5,0.5,0
20341646,2486,1,1,0,0.602529,129.93,177.773,26.6406,66.1719,0,0,0.5,0.5,0
20345393,2481,1,1,0,0.729134,128.969,177.141,27.4375,61.3438,-1,0,0.5,0.5,0
20348844,2480,1,1,0,0.617858,129.039,177.734,28.9219,66.9062,-1,0,0.5,0.5,0
20355423,2482,1,1,0,0.680454,129.113,176.812,26.1797,68.1875,-3,0,0.5,0.5,0
20361993,2483,1,1,0,0.722918,129.867,177.406,26.5469,67.375,-1,0,0.5,0.5,0
20365634,2485,1,1,0,0.685108,129.922,177.258,25.6562,67.6406,-2,0,0.5,0.5,0
20369738,2484,1,1,0,0.446012,132.871,177.453,26.3984,67.3438,-2,0,0.5,0.5,0
20375710,2482,1,1,0,0.495606,132.098,178.312,26.7578,64.875,-2,0,0.5,0.5,0
20381598,2484,1,1,0,0.376853,134.992,181.016,28.2344,65.7188,-1,0,0.5,0.5,0
20385678,2482,1,1,0,0.761004,136.668,181.391,25.6797,65.5938,-2,0,0.5,0.5,0
20389243,2486,1,1,0,0.382603,134.816,182.516,26.6484,62.2812,-2,0,0.5,0.5,0
20395218,2488,1,1,0,0.707405,136.645,179.961,26.8516,66.6719,-1,0,0.5,0.5,0
20398937,2486,1,1,0,0.42919,136.758,180.453,27.7344,58.7812,-2,0,0.5,0.5,0
20405260,2479,1,1,0,0.584153,139.742,183.156,29.2969,66.6875,-1,0,0.5,0.5,0
20410309,2482,1,1,0,0.843124,139.133,183.555,29.7969,65.2031,-2,0,0.5,0.5,0
20416135,2484,1,1,0,0.52683,140.133,183.703,29.3906,68.9688,-1,0,0.5,0.5,0
20419931,2485,1,1,0,0.561696,140.926,184.172,28.7891,67.8438,-1,0,0.5,0.5,0
20425903,2485,1,1,0,0.264358,142.42,184.344,26.9648,67.5,-2,0,0.5,0.5,0
20429564,2485,1,1,0,0.757793,143.266,184.758,26.3438,69.1719,-1,0,0.5,0.5,0
20434550,2486,1,1,0,0.253121,143.363,184.906,28.6641,72.375,-1,0,0.5,0.5,0
20440065,2484,1,1,0,0.636579,144.117,186.5,28.4844,73.0625,-1,0,0.5,0.5,0
20443489,2482,1,1,0,0.554471,143.812,186.906,29.8125,71.375,-1,0,0.5,0.5,0
20449580,2484,1,1,0,0.423458,144.699,186.734,29.1953,76.1562,-2,0,0.5,0.5,0
20453616,2486,1,1,0,0.575588,146.586,185.969,28.9219,77.5625,0,0,0.5,0.5,0
20457498,2485,1,1,0,0.576065,145.961,187.242,28.8594,74.8906,-1,0,0.5,0.5,0
20463340,2488,1,1,0,0.263219,146.641,184.422,31.5312,83.1562,-1,0,0.5,0.5,0
20467806,2486,1,1,0,0.488771,146.41,183.797,31.1484,86.8438,-2,0,0.5,0.5,0
20473437,2485,1,1,0,0.701713,146.062,182.805,33.3438,86.8594,0,0,0.5,0.5,0
20478122,2486,1,1,0,0.727201,146.531,182.82,34.25,86.6094,-1,0,0.5,0.5,0
20481522,2486,1,1,0,0.582729,147.574,183.219,33.1328,88.5625,-1,0,0.5,0.5,0
20486716,2485,1,1,0,0.607197,147.41,183.32,34.2422,93.1094,-1,0,0.5,0.5,0
20491354,2496,1,1,0,0.326594,146.688,185.266,33.375,90.7188,-1,0,0.5,0.5,0
20496807,2487,1,1,0,0.719778,146.359,185.344,33.9062,90.125,-1,0,0.5,0.5,0
20501225,2483,1,1,0,0.277865,145.832,191.484,31.2891,82.9688,-1,0,0.5,0.5,0
20506382,2485,1,1,0,0.510253,146.883,186.414,35.0156,91.0781,-1,0,0.5,0.5,0
20512373,2486,1,1,0,0.438785,146.645,193.711,32.8984,84.0781,-1,0,0.5,0.5,0
20516311,2485,1,1,0,0.509276,146.527,192.305,34.7891,82.6094,-1,0,0.5,0.5,0
20522115,2482,1,1,0,0.49707,147.504,193.484,32.9922,86.7812,-1,0,0.5,0.5,0
20526539,2481,1,1,0,0.473657,146.336,193.375,33.2344,85,-1,0,0.5,0.5,0
20530178,2485,1,1,0,0.491212,146.656,193.234,35,82.9688,-1,0,0.5,0.5,0
20534420,2479,1,1,0,0.479991,145.902,191.953,35.0078,82.2188,-1,0,0.5,0.5,0
20540108,2486,1,1,0,0.532182,148.25,194.781,35.1875,88.3125,0,0,0.5,0.5,0
20543931,2487,1,1,0,0.569374,147.723,193.227,33.7891,80.0781,-2,0,0.5,0.5,0
20549451,2485,1,1,0,0.337858,147.855,192.195,34.0703,81.8906,0,0,0.5,0.5,0
20553565,2484,1,1,0,0.564579,148.227,192.898,38.5469,80.5781,-1,0,0.5,0.5,0
20557684,2486,1,1,0,0.251647,148.336,191.328,39.2344,82.0312,-1,0,0.5,0.5,0
20565100,2486,1,1,0,0.481454,147.633,191,38.2969,82.75,-1,0,0.5,0.5,0
20569507,2485,1,1,0,0.304249,147.719,192.594,39.8125,91.9375,-1,0,0.5,0.5,0
20575343,2481,1,1,0,0.659296,147.586,194.703,43.0156,89.3438,0,0,0.5,0.5,0
20580384,2483,1,1,0,0.727588,147.289,195.672,43.1719,89.1562,-1,0,0.5,0.5,0
20586363,2483,1,1,0,0.693473,146.738,196,43.0859,87.6875,-1,0,0.5,0.5,0
20591115,2481,1,1,0,0.607197,145.711,196.781,44.2656,87.0625,-1,0,0.5,0.5,0
20596547,2481,1,1,0,0.515132,145.375,196.828,46.6875,87.2812,-1,0,0.5,0.5,0
20600824,2485,1,1,0,0.346431,145.145,196.836,44.8828,82.5469,-1,0,0.5,0.5,0
20607102,2483,1,1,0,0.280814,146.211,196.258,44.0469,81.2656,-1,0,0.5,0.5,0
20611152,2483,1,1,0,0.418221,145.238,195.312,45.3359,74.625,-1,0,0.5,0.5,0
20616830,2486,1,1,0,0.45181,157.625,195.328,23.3125,70.1562,0,0,0.5,0.5,0
20621340,2486,1,1,0,0.27513,157.961,196.703,24.2031,66.0938,0,0,0.5,0.5,0
20625299,2472,1,0,-1,0,0,0,0,0,0,0,0,0,0
20630527,2485,1,1,0,0.415373,145.766,196.047,54.7188,82.8438,-1,0,0.5,0.5,0
20635471,2483,1,1,0,0.332202,143.93,195.625,56.0156,79.0625,-1,0,0.5,0.5,0
20641766,2485,1,1,0,0.282592,143.273,191.789,55.4531,79.3906,-2,0,0.5,0.5,0
20647132,2481,1,1,0,0.647352,143.645,191.172,57.5859,82.9688,-1,0,0.5,0.5,0
20651969,2483,1,1,0,0.524395,143.422,191.359,58.4062,80.9062,-1,0,0.5,0.5,0
20655224,2480,1,1,0,0.399812,144.992,194.023,64.1094,82.9531,-1,0,0.5,0.5,0
20660954,2486,1,1,0,0.2602,145.391,193.906,63.4062,82.9375,-1,0,0.5,0.5,0
20666851,2478,1,1,0,0.605332,146.648,193.898,65.4844,83.5781,-1,0,0.5,0.5,0
20670228,2481,1,1,0,0.658418,147.125,193.859,64.625,83.2812,-1,0,0.5,0.5,0
20674277,2480,1,1,0,0.344222,146.477,191.898,65.4219,86.0469,-1,0,0.5,0.5,0
20680046,2484,1,1,0,0.280419,147.516,189.172,64.8438,90.7188,-1,0,0.5,0.5,0
20683805,2481,1,1,0,0.267792,148.023,191.609,65.2656,84.5312,0,0,0.5,0.5,0
20687201,2477,1,1,0,0.681303,150.195,189.312,66.4844,90.125,-1,0,0.5,0.5,0
20693172,2481,1,1,0,0.419648,151.656,190.281,68.9375,91.6875,-1,0,0.5,0.5,0
20697282,2484,1,1,0,0.803174,151.164,191.422,72.9219,91.1562,0,0,0.5,0.5,0
20703632,2481,1,1,0,0.807461,150.219,187.922,72.0625,96.9062,-1,0,0.5,0.5,0
20707393,2482,1,1,0,0.486819,148.844,189.297,71.1875,97.5312,-1,0,0.5,0.5,0
20713988,2480,1,1,0,0.735642,149.391,188.531,80.7188,99.5625,0,0,0.5,0.5,0
20717952,2482,1,1,0,0.736402,150.703,188.555,79.0312,99.1094,-1,0,0.5,0.5,0
20723258,2482,1,1,0,0.580352,151.328,188.031,75.0312,99.6875,0,0,0.5,0.5,0
20727542,2483,1,1,0,0.873434,151.359,188.25,76.2188,100.75,-1,0,0.5,0.5,0
20731528,2484,1,1,0,0.872132,151,188.766,77.75,101.531,0,0,0.5,0.5,0
20736745,2485,1,1,0,0.817283,150.75,188.953,81.125,101.969,-1,0,0.5,0.5,0
20740929,2482,1,1,0,0.781331,150.797,188.734,77.0938,100.969,-1,0,0.5,0.5,0
20746945,2486,1,1,0,0.845179,149.57,189.031,78.1094,102.062,0,0,0.5,0.5,0
20750907,2487,1,1,0,0.79053,150.109,189.367,76.8438,102.484,-1,0,0.5,0.5,0
20754740,2482,1,1,0,0.833595,153.438,189.969,70.25,101.188,0,0,0.5,0.5,0
20758314,2487,1,1,0,0.847212,153.336,189.406,70.0781,101.875,0,0,0.5,0.5,0
20764432,2483,1,1,0,0.881005,153.297,189.359,69.7188,102.406,-1,0,0.5,0.5,0
20767709,2483,1,1,0,0.779322,152.258,189.156,72.1094,101.062,0,0,0.5,0.5,0
20771867,2487,1,1,0,0.84569,151.938,188.922,70.9375,101.094,-1,0,0.5,0.5,0
20777791,2484,1,1,0,0.873001,151.953,188.938,66.6562,99.875,0,0,0.5,0.5,0
20781534,2484,1,1,0,0.823043,151.977,188.656,69.0469,101.438,0,0,0.5,0.5,0
20785283,2478,1,1,0,0.828105,151.891,189.031,68.0312,100.812,-1,0,0.5,0.5,0
20790193,2487,1,1,0,0.834676,150.938,188.547,66.25,100.844,0,0,0.5,0.5,0
20794322,2484,1,1,0,0.814644,150.625,188.797,67.625,100.906,-1,0,0.5,0.5,0
20801423,2491,1,1,0,0.73412,149.344,188.594,66.6875,100.125,0,0,0.5,0.5,0
20806159,2484,1,1,0,0.85657,148.281,188.359,65.1875,100.031,-1,0,0.5,0.5,0
20809823,2478,1,1,0,0.878524,148.078,188.547,63.3438,99.0312,-1,0,0.5,0.5,0
20815568,2480,1,1,0,0.76524,146.953,188.766,63.7188,99.3438,0,0,0.5,0.5,0
20819334,2482,1,1,0,0.811378,147.078,188.898,59.1562,98.4531,-1,0,0.5,0.5,0
20825681,2483,1,1,0,0.78695,147.047,188.859,61.9688,99.0312,-1,0,0.5,0.5,0
20832276,2484,1,1,0,0.767339,146.422,189.094,61.1562,99.4375,-1,-1,0.5,0.5,0
20835997,2482,1,1,0,0.786295,145.922,189.328,59.5938,97.2188,-1,0,0.5,0.5,0
20839422,2480,1,1,0,0.834136,145.812,191.875,55.5,91.25,-1,0,0.5,0.5,0
20845701,2487,1,1,0,0.831963,144.023,192.359,56.8906,91.5312,-1,0,0.5,0.5,0
20849942,2484,1,1,0,0.823611,144.531,190.812,55.5,99.5,-1,0,0.5,0.5,0
20856570,2488,1,1,0,0.817868,142.852,194.711,52.5469,90.0781,-1,0,0.5,0.5,0
20860661,2483,1,1,0,0.825869,142.238,194.25,49.4766,90.5,-2,0,0.5,0.5,0
20866395,2486,1,1,0,0.823611,141.883,194.438,47.7344,90.25,-1,0,0.5,0.5,0
20870051,2487,1,1,0,0.808975,143.742,190.656,46.1406,98.4375,-1,0,0.5,0.5,0
20876484,2485,1,1,0,0.796609,142.156,195.828,45.9062,86.5938,-1,0,0.5,0.5,0
20880888,2485,1,1,0,0.692642,143.121,191.164,43.6172,95.5781,-2,0,0.5,0.5,0
20886138,2485,1,1,0,0.731441,141.703,196.188,44,86,-1,0,0.5,0.5,0
20890088,2484,1,1,0,0.692226,142.473,192.602,42.9453,94.3281,-2,0,0.5,0.5,0
20895808,2486,1,1,0,0.54819,141.199,191.57,42.6484,95.2656,-1,0,0.5,0.5,0
20899456,2482,1,1,0,0.647352,143.023,196.016,38.4219,86.2812,-1,0,0.5,0.5,0
20903978,2484,1,1,0,0.817868,142.402,195.031,40.7422,86.5625,-2,0,0.5,0.5,0
20907605,2482,1,1,0,0.831416,141.172,190.25,40.4062,95.5625,-2,0,0.5,0.5,0
20913458,2485,1,1,0,0.727975,142.508,195.102,39.9531,86.7031,-1,0,0.5,0.5,0
20919864,2484,1,1,0,0.643776,145.93,195.172,37.0781,88.5938,-1,0,0.5,0.5,0
20923685,2486,1,1,0,0.831963,147.043,189.953,35.2422,100.156,-1,0,0.5,0.5,0
20927629,2485,1,1,0,0.62521,146.25,189.5,36.7188,100.75,-1,0,0.5,0.5,0
20933998,2485,1,1,0,0.792464,146.23,189.906,37.6016,99.5625,-1,0,0.5,0.5,0
20938011,2490,1,1,0,0.589362,149.602,190.953,32.7969,97.5938,-1,0,0.5,0.5,0
20941949,2486,1,1,0,0.833052,148.5,190.172,35.9688,100.281,-1,0,0.5,0.5,0
20947874,2488,1,1,0,0.761713,148.574,193.906,36.4141,91.5625,0,0,0.5,0.5,0
20952055,2481,1,1,0,0.771842,150.355,189.945,34.6484,99.3906,-1,0,0.5,0.5,0
20955972,2485,1,1,0,0.750553,150.262,189.703,35.1797,99.6562,-1,0,0.5,0.5,0
20962241,2485,1,1,0,0.73412,150.07,189.555,35.8281,101.266,-1,0,0.5,0.5,0
20965567,2482,1,1,0,0.744286,149.914,189.547,36.6094,101.406,0,0,0.5,0.5,0
20970932,2486,1,1,0,0.803483,149.844,189.555,36.125,100.359,-1,0,0.5,0.5,0
20977178,2484,1,1,0,0.806853,150.922,189.523,35.875,100.547,-1,0,0.5,0.5,0
20981266,2485,1,1,0,0.79053,150.848,189.469,38.6172,101.5,0,0,0.5,0.5,0
20985205,2485,1,1,0,0.606265,150.148,189.797,36.7656,101.406,-1,0,0.5,0.5,0
20989650,2483,1,1,0,0.834136,150.039,189.688,39.7656,101.625,0,0,0.5,0.5,0
20993712,2485,1,1,0,0.614163,150.242,190,36.8281,98.4375,-1,0,0.5,0.5,0
20997537,2483,1,1,0,0.766291,149.961,189.578,38.9531,101.094,-1,0,0.5,0.5,0
21001962,2485,1,1,0,0.679604,147.371,191.047,40.1953,99.6562,-1,0,0.5,0.5,0
21007468,2484,1,1,0,0.611382,148.805,190.125,42.0781,102.25,0,0,0.5,0.5,0
21011543,2486,1,1,0,0.583678,146.875,189.648,35.9375,101.828,-1,0,0.5,0.5,0
21015404,2486,1,1,0,0.718594,147.574,189.281,38.1953,100.438,-1,0,0.5,0.5,0
21021374,2485,1,1,0,0.768036,146.898,189.148,36.8281,100.203,-1,0,0.5,0.5,0
21025618,2484,1,1,0,0.661049,146.715,189.414,37.3359,101.297,-1,0,0.5,0.5,0
21030950,2483,1,1,0,0.74614,147.391,189.25,36.3438,99.5,0,0,0.5,0.5,0
21035596,2485,1,1,0,0.817868,147.57,189.344,35.7656,99.4375,-1,0,0.5,0.5,0
21041999,2484,1,1,0,0.547706,146.828,189.117,37.1562,100.516,-1,0,0.5,0.5,0
21045650,2482,1,1,0,0.551574,145.57,192.898,34.7656,91.7031,-1,0,0.5,0.5,0
21051941,2486,1,1,0,0.637482,145.383,194.312,35.7656,86.375,-1,0,0.5,0.5,0
21055597,2484,1,1,0,0.67147,145.855,196.344,34.9609,85.6875,-1,0,0.5,0.5,0
21059603,2484,1,1,0,0.612773,146.273,196.312,33.7656,86.5,-1,0,0.5,0.5,0
21065156,2488,1,1,0,0.632504,145.535,196.922,35.4922,87.1562,-1,0,0.5,0.5,0
21070635,2482,1,1,0,0.687631,145.762,197.109,35.3203,86.0938,-1,0,0.5,0.5,0
21074395,2485,1,1,0,0.583203,146.145,197.68,35.0859,84.6094,-1,0,0.5,0.5,0
21078312,2481,1,1,0,0.671039,145.738,195.578,35.4609,81.3438,-1,0,0.5,0.5,0
21082379,2483,1,1,0,0.293405,145.285,195.484,36.5703,82.4062,-2,0,0.5,0.5,0
21087578,2483,1,1,0,0.363873,145.445,194.656,32.2031,79.6875,0,0,0.5,0.5,0
21091421,2483,1,1,0,0.695131,147.199,196.195,34.4766,84.1406,-1,0,0.5,0.5,0
21095685,2484,1,1,0,0.434941,146.422,198.016,34.1875,86.9688,-1,0,0.5,0.5,0
21100988,2482,1,1,0,0.632504,147.172,197.047,34.0312,86.3438,-2,0,0.5,0.5,0
21104790,2482,1,1,0,0.607663,147.195,196.828,34.2969,85.5938,0,0,0.5,0.5,0
21108410,2481,1,1,0,0.307982,148.781,196.305,35.0625,83.5156,-1,0,0.5,0.5,0
21112165,2481,1,1,0,0.701304,146.184,198.016,35.3359,85.4688,-1,0,0.5,0.5,0
21117937,2479,1,1,0,0.327669,147.758,198.141,34.3281,83.7188,-1,0,0.5,0.5,0
21122223,2477,1,1,0,0.522933,147.945,197.734,36.8281,85.4688,-1,0,0.5,0.5,0
21126200,2479,1,1,0,0.387227,149.285,196.5,36.0703,82.5,0,0,0.5,0.5,0
21132086,2484,1,1,0,0.544801,147.738,197.688,37.3047,85.125,-1,0,0.5,0.5,0
21135948,2480,1,1,0,0.615088,147.562,197.688,37.3438,86.125,-1,0,0.5,0.5,0
21140428,2488,1,1,0,0.663233,147.98,197.266,37.7734,85.2812,-1,0,0.5,0.5,0
21146018,2482,1,1,0,0.523908,147.785,197.523,41.6172,85.9531,-1,1,0.5,0.5,0
21150218,2484,1,1,0,0.296858,148.133,197.148,41.2344,86.8281,-1,0,0.5,0.5,0
21153646,2485,1,1,0,0.315946,147.891,197.156,41.8438,83.8125,0,0,0.5,0.5,0
21157667,2486,1,1,0,0.516596,147.867,194.961,42.4219,82.9219,-1,0,0.5,0.5,0
21163577,2486,1,1,0,0.654454,146.855,195.328,43.5391,82.8438,-1,0,0.5,0.5,0
21167212,2483,1,1,0,0.29381,146.301,193.969,42.9141,77.9375,-1,0,0.5,0.5,0
21172468,2481,1,1,0,0.698843,145.961,193.031,44.5156,77.9375,-1,0,0.5,0.5,0
21176622,2486,1,1,0,0.341362,145.438,192.023,44.6875,77.0781,-1,0,0.5,0.5,0
21180484,2484,1,1,0,0.35354,146.562,192.133,46.25,77.2656,-1,0,0.5,0.5,0
21184908,2485,1,1,0,0.422505,147.406,194.516,46.875,82.1562,-1,0,0.5,0.5,0
21190199,2487,1,1,0,0.370908,147.336,193.891,48.2969,79.7812,-1,0,0.5,0.5,0
21194958,2485,1,1,0,0.66628,146.758,193.766,48.8594,80.1562,-1,0,0.5,0.5,0
21200116,2485,1,1,0,0.725648,148.219,193.906,51.3125,78.4375,0,0,0.5,0.5,0
21204051,2488,1,1,0,0.360715,146.695,193.609,52.2656,80.7188,-1,0,0.5,0.5,0
21210945,2485,1,1,0,0.663233,146.008,193.172,53.9219,81.5938,-2,0,0.5,0.5,0
21214951,2484,1,1,0,0.643328,147.148,194.953,59.4844,82.3438,0,0,0.5,0.5,0
21218611,2485,1,1,0,0.750553,147.469,195.836,60.0625,83.5781,-1,0,0.5,0.5,0
21222106,2482,1,1,0,0.730675,150.461,196.055,63.2344,86.3906,-1,0,0.5,0.5,0
21227578,2489,1,1,0,0.762775,149.309,196.828,67.4922,89.2188,0,0,0.5,0.5,0
21231239,2482,1,1,0,0.718199,145.766,194.172,68.9688,83.4062,-2,0,0.5,0.5,0
21235229,2485,1,1,0,0.823611,147.371,194.391,60.3047,84.3438,0,0,0.5,0.5,0
21241091,2486,1,1,0,0.368859,147.273,194.727,62.4531,82.2031,-1,0,0.5,0.5,0
21244497,2486,1,1,0,0.82133,147.477,192.797,61.5781,80.8438,-1,0,0.5,0.5,0
21250296,2486,1,1,0,0.838945,147.414,193.156,60.7031,78.25,-1,0,0.5,0.5,0
21253920,2482,1,1,0,0.757434,148.039,192.508,62.3906,78.1094,-1,0,0.5,0.5,0
21257553,2485,1,1,0,0.836822,148.406,192.266,63.1875,79.7188,0,0,0.5,0.5,0
21261206,2483,1,1,0,0.836288,148.547,192.352,65.2188,80.0781,-1,0,0.5,0.5,0
21267162,2480,1,1,0,0.736402,150.48,190.93,64.2734,81.7344,-1,0,0.5,0.5,0
21271729,2485,1,1,0,0.602997,150.156,191.844,66.8125,78.6875,-1,0,0.5,0.5,0
21277733,2485,1,1,0,0.537042,150.406,193.164,67.0625,77.7031,0,0,0.5,0.5,0
21281272,2484,1,1,0,0.258325,151.719,193.086,72.1875,81.4219,-1,0,0.5,0.5,0
21285265,2485,1,1,0,0.761004,150.938,194.648,79.875,83.2656,0,1,0.5,0.5,0
21291490,2487,1,1,0,0.772529,152.711,193.047,70.0469,83.7188,-1,0,0.5,0.5,0
21295773,2485,1,1,0,0.311112,152.906,193.039,71.4375,85.0781,0,0,0.5,0.5,0
21301026,2484,1,1,0,0.733738,151.055,188.641,76.6094,97.4062,0,0,0.5,0.5,0
21304995,2483,1,1,0,0.700894,155.25,188.75,70.5,95.75,-1,0,0.5,0.5,0
21311539,2486,1,1,0,0.364099,155.891,192.359,71.9688,86.9062,0,0,0.5,0.5,0
21315371,2482,1,1,0,0.47317,154.312,193.906,70.25,85.5625,0,0,0.5,0.5,0
21319953,2483,1,1,0,0.772873,154.539,193.547,70.4531,86.2188,0,0,0.5,0.5,0
21324965,2485,1,1,0,0.657099,153.57,193.172,74.9844,88.3438,-1,0,0.5,0.5,0
21328734,2486,1,1,0,0.546254,152.359,192.312,70.2188,88.25,0,0,0.5,0.5,0
21332453,2484,1,1,0,0.370908,152.945,188.641,72.3594,98.7812,0,0,0.5,0.5,0
21337394,2481,1,1,0,0.789233,147.766,194.344,76.9688,89.6875,-1,0,0.5,0.5,0
21342214,2482,1,1,0,0.619701,148.766,193.641,74.0312,90.2188,-1,0,0.5,0.5,0
21345860,2484,1,1,0,0.808975,148.797,193.578,68.8438,89.2812,-1,0,0.5,0.5,0
21352412,2484,1,1,0,0.540924,149.008,190.344,69.5781,95.3125,0,0,0.5,0.5,0
21359022,2483,1,1,0,0.530236,150.25,188.75,67.375,97.75,0,0,0.5,0.5,0
21362559,2483,1,1,0,0.841567,150.125,188.984,69.875,100.531,-1,0,0.5,0.5,0
21366544,2485,1,1,0,0.732591,148.336,192.984,67.7969,91.0312,-1,0,0.5,0.5,0
21372094,2484,1,1,0,0.846706,147.391,192.297,67.8438,94.2188,-1,0,0.5,0.5,0
21375986,2482,1,1,0,0.68805,148.906,189.555,63.5625,98.6094,0,0,0.5,0.5,0
21379450,2484,1,1,0,0.837355,148.414,192.531,63.4219,92.5625,-1,0,0.5,0.5,0
21383450,2483,1,1,0,0.722527,149.086,193.344,62.0781,89.9375,-1,0,0.5,0.5,0
21388043,2487,1,1,0,0.824178,148.93,194.531,63.5156,87.75,0,0,0.5,0.5,0
21392502,2486,1,1,0,0.775265,148.781,194.492,61.25,88.7656,-1,0,0.5,0.5,0
21399501,2487,1,1,0,0.481454,147.344,193.867,59.6875,89.7344,-1,0,0.5,0.5,0
21403188,2483,1,1,0,0.771498,145.539,191.219,52.9531,79.3125,-1,0,0.5,0.5,0
21407100,2480,1,1,0,0.543348,146.305,193.711,57.1094,88.7969,-1,0,0.5,0.5,0
21412654,2484,1,1,0,0.783657,147.398,194.086,55.3594,87.8281,0,0,0.5,0.5,0
21416488,2485,1,1,0,0.836288,147.656,195.594,54.8125,88.1875,-1,0,0.5,0.5,0
21419808,2489,1,1,0,0.761713,146.461,189.227,51.3594,83.3281,-1,0,0.5,0.5,0
21425479,2488,1,1,0,0.798501,144.859,191.875,50.2188,86.125,-2,0,0.5,0.5,0
21429465,2484,1,1,0,0.811378,145.477,191.961,49.9844,91.0469,0,0,0.5,0.5,0
21433347,2485,1,1,0,0.768731,142.688,193.906,41.1875,87.6875,-2,0,0.5,0.5,0
21439351,2484,1,1,0,0.619241,143.613,189.938,37.4141,77.25,-1,0,0.5,0.5,0
21445581,2485,1,1,0,0.639736,144.98,190.156,33.8047,80.8125,-1,0,0.5,0.5,0
21449410,2485,1,1,0,0.569853,144.828,190.312,35.9062,86.75,-1,0,0.5,0.5,0
21455453,2485,1,1,0,0.754914,144.953,190.219,36.4688,95.3125,-1,0,0.5,0.5,0
21459950,2485,1,1,0,0.428234,146.902,190.109,34.5703,92.8438,-1,0,0.5,0.5,0
21463812,2486,1,1,0,0.377541,146.359,193.641,34.7188,88.8438,-1,0,0.5,0.5,0
21469091,2484,1,1,0,0.586523,146.777,190.227,36.3828,76.8281,-1,0,0.5,0.5,0
21476103,2485,1,1,0,0.560253,148.57,192.82,38.7344,83.8594,0,0,0.5,0.5,0
21480199,2484,1,1,0,0.568895,145.812,190.906,31.9062,72,-2,0,0.5,0.5,0
21486202,2485,1,1,0,0.52683,145.5,190.789,35.5312,92.6719,-1,0,0.5,0.5,0
21492879,2487,1,1,0,0.682151,147.125,190.719,34.125,81.3125,0,0,0.5,0.5,0
21497732,2487,1,1,0,0.658857,147.074,190.781,33.3047,80.1875,-1,0,0.5,0.5,0
21503988,2484,1,1,0,0.50293,148.664,188.797,37.6719,96.8438,-1,0,0.5,0.5,0
21508570,2484,1,1,0,0.608129,150.289,190.891,36.7969,86.7188,-1,0,0.5,0.5,0
21512967,2484,1,1,0,0.566498,150.281,191.031,36,84.9375,0,0,0.5,0.5,0
21517875,2485,1,1,0,0.424889,152.75,192.547,32.6875,86.2188,-1,0,0.5,0.5,0
21522010,2484,1,1,0,0.275715,151.578,191.617,34.0312,87.2344,0,0,0.5,0.5,0
21527436,2479,1,1,0,0.312579,154.336,191.297,35.2344,86.9688,-1,0,0.5,0.5,0
21531949,2483,1,1,0,0.631595,155.875,191.297,34.5938,88.0938,0,0,0.5,0.5,0
21535432,2479,1,1,0,0.512205,156.438,191.172,34.8125,90.6562,0,0,0.5,0.5,0
21539317,2482,1,1,0,0.682574,156.125,190.453,35.0625,90.5312,0,0,0.5,0.5,0
21542898,2479,1,1,0,0.635675,156.188,188.672,35.2812,89.8438,0,0,0.5,0.5,0
21548027,2480,1,1,0,0.52975,156.18,188.93,35.5469,91.1094,-1,0,0.5,0.5,0
21551426,2481,1,1,0,0.655337,156.5,187.914,35.4062,88.8281,0,0,0.5,0.5,0
21556337,2483,1,1,0,0.584153,156.93,187.898,33.5469,86.1719,0,0,0.5,0.5,0
21563215,2486,1,1,0,0.557845,158.242,190.695,36.1406,89.2656,0,0,0.5,0.5,0
21568601,2480,1,1,0,0.549157,159.082,185.75,35.8359,90.125,0,0,0.5,0.5,0
21571947,2487,1,1,0,0.390476,159.285,185.68,35.3203,92.8906,0,0,0.5,0.5,0
21575958,2487,1,1,0,0.655337,158.945,185.656,35.3906,94.0625,0,0,0.5,0.5,0
21579725,2484,1,1,0,0.545286,158.465,185.406,36.0547,95.6875,0,0,0.5,0.5,0
21586454,2483,1,1,0,0.595022,158.047,187.68,34.75,86.8594,0,0,0.5,0.5,0
21590079,2484,1,1,0,0.701304,158.852,186.828,34.1094,93.5312,0,0,0.5,0.5,0
21596216,2481,1,1,0,0.710629,158.832,186.664,34.4609,94.8281,0,0,0.5,0.5,0
21601498,2486,1,1,0,0.709825,158.102,186.422,34.3281,94.1562,0,0,0.5,0.5,0
21606081,2487,1,1,0,0.382142,155.832,190.5,30.8359,80.0625,0,0,0.5,0.5,0
21609971,2484,1,1,0,0.340704,156.93,190.453,30.2969,81.1562,0,0,0.5,0.5,0
21615467,2484,1,1,0,0.772873,157.789,191.5,32.0156,86.75,0,0,0.5,0.5,0
21619879,2485,1,1,0,0.632957,158.684,191.484,32.2891,89.5312,0,0,0.5,0.5,0
21623811,2489,1,1,0,0.622459,158.656,189.922,32.5,89.3438,0,0,0.5,0.5,0
21629902,2484,1,1,0,0.632504,158.75,189.656,33.0625,93.3125,0,0,0.5,0.5,0
21635812,2492,1,1,0,0.744286,160.262,184.312,33.8359,97.375,0,0,0.5,0.5,0
21639622,2485,1,1,0,0.784649,160.242,185.094,35.4219,99.5625,0,0,0.5,0.5,0
21643894,2482,1,1,0,0.59408,161.738,186.328,33.0859,100.969,0,0,0.5,0.5,0
21649063,2483,1,1,0,0.720171,162.492,185.742,33.8594,97.4844,0,0,0.5,0.5,0
21653135,2486,1,1,0,0.264928,163.332,188.844,30.6016,85.1875,0,0,0.5,0.5,0
21658741,2485,1,1,0,0.361616,163.992,188.656,33.1719,86.625,0,0,0.5,0.5,0
21662530,2485,1,1,0,0.449392,164.691,190.711,32.1328,80.7969,0,0,0.5,0.5,0
21668496,2481,1,1,0,0.407805,164.879,190.594,32.7109,75.3125,0,0,0.5,0.5,0
21672785,2485,1,1,0,0.55929,166.227,189.461,34.9844,80.1406,1,0,0.5,0.5,0
21677145,2484,1,1,0,0.638835,166.789,189.516,35.1719,79.4688,0,0,0.5,0.5,0
21681959,2483,1,1,0,0.340704,166.945,189.5,34.6406,78,0,0,0.5,0.5,0
21686724,2483,1,1,0,0.544801,167.25,187.578,35.0625,80.5312,0,0,0.5,0.5,0
21690562,2482,1,1,0,0.788257,168.406,190.398,36.375,80.1719,1,0,0.5,0.5,0
21695773,2486,1,1,0,0.697196,169.578,184.773,38.5312,92.7031,0,0,0.5,0.5,0
21699455,2485,1,1,0,0.820757,170.633,191.188,37.7031,83.0625,1,0,0.5,0.5,0
21703148,2482,1,1,0,0.553023,170.656,191.688,39.875,87.875,0,0,0.5,0.5,0
21707791,2483,1,1,0,0.831963,171.094,189.125,39.4375,97.25,1,0,0.5,0.5,0
21713939,2486,1,1,0,0.281011,170.812,189.305,41.75,97.1094,1,0,0.5,0.5,0
21719650,2485,1,1,0,0.739424,173.148,189.359,42.2969,98.9062,0,0,0.5,0.5,0
21724794,2483,1,1,0,0.771153,171.77,196.312,43.9141,82.75,1,0,0.5,0.5,0
21730650,2485,1,1,0,0.755996,172.742,190.133,46.8281,96.2656,1,0,0.5,0.5,0
21736798,2482,1,1,0,0.819027,173.367,189.383,46.4219,100.109,1,0,0.5,0.5,0
21740254,2487,1,1,0,0.806244,173.609,189.617,48.4688,100.766,0,0,0.5,0.5,0
21744215,2486,1,1,0,0.776624,174.125,194.422,47.9375,85.6562,1,0,0.5,0.5,0
21749911,2493,1,1,0,0.726425,173.699,193.781,52.2266,91,1,0,0.5,0.5,0
21754017,2486,1,1,0,0.822474,173.672,194.031,50.6875,85.5625,1,0,0.5,0.5,0
21757834,2487,1,1,0,0.720958,173.602,194.023,51.6719,87.5469,1,0,0.5,0.5,0
21761928,2482,1,1,0,0.795022,173.699,193.711,51.7109,84.0469,1,0,0.5,0.5,0
21766428,2484,1,1,0,0.604866,173.805,193.539,52.7031,82.7031,1,0,0.5,0.5,0
21770584,2484,1,1,0,0.666714,172.402,193.484,56.6953,86.9688,1,0,0.5,0.5,0
21774508,2485,1,1,0,0.257951,173.68,191.68,56.0156,85.2344,1,0,0.5,0.5,0
21780131,2483,1,1,0,0.850716,172.469,193,57.1875,84.0625,0,0,0.5,0.5,0
21783652,2484,1,1,0,0.75274,172.047,193.688,58.9688,86.375,1,0,0.5,0.5,0
21787677,2486,1,1,0,0.837886,172.156,193.734,55.9375,83.7188,1,0,0.5,0.5,0
21792129,2486,1,1,0,0.269518,171.918,190.688,63.3516,93.875,1,0,0.5,0.5,0
21796076,2482,1,1,0,0.678754,170.328,191.406,57.5938,80.0625,1,0,0.5,0.5,0
21801425,2485,1,1,0,0.635675,171.578,192.508,59.8438,89.3906,0,0,0.5,0.5,0
21807025,2489,1,1,0,0.604399,169.727,192.188,62.4844,80.25,1,0,0.5,0.5,0
21811556,2487,1,1,0,0.718199,169.164,192.109,60.8594,82.0312,0,0,0.5,0.5,0
21817484,2485,1,1,0,0.539954,168.641,192.555,62.8438,82.3906,1,0,0.5,0.5,0
21821511,2479,1,1,0,0.586523,167.266,192.859,61.7188,80.0312,0,0,0.5,0.5,0
21825076,2493,1,1,0,0.25423,167.258,193.484,66.1719,85.1562,1,0,0.5,0.5,0
21828849,2482,1,1,0,0.765941,169.703,186.742,58.8125,90.3594,0,0,0.5,0.5,0
21832654,2479,1,1,0,0.755636,169.773,187.016,60.1094,94.9688,1,0,0.5,0.5,0
21837486,2481,1,1,0,0.626582,166.656,189.188,65.5,93.375,0,0,0.5,0.5,0
21841003,2479,1,1,0,0.697608,167.828,188.766,65.0312,97.5312,1,0,0.5,0.5,0
21844822,2485,1,1,0,0.665411,166.031,190.758,65,86.9844,0,0,0.5,0.5,0
21850541,2483,1,1,0,0.633411,167.383,193.133,62.5156,87.2344,0,0,0.5,0.5,0
21854367,2483,1,1,0,0.52829,164.797,190.547,66.5938,93.5938,1,0,0.5,0.5,0
21857991,2484,1,1,0,0.712633,168.68,188.93,61.2969,97.6094,0,0,0.5,0.5,0
21861489,2484,1,1,0,0.86681,169.188,188.594,61.625,100.688,0,0,0.5,0.5,0
21865395,2484,1,1,0,0.875151,169.227,188.594,60.3281,99.3125,1,0,0.5,0.5,0
21870653,2485,1,1,0,0.876848,169.664,188.43,59.3281,99.6094,1,0,0.5,0.5,0
21877123,2484,1,1,0,0.873001,170.969,188.609,59.5,99.3438,0,0,0.5,0.5,0
21881780,2484,1,1,0,0.733738,170.672,189.508,60.0938,98.2344,1,0,0.5,0.5,0
21887413,2483,1,1,0,0.674908,171.18,190.031,58.2656,94.8125,0,0,0.5,0.5,0
21891187,2487,1,1,0,0.846706,172.68,193.172,55.9844,89.8438,1,0,0.5,0.5,0
21895667,2486,1,1,0,0.734882,172.836,193.328,54.5781,87.7188,1,0,0.5,0.5,0
21901168,2484,1,1,0,0.583203,174.852,193.031,55.5469,86.3125,1,0,0.5,0.5,0
21905490,2484,1,1,0,0.553023,175.609,193.203,53.5312,88.2188,1,0,0.5,0.5,0
21911300,2483,1,1,0,0.5564,175.32,193.023,51.9531,88.9219,1,0,0.5,0.5,0
21915449,2482,1,1,0,0.627496,175.758,193.016,48.5156,89.5312,1,0,0.5,0.5,0
21920852,2482,1,1,0,0.799755,176.438,194.719,50.0625,89.4375,1,0,0.5,0.5,0
21924524,2485,1,1,0,0.6137,174.562,195.594,53,87.0625,1,0,0.5,0.5,0
21930781,2482,1,1,0,0.64646,174.562,195.062,52.4375,89,1,0,0.5,0.5,0
21934516,2483,1,1,0,0.289572,174.789,195.391,53.4844,89.7812,1,0,0.5,0.5,0
21938699,2488,1,1,0,0.758866,177.262,188.469,50.4141,101.938,2,0,0.5,0.5,0
21944110,2485,1,1,0,0.676192,177.719,193.805,49.0625,85.7656,1,0,0.5,0.5,0
21947740,2484,1,1,0,0.633864,177.992,191,44.8906,96,1,0,0.5,0.5,0
21951395,2489,1,1,0,0.774583,176.277,192.359,43.6328,81.7812,2,0,0.5,0.5,0
21958010,2485,1,1,0,0.761004,177.605,193.266,42.0859,84.9062,1,0,0.5,0.5,0
21961629,2485,1,1,0,0.776624,175.699,189.438,41.2578,98.125,1,0,0.5,0.5,0
21967366,2483,1,1,0,0.580352,175.516,193.961,40.9062,89.1719,1,0,0.5,0.5,0
21971480,2484,1,1,0,0.690559,176.98,191.406,40.2891,89,2,0,0.5,0.5,0
21977558,2487,1,1,0,0.755636,176.457,187.68,41.4922,99.6094,1,0,0.5,0.5,0
21981406,2486,1,1,0,0.727588,175.996,186.711,40.8984,103.328,1,0,0.5,0.5,0
21987523,2484,1,1,0,0.824178,176.117,186.758,40.4844,104.016,1,0,0.5,0.5,0
21991612,2486,1,1,0,0.823611,175.715,184.797,37.8359,99.2812,2,0,0.5,0.5,0
21997836,2486,1,1,0,0.814053,176.547,184.406,39.625,100.312,1,0,0.5,0.5,0
22001842,2488,1,1,0,0.67662,175.988,185.461,39.1641,102.422,1,0,0.5,0.5,0
22007777,2487,1,1,0,0.797557,175.289,184.266,38.6094,99.0938,2,0,0.5,0.5,0
22011256,2480,1,1,0,0.823611,175.047,184.672,38.9375,100.469,1,0,0.5,0.5,0
22015731,2484,1,1,0,0.787604,175.461,184.711,38.3281,98.7969,1,0,0.5,0.5,0
22021549,2484,1,1,0,0.737159,174.188,184.18,36.4375,98.6406,1,0,0.5,0.5,0
22028048,2484,1,1,0,0.7773,173.934,183.812,37.0078,97.875,1,0,0.5,0.5,0
22031347,2484,1,1,0,0.799442,173.816,183.125,36.4297,96,1,0,0.5,0.5,0
22035722,2486,1,1,0,0.713831,174.027,183.055,36.1484,96.6094,1,-1,0.5,0.5,0
22041631,2486,1,1,0,0.444083,173.734,187.352,36.1562,92.0469,1,0,0.5,0.5,0
22047449,2480,1,1,0,0.426799,172.711,187.383,37.0781,98.4844,1,0,0.5,0.5,0
22050998,2481,1,1,0,0.804099,173.203,187.781,36.4688,102.062,1,0,0.5,0.5,0
22054798,2483,1,1,0,0.720565,173.133,188.266,36.8281,100.594,1,0,0.5,0.5,0
22058478,2478,1,1,0,0.581779,174.113,189.578,37.3203,99.3438,2,0,0.5,0.5,0
22064283,2481,1,1,0,0.600657,173.242,194.516,35.3594,90.9688,0,0,0.5,0.5,0
22068398,2484,1,1,0,0.626125,173.277,194.562,34.8828,89.0625,1,0,0.5,0.5,0
22072647,2484,1,1,0,0.68595,173.477,190.672,35.5781,98.5312,2,0,0.5,0.5,0
22078048,2484,1,1,0,0.441192,172.805,190.609,34.6406,101.031,0,0,0.5,0.5,0
22081752,2484,1,1,0,0.326379,173.102,194.367,34.7344,93.6094,1,0,0.5,0.5,0
22088136,2482,1,1,0,0.641085,171.047,193.922,33.875,95.1562,1,0,0.5,0.5,0
22092268,2481,1,1,0,0.441192,171.16,188.688,32.2109,103.5,1,0,0.5,0.5,0
22098075,2479,1,1,0,0.511229,172.48,189.156,33.2266,91.5625,1,0,0.5,0.5,0
22101625,2483,1,1,0,0.511229,171.938,192.922,32.4688,85.5938,1,0,0.5,0.5,0
22105388,2482,1,1,0,0.423935,170.773,191.852,32.3906,91.4531,0,0,0.5,0.5,0
22108656,2478,1,1,0,0.509276,170.836,195.32,33.0469,90.3906,1,0,0.5,0.5,0
22114992,2482,1,1,0,0.585101,171.332,198.656,31.6797,86.1875,1,0,0.5,0.5,0
22121634,2485,1,1,0,0.466845,169.934,195.57,33.3516,90.3906,1,0,0.5,0.5,0
22125264,2481,1,1,0,0.321246,168.324,205.609,24.3672,70.2188,0,0,0.5,0.5,0
22129574,2485,1,1,0,0.505371,167.734,201.672,30.3281,80.0938,1,0,0.5,0.5,0
22135052,2487,1,1,0,0.319121,170.078,191.203,35.1562,99.6562,0,0,0.5,0.5,0
22138665,2484,1,1,0,0.489259,170.453,197.688,35.75,86.875,1,0,0.5,0.5,0
22145310,2485,1,1,0,0.516596,169.953,194.891,34.4688,93.6562,1,0,0.5,0.5,0
22149204,2488,1,1,0,0.763481,172.875,195.07,32.625,91.8594,1,0,0.5,0.5,0
22155435,2484,1,1,0,0.74651,173.117,195.227,33.1094,92.5781,0,0,0.5,0.5,0
22159669,2473,1,0,-1,0,0,0,0,0,0,0,0,0,0
22165979,2485,1,1,0,0.525856,172.57,196.961,34.4219,90.5781,1,0,0.5,0.5,0
22169661,2485,1,1,0,0.627952,173.594,198.32,35.4062,87.3594,1,0,0.5,0.5,0
22176382,2481,1,1,0,0.73867,173.836,198.57,36.8906,86.8594,1,0,0.5,0.5,0
22180127,2486,1,1,0,0.667581,173.219,198.531,36.75,86.875,1,0,0.5,0.5,0
22186858,2484,1,1,0,0.71103,173.773,198.383,37.9531,87.6094,0,0,0.5,0.5,0
22190340,2485,1,1,0,0.689306,174.102,198.406,41.9531,87.6875,1,0,0.5,0.5,0
22196256,2485,1,1,0,0.726425,174.984,199.305,41.7188,87.7656,2,0,0.5,0.5,0
22201478,2484,1,1,0,0.744657,174.742,198.57,42.7969,88.8906,0,0,0.5,0.5,0
22206842,2482,1,1,0,0.74614,174.789,198.641,45.1094,88.9688,1,0,0.5,0.5,0
22210459,2485,1,1,0,0.652684,172.582,198.773,48.4766,88.5469,1,0,0.5,0.5,0
22216372,2481,1,1,0,0.768731,173.102,199.078,51.2656,88.5938,1,0,0.5,0.5,0
22220499,2481,1,1,0,0.787278,173.547,197.453,50.3438,88.4062,1,0,0.5,0.5,0
22225140,2484,1,1,0,0.641534,171.5,196.344,52.75,91.1875,1,0,0.5,0.5,0
22231402,2482,1,1,0,0.755996,171.664,197.094,52.1406,84.8125,0,0,0.5,0.5,0
22235727,2485,1,1,0,0.713033,171.734,194.141,53.2812,88.7812,1,0,0.5,0.5,0
22241006,2484,1,1,0,0.578448,171.723,193.773,56.0078,93.2031,1,0,0.5,0.5,0
22245169,2482,1,1,0,0.684687,171.805,195.961,56.8906,82.3281,1,0,0.5,0.5,0
22249292,2486,1,1,0,0.537042,171.562,197.844,56.875,84.6875,1,0,0.5,0.5,0
22253507,2483,1,1,0,0.517571,173.32,196.734,55.1406,84.0938,1,0,0.5,0.5,0
22258845,2484,1,1,0,0.274546,175.195,196.156,58.4844,90.9375,1,0,0.5,0.5,0
22262407,2484,1,1,0,0.466845,170.469,197.328,55.3125,79.7812,0,0,0.5,0.5,0
22266547,2487,1,1,0,0.551091,171.852,198.328,63.5781,93.4062,1,0,0.5,0.5,0
22271129,2487,1,1,0,0.535099,168.969,196.031,62.1875,90.5625,1,1,0.5,0.5,0
22277033,2485,1,1,0,0.762775,172.805,198.688,63.4844,89.25,1,0,0.5,0.5,0
22282086,2485,1,1,0,0.747985,171.148,198.188,71.6406,93.125,0,0,0.5,0.5,0
22287948,2485,1,1,0,0.803791,171.086,197.281,65.7969,90.5625,1,0,0.5,0.5,0
22292260,2483,1,1,0,0.68805,171.422,197.508,63.3438,89.9219,1,0,0.5,0.5,0
22298222,2485,1,1,0,0.586996,171.797,197.703,63.5938,91.3438,0,0,0.5,0.5,0
22301926,2484,1,1,0,0.643776,171.805,198.008,63.5156,89.8594,1,0,0.5,0.5,0
22305865,2485,1,1,0,0.775605,172.43,197.297,60.5781,88.4688,1,0,0.5,0.5,0
22309255,2480,1,1,0,0.764186,171.156,197.281,62.6875,89.375,1,0,0.5,0.5,0
22315897,2485,1,1,0,0.732974,171.219,196.219,65.5,88.625,0,0,0.5,0.5,0
22319233,2485,1,1,0,0.512205,169.41,195.719,63.6797,86.375,1,0,0.5,0.5,0
22324993,2484,1,1,0,0.703346,168.168,195.25,60.7891,83.5625,1,0,0.5,0.5,0
22328514,2478,1,1,0,0.682997,169.426,195.25,60.0391,85.125,0,0,0.5,0.5,0
22332377,2484,1,1,0,0.542378,168.812,196.086,63.125,87.5781,1,0,0.5,0.5,0
22338508,2483,1,1,0,0.6137,168.602,196,61.7031,86.5,0,0,0.5,0.5,0
22342899,2483,1,1,0,0.745029,171.141,196.547,59.0312,87.0312,1,0,0.5,0.5,0
22348712,2483,1,1,0,0.71423,169.844,197.852,62.3125,91.1719,0,0,0.5,0.5,0
22352773,2482,1,1,0,0.63205,170.086,196.578,63.1406,95.1562,1,0,0.5,0.5,0
22356684,2487,1,1,0,0.54577,173.289,198.047,56.0469,90.4062,1,0,0.5,0.5,0
22362820,2485,1,1,0,0.608129,173.867,197.648,56.8906,91.8281,1,0,0.5,0.5,0
22369228,2483,1,1,0,0.666714,173.887,197.672,51.6484,90.3438,0,0,0.5,0.5,0
22373356,2483,1,1,0,0.485356,176.422,197.047,49.9062,93.0938,2,0,0.5,0.5,0
22378723,2483,1,1,0,0.465873,176.754,194.078,49.3672,84.6562,1,0,0.5,0.5,0
22383683,2487,1,1,0,0.516108,175.582,198.273,47.2266,86.2031,1,0,0.5,0.5,0
22390305,2490,1,1,0,0.754914,174.734,197.25,45.2812,87.0625,1,0,0.5,0.5,0
22394537,2480,1,1,0,0.776963,173.156,197.656,42.625,86.6875,1,0,0.5,0.5,0
22399042,2484,1,1,0,0.52975,172.332,197.297,42.6641,87.5938,1,0,0.5,0.5,0
22404259,2482,1,1,0,0.791176,171.68,197.359,42.2969,87.3438,1,0,0.5,0.5,0
22411123,2484,1,1,0,0.400749,171.461,197.32,42.1094,87.1406,0,1,0.5,0.5,0
22417270,2481,1,1,0,0.422028,170.531,192.578,44.25,91.4062,1,0,0.5,0.5,0
22423141,2484,1,1,0,0.669744,170.266,192.5,41,79.5,1,0,0.5,0.5,0
22429611,2483,1,1,0,0.429669,170.938,194.328,36.4375,87.1562,0,0,0.5,0.5,0
22433500,2487,1,1,0,0.325521,172.805,193.938,35.0156,89.375,1,0,0.5,0.5,0
22437768,2484,0,1,0,0.757793,174.914,191.484,33.9531,81.4688,2,0,0.5,0.5,0
22443362,2484,0,1,0,0.67147,176.926,192.258,33.8203,80.5156,1,0,0.5,0.5,0
22447468,2486,0,1,0,0.582729,176.863,196.352,37.1016,82.7969,1,0,0.5,0.5,0
22452959,2482,0,1,0,0.70619,173.285,195.453,62.3047,85.2812,1,0,0.5,0.5,0
22457277,2483,0,1,0,0.554471,169.094,194.969,67.0625,87.125,0,0,0.5,0.5,0
22461306,2486,0,1,0,0.263978,186.73,191.531,22.9297,80.0625,4,0,0.5,0.5,0
22467093,2478,0,1,0,0.507324,170.066,190.5,54.8672,74.625,0,0,0.5,0.5,0
22473644,2481,0,1,0,0.299925,172.391,190.547,52.8438,88.1562,1,0,0.5,0.5,0
22480343,2482,0,1,0,0.406391,183.852,190.922,40.9844,93.4688,2,0,0.5,0.5,0
22484240,2479,0,1,0,0.537527,184.055,190.953,38.6719,91.9062,3,0,0.5,0.5,0
22490317,2482,0,1,0,0.411111,183.984,191.109,39.0938,89.0312,2,0,0.5,0.5,0
22493798,2485,0,1,0,0.286967,182.758,189.312,37.2969,83,2,0,0.5,0.5,0
22498342,2486,0,1,0,0.408749,183.562,191.266,38.25,90.2188,2,0,0.5,0.5,0
22502590,2483,0,1,0,0.38122,183.898,191.281,39.0156,91.4375,2,0,0.5,0.5,0
22507712,2484,0,1,0,0.453262,184.188,190.188,39.5625,90.375,3,0,0.5,0.5,0
22513087,2484,0,1,0,0.351089,183.602,188.562,39.1719,80.625,2,0,0.5,0.5,0
22517280,2484,0,1,0,0.470737,183.688,188.141,38.9688,79.4062,3,0,0.5,0.5,0
22523308,2484,0,1,0,0.310485,183.438,188.172,40.625,81.2188,2,0,0.5,0.5,0
22529534,2483,0,1,0,0.562177,180.668,191.219,35.8828,82,2,0,0.5,0.5,0
22533583,2474,0,0,-1,0,0,0,0,0,0,0,0,0,0
22539587,2473,0,0,-1,0,0,0,0,0,0,0,0,0,0
22543645,2486,0,1,0,0.340704,180.375,187.531,37.25,71.1875,3,0,0.5,0.5,0
22547528,2483,0,1,0,0.268175,189.801,189.453,21.3359,67.9688,4,0,0.5,0.5,0
22551396,2486,0,1,0,0.620162,180.512,186.844,40.3516,76.5625,2,0,0.5,0.5,0
22556652,2481,0,1,0,0.608594,180.516,186.648,40.0312,79.3281,1,0,0.5,0.5,0
22560230,2492,0,1,0,0.265118,179.367,183.18,43.2656,87.1094,2,0,0.5,0.5,0
22564192,2485,0,1,0,0.256831,180.316,184.562,37.8984,71.5,3,0,0.5,0.5,0
22570055,2481,0,1,0,0.360264,187.227,184.531,24.1406,67.0625,3,0,0.5,0.5,0
22574039,2483,0,1,0,0.337203,188.385,182.578,23.332,66.7812,3,0,0.5,0.5,0
22578468,2482,0,1,0,0.299106,180.281,181.5,37.8438,70.25,1,0,0.5,0.5,0
22584221,2485,0,1,0,0.712233,179.684,181.648,39.4922,68.3906,2,0,0.5,0.5,0
22590201,2480,0,1,0,0.35914,187.934,182.984,22.6172,62.2812,4,0,0.5,0.5,0
22594583,2485,0,1,0,0.318909,188.352,183.156,18.9375,57.875,4,0,0.5,0.5,0
22598841,2485,0,1,0,0.485844,188.105,183.742,19.5703,53.9531,2,0,0.5,0.5,0
22607382,2484,0,1,0,0.288569,187.699,185.031,21.4922,57.9375,3,0,0.5,0.5,0
22611876,2483,0,1,0,0.292595,181.031,181.812,36.25,61.25,3,0,0.5,0.5,0
22617006,2482,0,1,0,0.342461,181.109,178.438,38.6562,64.8125,2,0,0.5,0.5,0
22620886,2486,0,1,0,0.5,180.039,179.672,38.3281,61.7812,3,0,0.5,0.5,0
22624848,2485,0,1,0,0.458591,180.258,180.023,38.7031,58.8281,2,0,0.5,0.5,0
22630304,2485,0,1,0,0.38122,182.566,179.688,28.6172,56.125,3,0,0.5,0.5,0
22634515,2484,0,1,0,0.508788,181.27,179.133,33.4141,57.1406,3,0,0.5,0.5,0
22637941,2484,0,1,0,0.300951,182.363,180.094,31.6328,56.375,3,0,0.5,0.5,0
22643957,2484,0,1,0,0.458106,178.547,177.016,35.5938,62.0312,2,0,0.5,0.5,0
22647642,2483,0,1,0,0.395134,176.867,181.562,41.6719,54.875,2,0,0.5,0.5,0
22651497,2480,0,1,0,0.30819,177.875,178.266,38.625,61.2812,3,0,0.5,0.5,0
22655922,2485,0,1,0,0.637933,172.539,180.727,52.8281,58.2031,1,0,0.5,0.5,0
22659764,2481,0,1,0,0.351534,173.008,180.953,52.9844,60.0938,2,0,0.5,0.5,0
22665134,2485,0,1,0,0.392803,174.637,178.164,43.8672,60.2031,2,0,0.5,0.5,0
22668670,2485,0,1,0,0.273187,174.566,177.906,35.3672,53.6875,2,0,0.5,0.5,0
22673685,2483,0,1,0,0.45181,172.594,180.391,43.5625,55.7812,1,0,0.5,0.5,0
22677340,2484,0,1,0,0.416322,172.25,177.359,42.7812,60.6562,2,0,0.5,0.5,0
22682064,2485,0,1,0,0.378459,171.641,178.562,41.4062,58.0625,1,0,0.5,0.5,0
22686267,2480,0,1,0,0.499023,170.152,176.648,52.8203,66.8906,1,0,0.5,0.5,0
22692342,2487,0,1,0,0.26588,167.898,178.234,38.3906,52.8438,1,0,0.5,0.5,0
22696688,2485,0,1,0,0.657539,168.641,178.578,51.7812,66.2812,1,0,0.5,0.5,0
22702286,2484,0,1,0,0.30301,168.195,179.406,52.8594,63.4375,1,0,0.5,0.5,0
22706881,2485,0,1,0,0.509276,169.164,180.344,53.7969,65.3125,1,0,0.5,0.5,0
22710332,2481,0,1,0,0.498047,169.219,180.156,55.5312,69.3125,1,0,0.5,0.5,0
22715299,2485,0,1,0,0.725648,168.816,180.734,52.3672,65.7812,0,0,0.5,0.5,0
22721770,2486,0,1,0,0.698432,170.012,180.453,51.7734,69.2188,1,0,0.5,0.5,0
22725530,2486,0,1,0,0.564099,170.047,180.359,51.7188,69.5938,2,0,0.5,0.5,0
22729694,2486,0,1,0,0.799129,168.328,178.914,46.8438,60.2031,0,0,0.5,0.5,0
22735279,2485,0,1,0,0.407805,168.242,179.023,48.1094,58.2031,0,0,0.5,0.5,0
22741839,2481,0,1,0,0.633864,167.484,177.664,47.0938,64.9531,1,0,0.5,0.5,0
22745922,2484,0,1,0,0.433981,167.418,178.867,48.0391,57.9531,1,0,0.5,0.5,0
22749500,2490,0,1,0,0.760293,166.789,179.305,46.0469,60.2969,0,0,0.5,0.5,0
22755950,2486,0,1,0,0.29747,158.762,177.781,30.6641,52.375,0,0,0.5,0.5,0
22759871,2485,0,1,0,0.534613,158.766,177.406,31.75,55.5,0,0,0.5,0.5,0
22764140,2485,0,1,0,0.408277,158.93,178.109,33.0156,59.1562,0,0,0.5,0.5,0
22769349,2481,0,1,0,0.632957,159.121,179.234,37.2266,53.9062,0,0,0.5,0.5,0
22773293,2481,0,1,0,0.437823,158.82,178.375,39.9531,58.5,0,0,0.5,0.5,0
22777266,2479,0,1,0,0.527803,158.062,178.289,36.375,57.6406,0,0,0.5,0.5,0
22783945,2483,0,1,0,0.52683,157.773,179.828,34.2969,54.5312,0,0,0.5,0.5,0
22787481,2481,0,1,0,0.656659,157.883,179.281,37.5781,57,0,0,0.5,0.5,0
22793346,2482,0,1,0,0.678327,153.734,177.859,29.0938,52.9062,0,0,0.5,0.5,0
22799501,2480,0,1,0,0.494629,154.547,177.523,32,56.8594,0,0,0.5,0.5,0
22803311,2482,0,1,0,0.414425,153.898,178.43,31.5781,53.6094,0,0,0.5,0.5,0
22807132,2481,0,1,0,0.79053,152.375,178.453,29.375,55.7188,-1,0,0.5,0.5,0
22813919,2484,0,1,0,0.388618,152.242,178.922,31.2344,56.4688,0,0,0.5,0.5,0
22817431,2477,0,1,0,0.66888,150.902,177.773,30.7109,56.1719,0,0,0.5,0.5,0
22823779,2489,0,1,0,0.531209,149.484,175.219,30.4062,62.5625,-1,0,0.5,0.5,0
22827422,2481,0,1,0,0.632504,149.68,174.562,30.6719,64.75,0,0,0.5,0.5,0
22834008,2483,0,1,0,0.293607,149.246,176.562,29.4609,57.9375,-1,0,0.5,0.5,0
22837402,2485,0,1,0,0.677047,147.148,175.195,26.8281,61.5781,-1,0,0.5,0.5,0
22841534,2485,0,1,0,0.671901,144.344,176.359,26.625,59.4062,-1,0,0.5,0.5,0
22845206,2488,0,1,0,0.668447,144.168,176.641,27.9297,59.7188,-1,0,0.5,0.5,0
22851366,2480,0,1,0,0.70538,144.383,175.781,25.1719,58.25,-1,0,0.5,0.5,0
22856588,2485,0,1,0,0.568895,141.82,178.797,30.0469,64.0312,-1,0,0.5,0.5,0
22861378,2483,0,1,0,0.68342,142.094,178.438,25.5625,58.375,-1,0,0.5,0.5,0
22867235,2485,0,1,0,0.469763,141.445,178.336,26.9531,60.3906,-2,0,0.5,0.5,0
22874630,2489,0,1,0,0.568416,141.355,178.703,25.1328,56.0938,-1,0,0.5,0.5,0
22880782,2481,0,1,0,0.627496,140.082,178,24.6953,58.0625,-1,0,0.5,0.5,0
22885258,2485,0,1,0,0.325521,138.688,179.219,27.3594,61.9375,-2,0,0.5,0.5,0
22890272,2483,0,1,0,0.511229,137.812,178.875,27.4844,64.4375,-2,0,0.5,0.5,0
22894789,2484,0,1,0,0.645566,136.844,178.891,25.9688,62.8438,-2,0,0.5,0.5,0
22899186,2482,0,1,0,0.334155,135.996,177.438,27.9297,73.5625,-2,0,0.5,0.5,0
22904689,2484,0,1,0,0.321246,135.742,177.219,27.6719,73.4375,-2,0,0.5,0.5,0
22909254,2484,0,1,0,0.710227,135.035,173.922,26.0078,69.1562,-3,0,0.5,0.5,0
22915189,2484,0,1,0,0.726813,134.34,177.641,27.2422,78.0938,-2,0,0.5,0.5,0
22918846,2480,0,1,0,0.673621,133.551,177.578,27.0703,78.2188,-2,0,0.5,0.5,0
22923278,2485,0,1,0,0.747985,132.703,176.469,26.1875,75.1875,-3,0,0.5,0.5,0
22928527,2483,0,1,0,0.678754,132.477,176.906,27.1094,75.4375,-3,0,0.5,0.5,0
22932088,2486,0,1,0,0.752376,131.867,177.727,27.7656,78.9219,-3,0,0.5,0.5,0
22938118,2485,0,1,0,0.792143,131.746,177.656,25.9297,78.4375,-3,-1,0.5,0.5,0
22942069,2485,0,1,0,0.469763,131.637,177.609,25.8516,69.8438,-3,0,0.5,0.5,0
22945661,2485,0,1,0,0.553023,130.727,177.953,26.8594,68.9062,-3,0,0.5,0.5,0
22952129,2481,0,1,0,0.611846,129.77,178.094,25.9297,64.125,-4,0,0.5,0.5,0
22957768,2484,0,1,0,0.607197,128.992,175.922,25.6406,73.4688,-3,0,0.5,0.5,0
22961428,2486,0,1,0,0.479991,126.984,179.32,25.875,61.3594,-5,0,0.5,0.5,0
22965729,2486,0,1,0,0.288569,127.871,178.227,25.1953,58.6719,-4,0,0.5,0.5,0
22970749,2482,0,1,0,0.607197,127.16,177.594,25.5703,62.5625,-4,0,0.5,0.5,0
22974731,2484,0,1,0,0.563618,125.598,177.812,26.2109,62.625,-4,0,0.5,0.5,0
22981050,2483,0,1,0,0.448909,125.758,176.891,26.5781,67.7188,-5,0,0.5,0.5,0
22987486,2486,0,1,0,0.561215,124.801,177.484,23.9141,63.9688,-5,0,0.5,0.5,0
22991549,2483,0,1,0,0.771498,124.312,177.125,26.375,72.5625,-5,0,0.5,0.5,0
22995474,2484,0,1,0,0.342681,123.086,177.586,28.5781,72.9844,-6,0,0.5,0.5,0
22998700,2482,0,1,0,0.257577,121.656,181.812,26.2188,68,-6,0,0.5,0.5,0
23004553,2485,0,1,0,0.538013,121.699,182.156,26.0391,67,-6,0,0.5,0.5,0
23008562,2483,0,1,0,0.507324,121.998,179.922,27.8164,66.4688,-6,0,0.5,0.5,0
23014695,2485,0,1,0,0.569853,120.277,179.828,28.8047,70.7812,-7,0,0.5,0.5,0
23018772,2484,0,1,0,0.737538,119.379,179.195,28.0547,74.9219,-7,0,0.5,0.5,0
23022565,2486,0,1,0,0.541409,118.145,179.219,28.4609,70.1875,-8,0,0.5,0.5,0
23030617,2484,0,1,0,0.287367,117.555,179.688,29.6094,61.125,-8,0,0.5,0.5,0
23036353,2486,0,1,0,0.292191,116.309,180.367,27.8984,57.8906,-8,0,0.5,0.5,0
23040682,2487,0,1,0,0.611382,115.141,182.953,28.9375,67.7812,-10,0,0.5,0.5,0
23045397,2486,0,1,0,0.258699,114.713,181.406,26.793,68.875,-9,0,0.5,0.5,0
23049454,2479,0,1,0,0.444083,113.656,180.656,27.5312,67.625,-10,0,0.5,0.5,0
23055725,2484,0,1,0,0.30198,114.52,184.406,24.2266,61.1875,-11,0,0.5,0.5,0
23059495,2482,0,1,0,0.464415,112.516,184.922,25.9062,62.3438,-11,0,0.5,0.5,0
23063513,2483,0,1,0,0.446977,110.785,184.406,28.6484,63.9375,-11,0,0.5,0.5,0
23069520,2485,0,1,0,0.483892,109.67,184.375,28.0898,62.3125,-12,0,0.5,0.5,0
23073537,2486,0,1,0,0.419648,108.75,183.086,29.75,66.1719,-11,0,0.5,0.5,0
23080356,2485,0,1,0,0.624752,109.062,181.797,30.9062,71.2812,-11,0,0.5,0.5,0
23086392,2482,0,1,0,0.27513,107,183.828,32.375,67.8438,-12,0,0.5,0.5,0
23090471,2489,0,1,0,0.438785,106.625,182.578,31.875,69.5312,-11,0,0.5,0.5,0
23095340,2485,0,1,0,0.522933,105.398,183.773,33.4844,68.0781,-12,0,0.5,0.5,0
23100952,2485,0,1,0,0.573201,104.898,182.703,33.7969,70.7812,-11,0,0.5,0.5,0
23105200,2485,0,1,0,0.25423,103.375,185.5,36.5625,64.6875,-11,0,0.5,0.5,0
23111029,2483,0,1,0,0.441192,103.07,184.109,36.1406,68.4688,-12,0,0.5,0.5,0
23115277,2470,0,0,-1,0,0,0,0,0,0,0,0,0,0
23119834,2485,0,1,0,0.521471,101.309,183.977,37.1953,59.7656,-11,0,0.5,0.5,0
23123422,2484,0,1,0,0.704974,101.766,180.602,37.9062,68.2969,-11,0,0.5,0.5,0
23129579,2480,0,1,0,0.26875,100.238,183.273,38.0859,61.0156,-12,0,0.5,0.5,0
23133742,2485,0,1,0,0.711832,99.2695,178.648,40.6641,68.7969,-11,0,0.5,0.5,0
23139620,2485,0,1,0,0.377082,100.992,180.422,34.3281,64.6562,-11,0,0.5,0.5,0
23143767,2485,0,1,0,0.518546,98.3203,182.555,42.7031,60.2344,-12,0,0.5,0.5,0
23147246,2486,0,1,0,0.317214,97.2812,178.43,39.25,62.4219,-11,0,0.5,0.5,0
23150756,2471,0,0,-1,0,0,0,0,0,0,0,0,0,0
23154832,2484,0,1,0,0.329824,100.996,178.062,22.2422,54.5,-11,0,0.5,0.5,0
23160416,2483,0,1,0,0.300746,102.09,176.844,24.7422,61.8125,-11,0,0.5,0.5,0
23164644,2472,0,0,-1,0,0,0,0,0,0,0,0,0,0
23170693,2482,0,1,0,0.340265,95.9414,179.047,33.5078,57.6562,-11,0,0.5,0.5,0
23174615,2485,0,1,0,0.278649,95.4531,177.852,35.625,60.8906,-11,0,0.5,0.5,0
23178618,2480,0,1,0,0.390476,91.5547,180.844,43.3281,57.75,-12,0,0.5,0.5,0
23187989,2485,0,1,0,0.40028,91.7969,180.094,40.0938,61.0625,-11,0,0.5,0.5,0
23193675,2484,0,1,0,0.53607,92.3398,181.312,45.5547,58.625,-11,0,0.5,0.5,0
23198270,2485,0,1,0,0.402627,90.2891,182.523,43.1406,60.4844,-12,0,0.5,0.5,0
23202213,2484,0,1,0,0.280616,94.5195,175.078,21.1641,47.5938,-11,0,0.5,0.5,0
23206377,2470,0,0,-1,0,0,0,0,0,0,0,0,0,0
23211432,2472,0,0,-1,0,0,0,0,0,0,0,0,0,0
23215725,2471,0,0,-1,0,0,0,0,0,0,0,0,0,0
23220972,2470,0,0,-1,0,0,0,0,0,0,0,0,0,0
23226987,2480,0,1,0,0.397471,89.7422,183.969,50.6406,54.1875,-11,0,0.5,0.5,0
23230344,2485,0,1,0,0.550124,89.2578,185.086,47.7344,49.4844,-7,0,0.5,0.5,0
23236545,2483,0,1,0,0.327669,88.7969,184.203,46.8438,49.0938,-5,0,0.5,0.5,0
23241234,2486,0,1,0,0.372961,88.3242,182.672,48.6484,53.4688,-5,0,0.5,0.5,0
23247350,2467,0,0,-1,0,0,0,0,0,0,0,0,0,0
23250967,2480,0,1,0,0.463444,86.8672,185.008,48.4531,51.3281,-10,0,0.5,0.5,0
23254648,2479,0,1,0,0.512205,86.6484,184.938,48.0156,49,-9,0,0.5,0.5,0
23260350,2469,0,0,-1,0,0,0,0,0,0,0,0,0,0
23264262,2469,0,0,-1,0,0,0,0,0,0,0,0,0,0
23269741,2473,0,0,-1,0,0,0,0,0,0,0,0,0,0
23273442,2483,0,1,0,0.282988,85.8594,184.625,18.5625,38.6562,-11,0,0.5,0.5,0
23277517,2465,0,0,-1,0,0,0,0,0,0,0,0,0,0
23283927,2484,0,1,0,0.321033,83.7734,185.398,46.5781,47.9844,-9,0,0.5,0.5,0
23288362,2471,0,0,-1,0,0,0,0,0,0,0,0,0,0
23294503,2470,0,0,-1,0,0,0,0,0,0,0,0,0,0
23300827,2486,0,1,0,0.338514,73.7695,184.164,27.2266,46.7656,-11,0,0.5,0.5,0
23304362,2484,0,1,0,0.656219,80.3359,186.203,44.2969,49.4688,-11,0,0.5,0.5,0
23308546,2474,0,0,-1,0,0,0,0,0,0,0,0,0,0
23312040,2483,0,1,0,0.299925,72.5977,184.078,27.5078,46.0312,-11,0,0.5,0.5,0
23317470,2484,0,1,0,0.295026,71.6641,185.578,26.8281,43.6562,-11,0,0.5,0.5,0
23321678,2477,0,1,0,0.250179,69.0352,185.352,23.3203,44.8594,-11,0,0.5,0.5,0
23327690,2481,0,1,0,0.485356,70.9453,185.203,27.8594,48.2812,-9,0,0.5,0.5,0
23334270,2484,0,1,0,0.465387,75.1953,186.516,39.6406,48.9062,-11,0,0.5,0.5,0
23340890,2481,0,1,0,0.663233,74.3984,186.125,38.6719,49.75,-11,0,0.5,0.5,0
23344990,2482,0,1,0,0.595963,73.7188,186.344,38.1875,48.6875,-12,0,0.5,0.5,0
23350531,2483,1,1,0,0.740176,72.8906,186.953,37.2812,50.9688,-11,0,0.5,0.5,0
23355705,2487,1,1,0,0.75274,70.5,186.523,35.1875,49.2969,-11,0,0.5,0.5,0
23359957,2487,1,1,0,0.758866,69.2812,187.125,33.6875,49.6875,-12,0,0.5,0.5,0
23368054,2483,1,1,0,0.33112,79.8086,186.164,32.1641,49.5156,-11,0,0.5,0.5,0
23371339,2484,1,1,0,0.773558,108.328,180.773,32.3438,59.3281,-10,0,0.5,0.5,0
23377435,2485,1,1,0,0.425367,106.906,180.375,31.4375,58.875,-11,0,0.5,0.5,0
23382876,2481,1,1,0,0.391871,117.695,182.312,31.1719,54.25,-11,0,0.5,0.5,0
23386501,2487,1,1,0,0.472197,126.398,182.75,24.9375,51,-9,0,0.5,0.5,0
23390265,2478,1,1,0,0.415373,140.484,181.023,23.7812,53.8594,-8,0,0.5,0.5,0
23393950,2483,1,1,0,0.519034,152.402,180.719,24.1328,57,-4,0,0.5,0.5,0
23399738,2478,1,1,0,0.661486,160.332,180.547,26.4141,56.9062,-3,0,0.5,0.5,0
23403788,2482,1,1,0,0.553988,171.578,183.641,23.0312,52.0938,-3,0,0.5,0.5,0
23407535,2485,1,1,0,0.277865,175.434,182.52,25.8828,56.5391,-4,0,0.5,0.5,0
23412953,2479,1,1,0,0.645566,177.301,181.859,25.9297,56.6562,-1,0,0.5,0.5,0
23417216,2479,1,1,0,0.378459,183.943,183.789,21.5039,52.2031,0,0,0.5,0.5,0
23421163,2485,1,1,0,0.339389,183.91,186.234,21.8203,54.0938,0,0,0.5,0.5,0
23426049,2484,1,1,0,0.450843,184.125,185.078,24.7812,56.5938,-1,0,0.5,0.5,0
23429700,2484,1,1,0,0.292191,184.688,184,23.875,59.25,0,0,0.5,0.5,0
23433528,2481,1,1,0,0.368405,183.822,184.008,24.0195,55.2344,1,0,0.5,0.5,0
23439453,2481,1,1,0,0.495606,185.018,183.25,24.5898,62.9375,1,0,0.5,0.5,0
23443333,2481,1,1,0,0.303216,184.137,185.109,28.2578,66.5312,1,0,0.5,0.5,0
23449833,2488,1,1,0,0.431105,183.262,182.094,26.2109,65.4375,1,0,0.5,0.5,0
23453827,2484,1,1,0,0.415373,181.453,182.867,22.8125,53.7656,1,0,0.5,0.5,0
23457349,2484,1,1,0,0.266262,180.281,187.078,23.75,59.9062,1,0,0.5,0.5,0
23463655,2485,1,1,0,0.276496,179.441,186.695,31.1953,63.3906,1,0,0.5,0.5,0
23467699,2484,1,1,0,0.304455,175.844,182.719,29.6562,73.5625,1,0,0.5,0.5,0
23471657,2487,1,1,0,0.420599,176.191,179.094,33.9453,79.9375,1,0,0.5,0.5,0
23475967,2472,1,0,-1,0,0,0,0,0,0,0,0,0,0
23481831,2484,1,1,0,0.33372,312.125,200.812,15.7812,93.125,11,0,0.5,0.5,0
23485110,2483,1,1,0,0.389546,168.164,181.953,27.6094,69.5938,-2,0,0.5,0.5,0
23488757,2483,1,1,0,0.476092,168.008,181.516,28.1719,70.8438,-1,0,0.5,0.5,0
23493042,2479,1,1,0,0.284576,153.367,188.656,34.2344,73.5625,-2,0,0.5,0.5,0
23498768,2483,1,1,0,0.579876,153.199,183.375,29.1641,91.375,0,0,0.5,0.5,0
23502762,2483,1,1,0,0.433022,153.359,183.266,30.5625,91.4688,0,0,0.5,0.5,0
23512699,2482,1,1,0,0.445047,156.645,185.312,33.2734,82.125,0,0,0.5,0.5,0
23518659,2478,1,1,0,0.263788,152.559,189.297,30.7266,83.0938,0,0,0.5,0.5,0
23523095,2481,1,1,0,0.606265,152.547,188.039,32,85.7969,-1,0,0.5,0.5,0
23527406,2485,1,1,0,0.608594,150.727,191.953,35.7344,81.4688,-1,0,0.5,0.5,0
23532844,2484,1,1,0,0.538013,150.609,191.797,36.7188,81.5938,0,0,0.5,0.5,0
23536274,2486,1,1,0,0.395601,149.914,189.547,33.2969,86.9062,0,0,0.5,0.5,0
23540012,2483,1,1,0,0.74872,150.164,191.875,34.8906,81.875,-1,0,0.5,0.5,0
23544808,2482,1,1,0,0.513668,150.836,186.75,35.3906,93.125,-1,0,0.5,0.5,0
23548276,2478,1,1,0,0.370224,149.785,191.422,35.6328,87.1562,0,0,0.5,0.5,0
23553938,2485,1,1,0,0.61832,149.578,189.609,36.6562,90.7188,-1,0,0.5,0.5,0
23557222,2484,1,1,0,0.518059,149.781,189.414,35.6875,89.0469,0,0,0.5,0.5,0
23561752,2486,1,1,0,0.671901,149.656,192.656,35.1562,83.75,-1,0,0.5,0.5,0
23565615,2485,1,1,0,0.703346,148.469,192.781,35.7188,84.3125,-1,0,0.5,0.5,0
23572636,2484,1,1,0,0.609524,148.996,191.867,35.4766,85.7656,0,0,0.5,0.5,0
23578528,2485,1,1,0,0.628864,148.492,192.625,34.7656,83.5,-1,0,0.5,0.5,0
23585160,2481,1,1,0,0.560734,148.434,193.047,35.1797,83.0312,-1,0,0.5,0.5,0
23591858,2486,1,1,0,0.441192,147.59,193.289,35.8984,84.8281,0,0,0.5,0.5,0
23595495,2485,1,1,0,0.416797,147.5,193.32,35.6875,83.2656,-1,0,0.5,0.5,0
23601467,2481,1,1,0,0.568895,146.996,191.594,36.3203,79.125,-1,0,0.5,0.5,0
23605356,2483,1,1,0,0.614625,145.891,193.062,38.3125,83.875,-1,0,0.5,0.5,0
23609491,2485,1,1,0,0.689306,145.051,193.781,39.6016,85.6875,-1,0,0.5,0.5,0
23615407,2484,1,1,0,0.670608,145.379,193.945,40.1953,84.5156,-1,0,0.5,0.5,0
23619060,2482,1,1,0,0.646013,144.098,193.844,39.2109,85.1875,-1,0,0.5,0.5,0
23622874,2482,1,1,0,0.627496,145.551,193.992,37.7734,85.6094,-1,0,0.5,0.5,0
23630541,2480,1,1,0,0.627952,144.762,193.875,38.5234,86,-1,0,0.5,0.5,0
23635124,2484,1,1,0,0.677901,146.926,193.883,37.9453,85.7656,-1,0,0.5,0.5,0
23640225,2482,1,1,0,0.594551,145.988,193.188,39.2109,88.375,-1,0,0.5,0.5,0
23645835,2486,1,1,0,0.648243,145.262,193.484,40.8984,86.7812,-1,0,0.5,0.5,0
23649612,2483,1,1,0,0.627039,145.484,193.93,40.8125,85.7656,-1,0,0.5,0.5,0
23656065,2483,1,1,0,0.693888,145.141,194.344,41.6562,84.8125,-1,0,0.5,0.5,0
23662281,2486,1,1,0,0.563618,144.852,193.859,44.6719,87.4062,-1,0,0.5,0.5,0
23666195,2484,1,1,0,0.601594,144.844,194.594,44.7188,86.375,-1,0,0.5,0.5,0
23670615,2485,1,1,0,0.265499,144.711,194.625,43.1094,85.5,-2,0,0.5,0.5,0
23676577,2484,1,1,0,0.397003,142.562,194.578,49.75,85.8438,-1,0,0.5,0.5,0
23683539,2488,1,1,0,0.661486,154.91,194.047,26.7578,76.4062,0,0,0.5,0.5,0
23687445,2484,1,1,0,0.727588,144.578,193.281,55.2188,88.875,-1,0,0.5,0.5,0
23693216,2482,1,1,0,0.678327,144.797,194.258,53.4688,87.7344,-1,0,0.5,0.5,0
23697916,2483,1,1,0,0.789233,144.906,188.859,53.25,97.9688,-1,0,0.5,0.5,0
23703529,2483,1,1,0,0.501465,142.391,193.07,60.1562,86.6406,-2,0,0.5,0.5,0
23707345,2486,1,1,0,0.706595,142.922,188.609,65.0312,99.0312,-1,0,0.5,0.5,0
23712926,2485,1,1,0,0.687631,142.102,188.969,66.4531,95.5,-1,0,0.5,0.5,0
23719150,2485,1,1,0,0.310903,143.141,188.984,68.0938,94.4688,-2,0,0.5,0.5,0
23723181,2484,1,1,0,0.491212,145.945,191.945,67.4844,89.8906,-1,0,0.5,0.5,0
23727185,2485,1,1,0,0.785966,144.234,188.359,76.1562,100.281,-1,0,0.5,0.5,0
23732913,2485,1,1,0,0.623377,144.742,188.711,73.8594,99.4219,-1,0,0.5,0.5,0
23736671,2481,1,1,0,0.422028,144.586,188.156,70.3906,91.1875,-1,0,0.5,0.5,0
23740807,2478,1,1,0,0.500488,145.391,192.57,78.9062,90.6406,-2,0,0.5,0.5,0
23746214,2485,1,1,0,0.730675,145.492,192.5,74.6094,85.8125,-1,0,0.5,0.5,0
23749779,2484,1,1,0,0.63477,147.547,192.219,80.2812,92.4375,0,0,0.5,0.5,0
23754013,2484,1,1,0,0.525369,149.5,192.039,75.375,89.1719,-1,0,0.5,0.5,0
23759677,2484,1,1,0,0.676192,147.125,192.797,73.8125,84.7188,-1,0,0.5,0.5,0
23763833,2484,1,1,0,0.734501,146.281,192.188,76.5625,83,-2,0,0.5,0.5,0
23767540,2482,1,1,0,0.762422,146.719,191.5,79.8125,86.625,0,0,0.5,0.5,0
23771020,2480,1,1,0,0.545286,149.422,193.5,83.8438,88.375,-1,0,0.5,0.5,0
23775281,2483,1,1,0,0.611846,151.906,192.891,81.8125,88.2812,-1,0,0.5,0.5,0
23780848,2482,1,1,0,0.662797,152.062,192.953,79,84.9688,0,0,0.5,0.5,0
23786943,2481,1,1,0,0.7237,150.781,192.781,77.75,82.5625,-1,0,0.5,0.5,0
23791107,2482,1,1,0,0.772186,150.906,193.078,83.6875,89.4062,0,0,0.5,0.5,0
23797388,2486,1,1,0,0.786623,151.328,193.195,82.5938,87.6406,-1,0,0.5,0.5,0
23800991,2483,1,1,0,0.793106,152.797,193.391,80.1562,87.7812,0,0,0.5,0.5,0
23807009,2486,1,1,0,0.688888,152.156,192.062,80.0625,88.375,-1,0,0.5,0.5,0
23810405,2485,1,1,0,0.825307,152.969,191.453,75.4375,90.0312,0,0,0.5,0.5,0
23814504,2483,1,1,0,0.366816,154.203,192.234,74.1562,84.4688,0,0,0.5,0.5,0
23819558,2486,1,1,0,0.752012,154.891,192.82,70.9688,88.6406,-1,0,0.5,0.5,0
23824663,2485,1,1,0,0.824178,154.922,192.766,71.4688,88.9688,0,0,0.5,0.5,0
23828662,2485,1,1,0,0.771153,154.188,191.891,70.625,83.5938,0,0,0.5,0.5,0
23834173,2486,1,1,0,0.793106,155.086,191.82,71.5469,90.0156,0,0,0.5,0.5,0
23839384,2484,1,1,0,0.82133,155.062,191.375,71,89.3125,-1,0,0.5,0.5,0
23844942,2483,1,1,0,0.824178,155.391,188.406,72.9062,100.312,0,0,0.5,0.5,0
23848808,2484,1,1,0,0.763481,154.617,188.141,73.1406,98.8438,0,0,0.5,0.5,0
23853300,2484,1,1,0,0.779993,152.578,192.75,68.4062,88,0,0,0.5,0.5,0
23859229,2483,1,1,0,0.800692,152.688,192.828,66.875,88.9062,-1,0,0.5,0.5,0
23862957,2484,1,1,0,0.80038,151.656,192.797,66,88.7188,0,0,0.5,0.5,0
23869086,2485,1,1,0,0.791499,150.797,192.469,65.4062,86.9375,-1,0,0.5,0.5,0
23873908,2484,1,1,0,0.793746,150.164,192.016,63.5469,88.4688,0,0,0.5,0.5,0
23878395,2482,1,1,0,0.805633,148.727,191.906,62.2969,91.9375,-1,0,0.5,0.5,0
23884707,2485,1,1,0,0.747985,148.422,187.797,58.7188,97.8438,0,0,0.5,0.5,0
23888532,2482,1,1,0,0.805633,147.398,187.391,60.1719,99.5938,-1,0,0.5,0.5,0
23892497,2486,1,1,0,0.887397,146.789,187.25,58.9219,100.25,-1,0,0.5,0.5,0
23897893,2482,1,1,0,0.880589,146.133,186.844,58.0469,99.1875,-1,0,0.5,0.5,0
23902036,2484,1,1,0,0.84364,146.367,187.188,54.5469,100.25,-1,0,0.5,0.5,0
23906078,2481,1,1,0,0.68595,145.734,191.312,56.5312,88.75,-1,0,0.5,0.5,0
23911612,2491,1,1,0,0.813757,145.453,187.195,54.7188,99.3594,0,0,0.5,0.5,0
23915661,2486,1,1,0,0.784319,145.781,192.781,51.4375,86.5625,-2,0,0.5,0.5,0
23921794,2486,1,1,0,0.682151,144.805,190.547,51.4219,90.8438,-1,0,0.5,0.5,0
23925932,2480,1,1,0,0.747616,144.719,189.352,50.0625,96.0781,-1,0,0.5,0.5,0
23929944,2486,1,1,0,0.863159,142.406,186.141,42.8125,100.281,-1,0,0.5,0.5,0
23934918,2485,1,1,0,0.743914,142.883,185.938,38.1094,100.875,-1,0,0.5,0.5,0
23938588,2481,1,1,0,0.596433,143.785,187.07,35.7578,95.1094,-2,0,0.5,0.5,0
23944722,2484,1,1,0,0.740176,144.734,189.672,34.8125,87.6562,0,0,0.5,0.5,0
23948667,2488,1,1,0,0.703346,144.082,189.344,36.5234,92.0625,-2,0,0.5,0.5,0
23952604,2481,1,1,0,0.536556,147.781,186.547,35.9375,97.7188,-1,0,0.5,0.5,0
23958395,2483,1,1,0,0.648243,147.883,186.891,36.0469,96.2188,0,0,0.5,0.5,0
23962398,2485,1,1,0,0.391871,149.578,191.453,37.3438,93.5938,-1,0,0.5,0.5,0
23966288,2482,1,1,0,0.362969,150.145,191.969,37.6484,88.1875,-1,0,0.5,0.5,0
23969658,2482,1,1,0,0.316157,150.164,192.148,35.8594,84.7969,-1,0,0.5,0.5,0
23973543,2486,1,1,0,0.394201,149.312,190.344,39.6875,88.3125,0,0,0.5,0.5,0
23979337,2484,1,1,0,0.791499,146.055,185.57,37.5469,100.984,-1,0,0.5,0.5,0
23983711,2481,1,1,0,0.621541,147.383,186.336,35.9844,99.9219,-1,0,0.5,0.5,0
23988978,2485,1,1,0,0.419172,148.273,190.984,35.1406,90.2812,-1,0,0.5,0.5,0
23993940,2488,1,1,0,0.632504,148.547,190.141,36.0312,94.2812,-1,0,0.5,0.5,0
23999532,2482,1,1,0,0.51562,150.309,191.203,34.9297,89.2812,0,0,0.5,0.5,0
24003862,2486,1,1,0,0.794066,151.32,190.844,36.9219,91.5625,-1,0,0.5,0.5,0
24012152,2483,1,1,0,0.722527,154.352,185.039,35.9531,103.672,0,0,0.5,0.5,0
24017566,2483,1,1,0,0.784649,154.227,185.094,37.0781,103,0,0,0.5,0.5,0
24022812,2487,1,1,0,0.68342,154.414,185.305,38.0781,103.141,-1,0,0.5,0.5,0
24029115,2485,1,1,0,0.609989,156.148,186.062,36.4219,95.75,0,0,0.5,0.5,0
24033217,2484,1,1,0,0.781664,156.531,184.188,37.5938,100.5,0,0,0.5,0.5,0
24037182,2484,1,1,0,0.737538,158.883,186.719,37.2344,92.6875,0,0,0.5,0.5,0
24041594,2486,1,1,0,0.789882,159.988,184.234,38.0703,101.469,0,0,0.5,0.5,0
24046612,2484,1,1,0,0.811079,160.234,184.172,38.1875,102.719,0,0,0.5,0.5,0
24051855,2487,1,1,0,0.812273,160.688,184.141,38.875,102.906,0,0,0.5,0.5,0
24057060,2485,1,1,0,0.742049,162.035,183.328,38.9922,102.406,0,0,0.5,0.5,0
24060842,2483,1,1,0,0.761359,163.152,184.625,37.7422,101.188,0,0,0.5,0.5,0
24066215,2482,1,1,0,0.722527,163.855,185.391,37.9922,100.094,0,-1,0.5,0.5,0
24070583,2487,1,1,0,0.70416,164.109,185.078,37.5312,101.656,0,0,0.5,0.5,0
24074296,2483,1,1,0,0.678754,165.328,185.086,36.4688,100.422,0,0,0.5,0.5,0
24079651,2483,1,1,0,0.326809,163.789,190.422,37.5156,88.9062,0,0,0.5,0.5,0
24083772,2485,1,1,0,0.394668,163.793,190.938,32.6328,87.4375,0,0,0.5,0.5,0
24087305,2486,1,1,0,0.545286,165.762,191.695,36.1953,84.6094,1,0,0.5,0.5,0
24092540,2484,1,1,0,0.423935,167.727,190.578,37.9219,90.3438,0,0,0.5,0.5,0
24096296,2486,1,1,0,0.600657,168.023,191.094,34.8906,89.6875,0,0,0.5,0.5,0
24100407,2482,1,1,0,0.677474,167.891,190.766,34.25,89.0938,1,0,0.5,0.5,0
24105762,2482,1,1,0,0.432063,165.754,193.594,31.0391,88.0625,0,0,0.5,0.5,0
24109561,2483,1,1,0,0.310694,165.703,192.906,25.75,87.1875,0,0,0.5,0.5,0
24113125,2481,1,1,0,0.549641,168.285,194.195,29.2109,86.6406,0,0,0.5,0.5,0
24118929,2485,1,1,0,0.529263,169.004,194.523,29.1328,84.6719,1,0,0.5,0.5,0
24122856,2483,1,1,0,0.365456,169.566,194.359,27.9141,84.7188,1,0,0.5,0.5,0
24129132,2486,1,1,0,0.480479,172.387,191.281,31.0078,89.3125,0,0,0.5,0.5,0
24133466,2485,1,1,0,0.40028,172.137,192.141,30.5078,85.9688,1,0,0.5,0.5,0
24139281,2473,1,0,-1,0,0,0,0,0,0,0,0,0,0
24143770,2485,1,1,0,0.560253,172.871,190.898,33.2891,92.2031,0,0,0.5,0.5,0
24149409,2485,1,1,0,0.401218,173.57,192.953,31.9531,90.2188,2,0,0.5,0.5,0
24153070,2487,1,1,0,0.47658,173.531,193.219,32.375,89.25,0,0,0.5,0.5,0
24159493,2483,1,1,0,0.385837,176.547,194.461,29.25,82.8281,2,0,0.5,0.5,0
24163597,2484,1,1,0,0.353094,174.516,197.656,31.5,76.625,0,0,0.5,0.5,0
24170225,2485,1,1,0,0.505859,175.641,194.859,30.7812,83.7188,1,0,0.5,0.5,0
24174107,2484,1,1,0,0.668014,173.328,193.805,31.4688,87.8906,1,0,0.5,0.5,0
24179120,2485,1,1,0,0.548674,173.527,193.461,34.1328,86.1719,1,0,0.5,0.5,0
24184401,2486,1,1,0,0.33917,171.594,194.68,35.625,83.1406,1,0,0.5,0.5,0
24188211,2485,1,1,0,0.566498,173.801,194.516,33.3359,84.5312,1,0,0.5,0.5,0
24194058,2480,1,1,0,0.608594,172.289,194.156,35.2344,83.1875,0,0,0.5,0.5,0
24198301,2483,1,1,0,0.593609,171.48,193.516,35.5078,87.2812,1,0,0.5,0.5,0
24202993,2485,1,1,0,0.609059,172.969,193.656,37.875,86.5625,1,0,0.5,0.5,0
24208129,2485,1,1,0,0.821903,172.926,193.766,39.1484,85.0312,1,0,0.5,0.5,0
24211989,2483,1,1,0,0.479504,171.891,194.734,40.1875,82.7812,1,0,0.5,0.5,0
24215687,2483,1,1,0,0.655337,172.176,194.555,41.5391,84.6094,1,0,0.5,0.5,0
24224131,2483,1,1,0,0.761004,171.586,194.516,43.0156,86.8438,0,0,0.5,0.5,0
24229184,2484,1,1,0,0.646013,169.859,193.875,48.375,92.25,1,0,0.5,0.5,0
24235252,2486,1,1,0,0.702121,171.188,193.352,53.25,97.1719,1,0,0.5,0.5,0
24238815,2483,1,1,0,0.690559,171.43,196.453,53.3594,91.3438,0,0,0.5,0.5,0
24242621,2482,1,1,0,0.768036,170.992,192.906,54.7031,97.8125,1,0,0.5,0.5,0
24248718,2484,1,1,0,0.81582,171.594,191.594,56.375,105.188,1,0,0.5,0.5,0
24252361,2486,1,1,0,0.682574,171.188,191.07,58.25,102.641,1,0,0.5,0.5,0
24258133,2486,1,1,0,0.837886,171.031,191.203,58.8125,105.656,0,0,0.5,0.5,0
24262225,2482,1,1,0,0.797557,171.016,191.172,59.0938,104.406,1,0,0.5,0.5,0
24266032,2481,1,1,0,0.831416,172.5,189.375,59.1875,100.75,1,0,0.5,0.5,0
24269643,2484,1,1,0,0.644224,173.125,193.039,58.5,88.9219,1,0,0.5,0.5,0
24275452,2482,1,1,0,0.839472,173.516,188.82,61.5312,100.109,0,0,0.5,0.5,0
24279208,2483,1,1,0,0.775605,172.828,188.219,63.1562,99.0625,1,0,0.5,0.5,0
24283630,2479,1,1,0,0.819605,172.844,193.625,63.0625,88.625,2,0,0.5,0.5,0
24289088,2484,1,1,0,0.595493,172.234,193.367,65.7188,90.5156,0,0,0.5,0.5,0
24292778,2484,1,1,0,0.816991,171.055,188.125,61.8594,98.625,1,0,0.5,0.5,0
24299207,2483,1,1,0,0.720958,167.969,189.117,66.8125,98.0156,0,0,0.5,0.5,0
24303227,2484,1,1,0,0.81257,168.297,189.516,69.0938,98.2812,1,0,0.5,0.5,0
24309286,2484,1,1,0,0.779993,169.156,191.234,68.9375,94.5938,0,0,0.5,0.5,0
24315492,2486,1,1,0,0.562177,167.75,188.289,70.125,95.0781,1,0,0.5,0.5,0
24319730,2485,1,1,0,0.808673,167.43,194.188,68.2969,87.5,0,0,0.5,0.5,0
24325777,2490,1,1,0,0.463444,166.641,194.172,64.6562,79.6562,0,0,0.5,0.5,0
24332403,2485,1,1,0,0.643328,166.977,194.664,65.9531,83.3281,1,0,0.5,0.5,0
24337605,2484,1,1,0,0.67405,169.148,194.547,67.4219,88.9062,0,0,0.5,0.5,0
24343586,2482,1,1,0,0.602529,168.797,192.969,67.2188,84.8125,1,0,0.5,0.5,0
24347592,2486,1,1,0,0.276691,169.297,193.414,67.2188,89.8281,0,0,0.5,0.5,0
24356251,2485,1,1,0,0.409221,171.031,194.344,66.0625,87.8125,1,0,0.5,0.5,0
24359962,2484,1,1,0,0.4436,171.383,192.5,62.2969,82.0625,0,0,0.5,0.5,0
24364413,2485,1,1,0,0.775945,171.75,192.859,61.6875,86.0938,1,0,0.5,0.5,0
24369920,2484,1,1,0,0.486819,171.68,193.477,60.9844,87.7969,1,0,0.5,0.5,0
24374105,2485,1,1,0,0.746879,171.5,194.164,60.75,85.4531,1,0,0.5,0.5,0
24379825,2482,1,1,0,0.699665,174.641,195.008,56.4688,84.9844,0,0,0.5,0.5,0
24383438,2479,1,1,0,0.708213,176.188,189.078,55.375,99.2188,2,0,0.5,0.5,0
24387825,2487,1,1,0,0.420599,175.195,194.805,56.0469,85.9844,1,0,0.5,0.5,0
24392966,2484,1,1,0,0.338951,174.438,191.508,58.6875,93.0156,1,0,0.5,0.5,0
24397416,2484,1,1,0,0.265118,175.297,194.852,53.0312,86.0781,1,0,0.5,0.5,0
24403172,2487,1,1,0,0.653569,174.828,194.656,55.0312,86.875,1,0,0.5,0.5,0
24410114,2481,1,1,0,0.693473,174.031,193.844,56.8125,88.9375,1,0,0.5,0.5,0
24415002,2483,1,1,0,0.432063,173.852,193.484,56.3594,89.0938,1,0,0.5,0.5,0
24421088,2483,1,1,0,0.707,173.547,193.312,55.9688,90.5,1,0,0.5,0.5,0
24427462,2486,1,1,0,0.646013,173.688,193.75,53.625,90.125,0,0,0.5,0.5,0
24433621,2485,1,1,0,0.26569,176.809,192.906,49.1328,89.5625,2,0,0.5,0.5,0
24437064,2489,1,1,0,0.317849,186.113,191.531,33.0234,89.1875,3,0,0.5,0.5,0
24443168,2483,1,1,0,0.256272,185.008,192.875,39.7656,87.5,2,0,0.5,0.5,0
24449300,2484,1,1,0,0.581779,177.145,194.266,45.2266,89.0938,1,0,0.5,0.5,0
24452790,2483,1,1,0,0.572723,176.727,194.633,45.9531,88.1094,1,0,0.5,0.5,0
24457373,2483,1,1,0,0.693888,176.824,194.656,40.0234,87.6875,2,0,0.5,0.5,0
24463060,2484,1,1,0,0.490724,176.879,193.625,40.6797,84.75,2,0,0.5,0.5,0
24466626,2484,1,1,0,0.695131,175.273,193.891,41.4219,87.2188,1,0,0.5,0.5,0
24470230,2485,1,1,0,0.676192,174.289,192.547,38.3281,85.7188,1,0,0.5,0.5,0
24474536,2486,1,1,0,0.539954,175.172,192.516,38.7188,85.6562,1,0,0.5,0.5,0
24480455,2484,1,1,0,0.752012,174.672,191.93,40,87.3906,2,0,0.5,0.5,0
24486524,2484,1,1,0,0.680029,174.184,191.938,39.5703,88.875,1,0,0.5,0.5,0
24490254,2484,1,1,0,0.675336,174.188,187.844,39.625,96.6875,1,0,0.5,0.5,0
24494103,2485,1,1,0,0.732208,173.648,184.375,39.6406,100.625,1,0,0.5,0.5,0
24498238,2485,1,1,0,0.654454,172.699,185.062,38.7109,101,1,0,0.5,0.5,0
24503116,2484,1,1,0,0.557845,172.57,184.633,39.6719,103.234,1,0,0.5,0.5,0
24507322,2484,1,1,0,0.264738,172.352,187.688,36.9531,99.625,1,0,0.5,0.5,0
24513248,2484,1,1,0,0.693058,173.477,183.875,39.7031,101.25,1,0,0.5,0.5,0
24517559,2479,1,1,0,0.415847,171.648,191.203,35.9219,87.4688,1,0,0.5,0.5,0
24523175,2483,1,1,0,0.663669,173.469,188.406,37.25,86.8125,1,0,0.5,0.5,0
24530077,2486,1,1,0,0.347537,172.32,190.844,34.8281,85.6875,1,0,0.5,0.5,0
24535240,2482,1,1,0,0.450843,172.965,189.594,34.8828,85.8125,1,0,0.5,0.5,0
24540530,2484,1,1,0,0.771153,173.828,182.758,37.2812,94.7656,1,0,0.5,0.5,0
24545484,2485,1,1,0,0.519034,172.797,187.766,32.8438,83.8438,1,0,0.5,0.5,0
24551133,2484,1,1,0,0.699254,173.117,186.75,36.2969,86.75,1,0,0.5,0.5,0
24556577,2484,1,1,0,0.606265,172.852,188.078,35.8906,86.4062,1,0,0.5,0.5,0
24560276,2484,1,1,0,0.508788,173.453,188.461,34.0938,85.4844,1,0,0.5,0.5,0
24566477,2483,1,1,0,0.670176,174.152,185.695,34.0703,83.4844,1,0,0.5,0.5,0
24570246,2483,1,1,0,0.601125,172.5,187.727,33.75,80.4219,1,0,0.5,0.5,0
24574417,2482,1,1,0,0.444083,172.859,188.328,35.5312,82.1562,1,0,0.5,0.5,0
24577747,2485,1,1,0,0.351534,171.633,189.789,34.7656,84.5469,1,0,0.5,0.5,0
24583359,2481,1,1,0,0.73029,171.766,187.953,35.6562,88.0312,0,0,0.5,0.5,0
24587237,2482,1,1,0,0.523908,171.703,189.094,34.9062,85.5625,1,0,0.5,0.5,0
24593422,2487,1,1,0,0.693058,172.438,182.781,35.3438,93.3125,1,0,0.5,0.5,0
24597656,2484,1,1,0,0.614163,173.188,186.68,33.3125,86.1406,1,0,0.5,0.5,0
24601832,2482,1,1,0,0.623836,173.082,186.75,33.3984,85.625,1,0,0.5,0.5,0
24607761,2483,1,1,0,0.270866,173.516,187.625,34.2188,86.4375,1,0,0.5,0.5,0
24612213,2483,1,1,0,0.374332,172.703,187.094,33.7188,85.9375,1,0,0.5,0.5,0
24616475,2485,1,1,0,0.742796,172.977,187.375,32.1094,94.25,1,0,0.5,0.5,0
24626527,2484,1,1,0,0.623836,172.828,189.328,32.7188,89.4688,1,0,0.5,0.5,0
24630097,2487,1,1,0,0.338077,172.32,190.266,32.9531,82.4688,0,0,0.5,0.5,0
24636428,2487,1,1,0,0.544801,172.023,192.031,33.9219,84.1875,1,0,0.5,0.5,0
24640664,2482,1,1,0,0.772873,171.914,192,34.4844,82.4375,1,0,0.5,0.5,0
24646997,2485,1,1,0,0.500977,175.133,190.625,31.3594,79.75,2,0,0.5,0.5,0
24653072,2484,1,1,0,0.740176,172.914,189.453,33.0781,79.6562,0,0,0.5,0.5,0
24657578,2487,1,1,0,0.789233,172.438,185.047,34.8438,95.2188,1,0,0.5,0.5,0
24662942,2485,1,1,0,0.764538,172.5,191.68,35.0625,84.6406,1,0,0.5,0.5,0
24666378,2485,1,1,0,0.585101,173.785,191.539,35.2422,81.1719,1,0,0.5,0.5,0
24669901,2487,1,1,0,0.762775,173.055,191.844,35.2969,86.0625,1,0,0.5,0.5,0
24673702,2485,1,1,0,0.631141,173.367,194.148,34.7344,82.0781,1,0,0.5,0.5,0
24679543,2485,1,1,0,0.679604,172.469,194.445,35.8125,85.7344,1,0,0.5,0.5,0
24683282,2487,1,1,0,0.798187,171.875,194.141,37,84.6562,1,0,0.5,0.5,0
24687231,2480,1,1,0,0.672761,172.414,195.008,37.1406,81.7344,0,0,0.5,0.5,0
24692951,2483,1,1,0,0.771842,171.625,194.656,39.625,84.9375,1,0,0.5,0.5,0
24697355,2480,1,1,0,0.761713,171.523,194.438,40.2344,85.25,1,0,0.5,0.5,0
24701020,2483,1,1,0,0.771498,171.508,194.297,41.8906,85.7188,1,0,0.5,0.5,0
24706563,2483,1,1,0,0.704974,172.625,194.93,45.25,84.8906,1,0,0.5,0.5,0
24710394,2485,1,1,0,0.719778,172.277,194.359,45.6797,86.9688,1,0,0.5,0.5,0
24714811,2481,1,1,0,0.703753,171.223,194.125,49.9297,89.4375,0,0,0.5,0.5,0
24721457,2483,1,1,0,0.418697,173.422,194.516,44.2188,84.5312,1,0,0.5,0.5,0
24728181,2485,1,1,0,0.628408,171.816,194.211,50.1797,87.4219,1,0,0.5,0.5,0
24732018,2484,1,1,0,0.741301,170.82,195.016,55.0469,88.3438,1,0,0.5,0.5,0
24736405,2489,1,1,0,0.699254,171.238,194.383,53.9141,87.5156,0,0,0.5,0.5,0
24741351,2488,1,1,0,0.74614,171.543,194.539,53.8359,87.8281,1,0,0.5,0.5,0
24745519,2483,1,1,0,0.770808,172.141,195.094,56.0938,88.3125,1,0,0.5,0.5,0
24750839,2484,1,1,0,0.346652,172.57,194.742,56.3594,86.3594,1,0,0.5,0.5,0
24754638,2485,1,1,0,0.66236,170.715,195.484,63.5703,89.5312,1,0,0.5,0.5,0
24758200,2480,1,1,0,0.278649,171.312,192.289,61,88.5781,0,0,0.5,0.5,0
24762100,2486,1,1,0,0.67405,169.445,192.797,65.4219,89.4688,1,0,0.5,0.5,0
24767664,2484,1,1,0,0.456652,169.793,190.758,54.9141,78.2656,1,0,0.5,0.5,0
24771864,2485,1,1,0,0.456652,173.617,183.828,52.7031,92.7812,1,0,0.5,0.5,0
24775672,2483,1,1,0,0.559771,168.062,189.102,56.5625,77.7344,0,0,0.5,0.5,0
24781213,2484,1,1,0,0.839998,170.031,186.578,63.0625,103.156,0,0,0.5,0.5,0
24787604,2485,1,1,0,0.818448,169.305,184.797,60.6406,98.5938,1,0,0.5,0.5,0
24791560,2484,1,1,0,0.280222,169.039,183.812,56.5781,91.375,1,0,0.5,0.5,0
24795675,2481,1,1,0,0.47025,170.297,183.75,59.5312,94.375,1,0,0.5,0.5,0
24801175,2484,1,1,0,0.331769,170.805,184.5,58.3906,98.25,0,0,0.5,0.5,0
24804720,2487,1,1,0,0.58747,170.414,186.422,62.5469,100.281,1,0,0.5,0.5,0
24808160,2484,1,1,0,0.695545,170.43,186.797,58.3594,101.844,0,0,0.5,0.5,0
24812092,2484,1,1,0,0.783988,171.281,186.125,57.75,98,1,0,0.5,0.5,0
24818280,2492,1,1,0,0.561215,171.941,186.688,56.3672,101.5,1,0,0.5,0.5,0
24824916,2483,1,1,0,0.661049,171.391,185.547,57.1562,97.4062,0,0,0.5,0.5,0
24829136,2483,1,1,0,0.812868,171.375,186.016,57.375,97.2188,1,0,0.5,0.5,0
24834840,2484,1,1,0,0.776624,171.492,187.906,58.8906,103.125,1,0,0.5,0.5,0
24838444,2484,1,1,0,0.475605,170.078,192.594,59.2812,90.6875,1,0,0.5,0.5,0
24844810,2481,1,1,0,0.407805,171.141,189.641,56.7188,96.2812,0,0,0.5,0.5,0
24848493,2482,1,1,0,0.785637,170.656,192.484,56.9375,95.2188,1,0,0.5,0.5,0
24854479,2481,1,1,0,0.695958,171.992,189.469,55.8594,100.188,0,0,0.5,0.5,0
24858227,2483,1,1,0,0.521959,173.516,193.547,52.6875,90.8438,2,0,0.5,0.5,0
24862194,2488,1,1,0,0.832508,174.164,188.094,55.0469,102,0,0,0.5,0.5,0
24867612,2483,1,1,0,0.792464,174.617,187.812,54.6094,101.625,2,0,0.5,0.5,0
24871405,2484,1,1,0,0.533155,173.18,187.391,52.3906,99.9688,0,0,0.5,0.5,0
24875301,2486,1,1,0,0.769425,175.5,188.094,49.1875,97.6875,1,0,0.5,0.5,0
24881540,2487,1,1,0,0.639736,174.898,187.18,50.8594,101.516,2,0,0.5,0.5,0
24887777,2487,1,1,0,0.818448,175.367,187.094,48.5469,99.9375,0,0,0.5,0.5,0
24891690,2485,1,1,0,0.647798,174.137,192.812,44.2734,85.8125,1,0,0.5,0.5,0
24898352,2485,1,1,0,0.805327,175.512,186.141,45.6641,97.0312,2,0,0.5,0.5,0
24902251,2486,1,1,0,0.802246,177.301,185.289,44.0391,100.078,1,0,0.5,0.5,0
24905974,2485,1,1,0,0.771842,177.273,185.281,45.4531,100.312,1,0,0.5,0.5,0
24911968,2483,1,1,0,0.657099,176.367,185.43,43.7031,99.8906,1,0,0.5,0.5,0
24915998,2484,1,1,0,0.682997,175.801,185.406,45.3359,100.688,2,0,0.5,0.5,0
24922270,2485,1,1,0,0.752376,175.094,186,43.625,104.25,0,0,0.5,0.5,0
24926081,2485,1,1,0,0.769771,175.121,186,42.4922,103,2,0,0.5,0.5,0
24929712,2483,1,1,0,0.290578,175.285,189.555,40.4453,95.7656,1,0,0.5,0.5,0
24939831,2484,1,1,0,0.700894,175.965,186.969,41.8828,101.812,1,0,0.5,0.5,0
24945310,2481,1,1,0,0.602997,175.562,187.273,41.125,104.578,1,0,0.5,0.5,0
24949057,2484,1,1,0,0.7773,175.668,186.875,38.9141,104.75,1,0,0.5,0.5,0
24952589,2484,1,1,0,0.794385,176.438,186.406,40.4688,104.938,2,-1,0.5,0.5,0
24957057,2481,1,1,0,0.741301,176.57,186.188,40.5156,102.5,1,0,0.5,0.5,0
24961033,2484,1,1,0,0.767687,176.602,185.172,39.4844,103.156,1,0,0.5,0.5,0
24966069,2483,1,1,0,0.73029,174.664,185.766,39.2344,104.031,1,0,0.5,0.5,0
24972125,2483,1,1,0,0.78695,174.48,186.453,38.3516,106.906,2,0,0.5,0.5,0
24975774,2483,1,1,0,0.802246,174.262,186.578,38.7734,104.906,1,0,0.5,0.5,0
24979559,2483,1,1,0,0.798501,175.07,183.438,37.0469,97.125,1,0,0.5,0.5,0
24983132,2494,1,1,0,0.643328,172.531,187.227,39.2188,103.922,1,0,0.5,0.5,0
24987280,2481,1,1,0,0.693888,172.461,187.164,40.3281,104.297,1,0,0.5,0.5,0
24991827,2484,1,1,0,0.372504,172.188,187.992,38.625,99.0156,1,0,0.5,0.5,0
24996677,2483,1,1,0,0.712233,172.391,186.039,38.25,103.047,0,0,0.5,0.5,0
25000934,2485,1,1,0,0.794704,171.953,184.453,36.9688,99.5938,1,0,0.5,0.5,0
25005340,2483,1,1,0,0.74872,171.477,186.156,37.8281,103.688,2,-1,0.5,0.5,0
25010456,2486,1,1,0,0.772529,171.312,186.047,37.6875,102.781,0,0,0.5,0.5,0
25016854,2484,1,1,0,0.805633,172.258,185.297,37.1406,101.594,1,0,0.5,0.5,0
25023556,2482,1,1,0,0.755636,171.641,186.094,36.2188,102.812,1,0,0.5,0.5,0
25027353,2482,1,1,0,0.71423,172.406,186.125,36.2812,99.125,0,0,0.5,0.5,0
25032144,2478,1,1,0,0.703346,171.953,187.047,36.5938,102.969,1,0,0.5,0.5,0
25038507,2484,1,1,0,0.781331,172.676,187.133,35.3359,102.516,1,0,0.5,0.5,0
25042344,2480,1,1,0,0.766641,173.266,187.117,35.2812,102.766,1,0,0.5,0.5,0
25047897,2481,1,1,0,0.755996,173.516,186.898,33.7812,102.453,1,0,0.5,0.5,0
25053713,2484,1,1,0,0.798815,173.805,188.516,35.3906,103.719,1,0,0.5,0.5,0
25057910,2483,1,1,0,0.712633,172.211,189.227,36.0156,103.672,1,0,0.5,0.5,0
25061719,2484,1,1,0,0.356672,170.699,196.984,31.8516,88.7812,0,0,0.5,0.5,0
25068004,2486,1,1,0,0.780328,172.711,189.688,34.6094,102.75,1,0,0.5,0.5,0
25071657,2484,1,1,0,0.578924,171.727,194.375,34.4531,87.6875,1,0,0.5,0.5,0
25078525,2483,1,1,0,0.792785,172.234,189.172,34.9375,101.781,1,0,0.5,0.5,0
25083172,2484,1,1,0,0.601125,170.953,196.18,35.2812,88.3906,1,0,0.5,0.5,0
25088489,2480,1,1,0,0.762422,172.492,188.625,35.3906,97.375,1,0,0.5,0.5,0
25093031,2485,1,1,0,0.657979,172.734,193.008,34.75,82.7344,0,0,0.5,0.5,0
25098318,2485,1,1,0,0.808673,173.562,187.562,34.6875,96.25,1,0,0.5,0.5,0
25101987,2485,1,1,0,0.692642,172.305,193.219,34.1094,95.0625,2,0,0.5,0.5,0
25105853,2483,1,1,0,0.784649,173.234,193.656,34.25,89.3125,0,0,0.5,0.5,0
25112327,2486,1,1,0,0.696784,173.18,196.469,35.9844,88.8125,1,0,0.5,0.5,0
25116581,2484,1,1,0,0.741675,171.281,197.594,37.25,87.8125,1,0,0.5,0.5,0
25122236,2481,1,1,0,0.677474,172.645,196.797,38.9766,92.0938,1,0,0.5,0.5,0
25126281,2486,1,1,0,0.680029,171.844,197.797,39.375,88.9062,1,0,0.5,0.5,0
25132392,2482,1,1,0,0.607197,171.812,198.273,41.2188,88.7031,0,0,0.5,0.5,0
25136156,2486,1,1,0,0.623377,171.195,198.766,42.7656,87.8438,1,0,0.5,0.5,0
25141224,2482,1,1,0,0.687211,170.398,199.609,45.0781,87.5938,1,0,0.5,0.5,0
25145344,2482,1,1,0,0.741301,171.066,198.766,44.5078,89.0312,1,0,0.5,0.5,0
25149581,2487,1,1,0,0.70538,171.641,199.07,45.3438,87.1094,0,0,0.5,0.5,0
25154664,2486,1,1,0,0.755996,170.289,199.547,45.8906,87.2188,1,0,0.5,0.5,0
25158651,2485,1,1,0,0.626582,169.797,199.891,48.2812,87.9062,1,0,0.5,0.5,0
25162097,2484,1,1,0,0.658857,169.871,200.062,49.3672,85.625,0,0,0.5,0.5,0
25168181,2486,1,1,0,0.299515,169.922,200.047,51.4062,86.8438,1,0,0.5,0.5,0
25172354,2481,1,1,0,0.788908,170,200.094,51.625,88.625,1,0,0.5,0.5,0
25176322,2485,1,1,0,0.528777,170.969,199.164,51.6875,85.8281,0,0,0.5,0.5,0
25179537,2483,1,1,0,0.649579,170.852,199.234,52.7344,89.0938,1,0,0.5,0.5,0
25185160,2485,1,1,0,0.600657,169.695,198.797,55.1719,82.4688,0,1,0.5,0.5,0
25189181,2486,1,1,0,0.639285,169,197.062,58.1875,94.1875,1,0,0.5,0.5,0
25193274,2486,1,1,0,0.734501,168.789,200.5,60.4219,85.375,1,0,0.5,0.5,0
25198257,2483,1,1,0,0.664976,168.902,199.609,61.8672,86.9062,0,0,0.5,0.5,0
25202311,2484,1,1,0,0.667581,167.734,199.648,63.9688,86.2344,0,0,0.5,0.5,0
25208841,2483,1,1,0,0.563618,167.719,199.367,64.4375,87.7344,1,0,0.5,0.5,0
25215340,2486,1,1,0,0.558808,168.852,198.773,64.8594,86.7969,0,0,0.5,0.5,0
25219363,2485,1,1,0,0.551091,167.25,198.344,62.125,85.9375,1,0,0.5,0.5,0
25223122,2484,1,1,0,0.500488,169.047,196.258,66.0312,90.2656,0,0,0.5,0.5,0
25228981,2484,1,1,0,0.566019,167.18,197.375,64.1094,83.5,1,0,0.5,0.5,0
25232910,2484,1,1,0,0.498047,168.387,197.773,63.7266,85.5469,0,0,0.5,0.5,0
25239386,2484,1,1,0,0.261707,170.719,193.484,56.5625,88.5938,1,0,0.5,0.5,0
25244206,2488,1,1,0,0.806549,169.637,194.156,54.1484,82.1875,0,0,0.5,0.5,0
25248842,2484,1,1,0,0.528777,170,193.078,55.25,86.1562,1,0,0.5,0.5,0
25254767,2485,1,1,0,0.503906,168.605,192.734,56.8359,89.2188,0,0,0.5,0.5,0
25260211,2487,1,1,0,0.621081,169.82,194.125,55.2344,75.25,1,0,0.5,0.5,0
25264223,2488,1,1,0,0.475118,168.312,196.445,57.0625,79.9844,0,0,0.5,0.5,0
25270634,2484,1,1,0,0.737538,168.172,195.906,54.2812,75.4375,1,0,0.5,0.5,0
25274726,2484,1,1,0,0.597843,167.094,196.016,57.5625,77.1562,0,0,0.5,0.5,0
25280470,2486,1,1,0,0.510741,167.758,193.969,57.0469,81.9375,0,0,0.5,0.5,0
25284481,2478,1,1,0,0.572723,167.664,193.945,55.9531,82.6094,1,0,0.5,0.5,0
25291199,2484,1,1,0,0.345326,168.547,194.758,58.9688,98.9844,0,0,0.5,0.5,0
25296850,2484,1,1,0,0.611846,168.906,200.93,57.5625,85.2969,1,1,0.5,0.5,0
25300680,2484,1,1,0,0.576542,168.906,201.141,56.625,83.7188,0,0,0.5,0.5,0
25306348,2485,1,1,0,0.622459,169.195,200.805,57.8594,86.1094,1,0,0.5,0.5,0
25310211,2485,1,1,0,0.728748,168.961,198.562,58.2031,82.125,0,0,0.5,0.5,0
25314334,2483,1,1,0,0.769425,169.164,198.133,58.1094,83.2344,1,0,0.5,0.5,0
25319662,2487,1,1,0,0.466359,169.516,198.352,55.3125,83.5781,0,0,0.5,0.5,0
25323436,2486,1,1,0,0.319334,169.539,195.875,60.2969,81.875,1,0,0.5,0.5,0
25327481,2483,1,1,0,0.357344,169.344,196.125,53.375,82,0,0,0.5,0.5,0
25331579,2483,1,1,0,0.516108,170.605,197.031,53.2734,81.5625,1,0,0.5,0.5,0
25337008,2486,0,1,0,0.592667,170.391,196.766,53.2812,80.9688,0,0,0.5,0.5,0
25341173,2484,0,1,0,0.411584,170.969,196.125,54.625,85.5,1,0,0.5,0.5,0
25345016,2486,0,1,0,0.657099,172.02,197.055,54.7891,84.7344,1,0,0.5,0.5,0
25351097,2484,0,1,0,0.706595,168.617,191.492,50.7344,80.7344,0,0,0.5,0.5,0
25354508,2482,0,1,0,0.398875,168.633,192.156,51.0781,73.3125,1,0,0.5,0.5,0
25358648,2485,0,1,0,0.273963,168.406,193,53.625,76.5,0,0,0.5,0.5,0
25364166,2484,0,1,0,0.337421,170.879,191.688,57.0547,90.375,1,0,0.5,0.5,0
25369931,2485,0,1,0,0.553023,173.02,192.406,52.6641,87.0625,1,0,0.5,0.5,0
25374088,2482,0,1,0,0.461017,174.57,191.547,48.3594,83.5938,1,0,0.5,0.5,0
25379721,2480,0,1,0,0.461987,174.98,195.352,48.9609,81.2969,0,0,0.5,0.5,0
25383641,2482,0,1,0,0.29584,176.477,194.484,43.6094,74.7188,2,0,0.5,0.5,0
25387402,2486,0,1,0,0.543832,178.109,192.234,42.2812,72.5312,1,0,0.5,0.5,0
25393270,2488,0,1,0,0.579876,179.074,191.68,44.7266,78.7344,2,0,0.5,0.5,0
25397556,2483,0,1,0,0.45181,179.172,192.742,45.0938,80.7656,1,0,0.5,0.5,0
25401176,2485,0,1,0,0.507324,179.719,193.297,42.125,84.2188,2,1,0.5,0.5,0
25405313,2481,0,1,0,0.261141,183.781,188.492,39.0625,74.9219,2,0,0.5,0.5,0
25411245,2487,0,1,0,0.571766,183.531,189.07,35.5,73.6719,2,0,0.5,0.5,0
25414704,2478,0,1,0,0.38445,182.938,193.812,35.3125,82,2,0,0.5,0.5,0
25421119,2485,0,1,0,0.273187,183.945,191.031,33.0781,71.5625,2,0,0.5,0.5,0
25425784,2483,0,1,0,0.277473,183.133,189.578,30.1719,71.7812,2,0,0.5,0.5,0
25432096,2482,0,1,0,0.47171,186.297,189.047,31.6562,71.4688,2,0,0.5,0.5,0
25438230,2485,0,1,0,0.317849,182.996,188.781,22.8359,66.6875,3,0,0.5,0.5,0
25444269,2486,0,1,0,0.356,187.602,190.297,30.7969,74.7188,2,0,0.5,0.5,0
25449037,2484,0,1,0,0.372961,187.891,188.312,32.4688,76.25,3,0,0.5,0.5,0
25454462,2481,0,1,0,0.597373,187.895,188.203,30.9922,72.0938,3,0,0.5,0.5,0
25458349,2487,0,1,0,0.553023,189.281,190.086,33.6875,80.7031,3,0,0.5,0.5,0
25462286,2485,0,1,0,0.251647,189.703,186.234,33.2812,72.3438,4,0,0.5,0.5,0
25467662,2482,0,1,0,0.287567,190.102,186.781,29.2031,62.6875,3,0,0.5,0.5,0
25471873,2486,0,1,0,0.327669,189.727,187.578,31.3281,72.3438,3,0,0.5,0.5,0
25475671,2483,0,1,0,0.305283,188.613,186.242,27.3984,62.3281,4,0,0.5,0.5,0
25481658,2483,0,1,0,0.38122,190.125,185.859,23.875,62.3438,4,0,0.5,0.5,0
25488628,2485,0,1,0,0.293405,189.797,186.25,24.1562,62.4375,3,0,0.5,0.5,0
25492869,2483,0,1,0,0.417271,191.117,184.078,23.7344,67.7188,4,0,0.5,0.5,0
25498519,2487,0,1,0,0.291989,190.773,183.859,27.7969,77.5312,4,0,0.5,0.5,0
25503122,2485,0,1,0,0.481454,190.992,183.453,27.3906,64.5312,5,0,0.5,0.5,0
25508991,2485,0,1,0,0.47025,191.008,183.117,27.0156,63.3594,3,0,0.5,0.5,0
25514992,2486,0,1,0,0.516596,190.867,182.266,27.5156,60.1562,5,0,0.5,0.5,0
25518790,2486,0,1,0,0.410166,190,182.188,27.625,62.75,4,0,0.5,0.5,0
25524563,2484,0,1,0,0.279435,189.668,180.609,27.9609,62.7812,5,0,0.5,0.5,0
25528358,2481,0,1,0,0.266835,189.098,182.578,27.0234,58.0938,4,0,0.5,0.5,0
25532546,2481,0,1,0,0.446977,187.562,180.578,26.8125,53.75,5,0,0.5,0.5,0
25538061,2486,0,1,0,0.293405,187.633,180.59,27.5781,53.6172,4,0,0.5,0.5,0
25541325,2484,0,1,0,0.397938,188.789,181.641,30.5781,61.9688,5,0,0.5,0.5,0
25545266,2487,0,1,0,0.329824,189.023,180.125,30.4844,67.875,6,0,0.5,0.5,0
25551488,2484,0,1,0,0.285969,188.598,178.641,31.3672,67.1562,4,0,0.5,0.5,0
25555617,2482,0,1,0,0.283186,189.297,176.094,30.9688,65.375,6,0,0.5,0.5,0
25561787,2485,0,1,0,0.327454,190.508,176.156,28.9219,64.25,5,0,0.5,0.5,0
25565542,2484,0,1,0,0.285172,189.383,176.5,34.2969,64.875,6,0,0.5,0.5,0
25569204,2482,0,1,0,0.519521,187.797,177.109,36.0938,65.0312,5,0,0.5,0.5,0
25574953,2480,0,1,0,0.259824,189.047,179.391,34.3438,58.7812,6,0,0.5,0.5,0
25581568,2484,0,1,0,0.326594,195.891,180.867,19.5625,54.3281,7,0,0.5,0.5,0
25585354,2483,0,1,0,0.297674,196.625,180.336,19.75,55.3906,8,0,0.5,0.5,0
25589452,2484,0,1,0,0.341582,196.9,180.422,20.0508,54.0312,8,0,0.5,0.5,0
25594564,2485,0,1,0,0.462958,196.277,179.727,19.6484,54.1406,7,0,0.5,0.5,0
25598596,2483,0,1,0,0.360264,196.473,180.094,19.8828,54.3125,9,0,0.5,0.5,0
25604611,2483,0,1,0,0.32853,196.77,179.891,21.6641,54.6562,8,0,0.5,0.5,0
25608291,2484,0,1,0,0.366589,193.078,180.578,28.6875,55.9688,9,0,0.5,0.5,0
25612530,2485,0,1,0,0.414899,192.977,179.094,27.9531,55.8125,9,0,0.5,0.5,0
25617986,2487,0,1,0,0.30819,195.195,178.047,21.9219,51.9062,9,0,0.5,0.5,0
25621490,2484,0,1,0,0.296247,196.508,180.344,27.0781,56.0625,10,0,0.5,0.5,0
25625757,2483,0,1,0,0.431584,190.969,177.891,32.25,54.2188,10,0,0.5,0.5,0
25632110,2485,0,1,0,0.422981,191.383,177.297,30.7969,56.8438,10,0,0.5,0.5,0
25635604,2481,0,1,0,0.414425,191.336,176.266,30.7969,56.6562,11,0,0.5,0.5,0
25641971,2484,0,1,0,0.259824,193.65,175.992,25.2617,53.6719,12,0,0.5,0.5,0
25646964,2485,0,1,0,0.389546,192.242,176.531,41.8906,62.1875,11,0,0.5,0.5,0
25652258,2471,0,0,-1,0,0,0,0,0,0,0,0,0,0
25656464,2485,0,1,0,0.283384,190.289,179.703,32.2344,52.0938,11,0,0.5,0.5,0
25661183,2488,0,1,0,0.283781,190.102,175.5,36.9219,65.5,11,0,0.5,0.5,0
25666058,2468,0,0,-1,0,0,0,0,0,0,0,0,0,0
25670012,2484,0,1,0,0.383064,187.074,175.891,29.7891,56.5312,11,0,0.5,0.5,0
25676042,2483,0,1,0,0.272218,184.789,176.219,35.0469,51.875,11,0,0.5,0.5,0
25680218,2485,0,1,0,0.403567,185.227,175.578,31.0781,57.7188,11,0,0.5,0.5,0
25686388,2485,0,1,0,0.33372,184.5,175.133,33.9375,60.6094,9,0,0.5,0.5,0
25690046,2469,0,0,-1,0,0,0,0,0,0,0,0,0,0
25696087,2483,0,1,0,0.325092,185.82,173.453,26.7344,55.0938,11,0,0.5,0.5,0
25702693,2486,0,1,0,0.277865,183.203,174.211,27.2812,51.9219,11,0,0.5,0.5,0
25706331,2483,0,1,0,0.497559,184.156,175.828,41.3125,63.6562,11,0,0.5,0.5,0
25712615,2481,0,1,0,0.346209,184.949,179.383,48.1641,61.6719,7,0,0.5,0.5,0
25718865,2484,0,1,0,0.428234,179.148,177.195,33.6406,58.2031,10,0,0.5,0.5,0
25722412,2482,0,0,-1,0,0,0,0,0,0,0,0,0,0
25726464,2484,0,1,0,0.310694,181.336,179.406,44.2344,57.125,11,0,0.5,0.5,0
25732243,2483,0,1,0,0.476092,177.535,173.641,28.0391,58.2812,11,0,0.5,0.5,0
25736191,2480,0,1,0,0.340704,179.211,175.109,41.4531,63.8438,9,0,0.5,0.5,0
25740341,2484,0,1,0,0.303835,174.242,177.078,43.3594,62.4688,7,0,0.5,0.5,0
25745989,2484,0,1,0,0.434941,173.289,178.078,35.6719,57.4062,8,0,0.5,0.5,0
25752552,2486,0,1,0,0.27513,173.148,179.5,34.5781,52.5625,9,0,0.5,0.5,0
25757456,2468,0,0,-1,0,0,0,0,0,0,0,0,0,0
25763464,2485,0,1,0,0.472683,173.715,178.102,41.3047,59.2656,11,0,0.5,0.5,0
25767777,2483,0,1,0,0.340704,171.961,179.914,39.2031,52.6406,11,0,0.5,0.5,0
25771959,2483,0,1,0,0.555917,170.629,174.203,29.2891,57.0312,8,0,0.5,0.5,0
25775685,2485,0,1,0,0.555435,167.469,175.688,30.9688,59.125,3,0,0.5,0.5,0
25780027,2484,0,1,0,0.643776,165.91,177.953,30.2266,56.2188,10,0,0.5,0.5,0
25783970,2485,0,1,0,0.628408,167.016,175.891,28.625,60.7188,11,0,0.5,0.5,0
25788751,2485,0,1,0,0.306942,165.297,179.078,27.8125,53.0938,4,0,0.5,0.5,0
25794163,2481,0,1,0,0.324878,163.941,179.516,29.6016,55.0938,4,0,0.5,0.5,0
25798538,2482,0,1,0,0.54577,164.184,179.773,28.2422,52.8906,11,0,0.5,0.5,0
25801742,2486,0,1,0,0.332853,165.109,175.867,30.7188,59.6094,9,0,0.5,0.5,0
25807725,2483,0,1,0,0.506836,163.781,178.047,29.375,56.3438,3,0,0.5,0.5,0
25814277,2485,0,1,0,0.359365,162.562,178.453,26.7188,49.5938,4,0,0.5,0.5,0
25817721,2483,0,1,0,0.488771,162.531,177.922,28.5938,53.5312,11,0,0.5,0.5,0
25822558,2485,0,1,0,0.594551,162.266,177.977,27.6875,54.8281,7,0,0.5,0.5,0
25828034,2484,0,1,0,0.495606,161.068,178.797,24.9883,51.5312,3,0,0.5,0.5,0
25831845,2483,0,1,0,0.484868,160.008,179.242,27.0781,50.5781,8,0,0.5,0.5,0
25835405,2484,0,1,0,0.516596,159.039,177.891,26.7969,54.7812,8,0,0.5,0.5,0
25839232,2484,0,1,0,0.608129,158.395,178.148,25.8203,55.4844,4,0,0.5,0.5,0
25845339,2480,0,1,0,0.478529,158.809,176.938,24.6797,59.1875,3,0,0.5,0.5,0
25850198,2485,0,1,0,0.483892,158.711,173.172,24.8906,65.2812,9,0,0.5,0.5,0
25856044,2481,0,1,0,0.290376,157.418,180.305,21.1016,49.7656,5,0,0.5,0.5,0
25860427,2483,0,1,0,0.355328,155.891,178.125,22.4062,53.5625,4,0,0.5,0.5,0
25866948,2484,0,1,0,0.528777,155.738,177.93,25.3984,66.7656,2,0,0.5,0.5,0
25871606,2484,0,1,0,0.614163,154.389,178.438,25.4102,55.375,7,0,0.5,0.5,0
25878217,2486,0,1,0,0.617858,154.453,174.984,23.75,62.7188,4,0,0.5,0.5,0
25884484,2485,0,1,0,0.704567,152.176,175.234,27.1016,65.6562,2,0,0.5,0.5,0
25889753,2484,0,1,0,0.55254,150.59,175.281,26.1484,60.875,3,0,0.5,0.5,0
25894235,2484,0,1,0,0.446977,150.137,176.594,24.8828,62.125,5,0,0.5,0.5,0
25900846,2483,0,1,0,0.630231,149.676,170.352,25.4922,58.9844,1,0,0.5,0.5,0
25905566,2482,0,1,0,0.426799,149.285,178.203,25.7266,68.7812,2,0,0.5,0.5,0
25909050,2479,0,1,0,0.364325,148.387,177.867,26.7734,72.6094,3,0,0.5,0.5,0
25913354,2486,0,1,0,0.655778,148.328,178.031,26.5938,74.375,2,0,0.5,0.5,0
25917655,2484,0,1,0,0.529263,146.809,179.914,26.1797,72.4219,1,0,0.5,0.5,0
25922499,2483,0,1,0,0.547222,145.75,174.883,25.9375,51.7344,1,0,0.5,0.5,0
25926157,2481,0,1,0,0.353094,145.508,177.742,28.5156,59.5156,1,0,0.5,0.5,0
25933408,2480,0,1,0,0.602997,145.188,177.859,26.125,66.0312,0,0,0.5,0.5,0
25937777,2481,0,1,0,0.563138,144.082,178.406,25.8828,64.8125,0,0,0.5,0.5,0
25943203,2485,0,1,0,0.622918,143.586,178.328,25.1406,67.6562,0,0,0.5,0.5,0
25949233,2483,0,1,0,0.650912,142.49,178.961,24.7305,66.4844,0,0,0.5,0.5,0
25953375,2484,0,1,0,0.454714,141.922,177.625,25.625,62.0625,-1,0,0.5,0.5,0
25958711,2483,0,1,0,0.627496,141.234,177.648,25.6875,62.4844,-1,0,0.5,0.5,0
25962230,2485,0,1,0,0.511717,140.852,177.969,25.3906,67,-1,0,0.5,0.5,0
25966126,2483,0,1,0,0.557845,140.145,175,26.3828,64.625,-1,0,0.5,0.5,0
25972314,2484,0,1,0,0.469277,139.602,179.5,27.4219,76.9375,-1,0,0.5,0.5,0
25976826,2484,0,1,0,0.495606,138.887,178.141,25.8203,63.6562,-1,0,0.5,0.5,0
25982501,2484,0,1,0,0.4436,137.922,178.281,27.4844,73.0625,-2,0,0.5,0.5,0
25986525,2485,0,1,0,0.777638,137.176,179.406,27.6328,77.4375,-1,0,0.5,0.5,0
25990370,2487,0,1,0,0.494629,135.395,178.859,28.0234,63.3438,-2,0,0.5,0.5,0
25995962,2485,0,1,0,0.726425,134.918,178.906,27.6484,71.9375,-2,0,0.5,0.5,0
26002556,2484,0,1,0,0.640185,134.551,180.883,28.8516,74.3594,-1,0,0.5,0.5,0
26007685,2484,0,1,0,0.403097,134.43,182.391,27.9219,67.9688,-2,0,0.5,0.5,0
26012458,2481,0,1,0,0.621541,132.043,182.07,28.3672,63.5781,-3,0,0.5,0.5,0
26016160,2483,0,1,0,0.341582,132.689,178.031,27.4727,59.375,-2,0,0.5,0.5,0
26020572,2483,0,1,0,0.289773,131.547,177.156,30.25,58.4375,-2,0,0.5,0.5,0
26025756,2486,0,1,0,0.480966,130.664,178.797,29.0312,71.1562,-3,-1,0.5,0.5,0
26029822,2482,0,1,0,0.518059,131.348,178.922,28.0234,71.7812,-2,0,0.5,0.5,0
26033780,2484,0,1,0,0.415373,130.848,179.922,27.9297,72.0938,-3,0,0.5,0.5,0
26037293,2483,0,1,0,0.361616,129.375,182.344,27.7812,62.125,-3,0,0.5,0.5,0
26043102,2488,0,1,0,0.378919,128.57,181.984,30.6406,74.9062,-4,0,0.5,0.5,0
26047158,2483,0,1,0,0.486332,127.598,182.391,27.6484,69.5312,-3,0,0.5,0.5,0
26052595,2483,0,1,0,0.451326,127.676,180.859,27.9766,71.5938,-3,0,0.5,0.5,0
26059400,2484,0,1,0,0.25423,127.305,181.5,24.4844,52.1875,-3,0,0.5,0.5,0
26063124,2485,0,1,0,0.319121,123.906,181.625,30.8125,57.5,-5,0,0.5,0.5,0
26069222,2486,0,1,0,0.495117,123.367,180.859,32.2344,76.6562,-5,0,0.5,0.5,0
26073326,2481,0,1,0,0.281406,122.031,186.375,29.3125,66.0625,-4,0,0.5,0.5,0
26079410,2485,0,1,0,0.427755,122.648,183.734,31.1094,70.2812,-4,0,0.5,0.5,0
26085752,2486,0,1,0,0.296654,122.043,182.25,31.7109,71.5625,-5,0,0.5,0.5,0
26089275,2487,0,1,0,0.251647,122.594,183.219,27.25,60.5625,-6,0,0.5,0.5,0
26093384,2488,0,1,0,0.282592,124.203,180.141,26.5625,74.6562,-5,0,0.5,0.5,0
26097706,2490,0,1,0,0.287967,122.73,180.148,29.1328,75.3906,-5,0,0.5,0.5,0
26102995,2470,0,0,-1,0,0,0,0,0,0,0,0,0,0
26107389,2482,0,1,0,0.279435,123.324,179.453,25.3516,67.5938,-7,0,0.5,0.5,0
26113198,2468,0,0,-1,0,0,0,0,0,0,0,0,0,0
26119164,2479,0,1,0,0.269518,119.863,179.148,30.1953,58.9844,-7,0,0.5,0.5,0
26123277,2469,0,0,-1,0,0,0,0,0,0,0,0,0,0
26127383,2482,0,1,0,0.431105,117.266,170.902,19.0781,34.8203,-7,0,0.5,0.5,0
26132772,2482,0,1,0,0.263598,117.582,168.266,23.2266,49.5312,-6,0,0.5,0.5,0
26138555,2473,0,0,-1,0,0,0,0,0,0,0,0,0,0
26143191,2478,0,1,0,0.2602,116.988,168.203,22.4766,48.5938,-7,0,0.5,0.5,0
26149657,2472,0,0,-1,0,0,0,0,0,0,0,0,0,0
26153816,2474,0,0,-1,0,0,0,0,0,0,0,0,0,0
26157873,2481,0,1,0,0.32853,114.285,169,21.5078,45.25,-9,0,0.5,0.5,0
26163500,2472,0,0,-1,0,0,0,0,0,0,0,0,0,0
26170170,2485,0,1,0,0.251096,111.359,174.531,38.3438,62.25,-8,0,0.5,0.5,0
26173997,2483,0,1,0,0.260576,111.027,174.531,24.0859,47.0625,-9,0,0.5,0.5,0
26180337,2473,0,0,-1,0,0,0,0,0,0,0,0,0,0
26184651,2475,0,0,-1,0,0,0,0,0,0,0,0,0,0
26190716,2486,0,1,0,0.258699,112.73,173.578,15.7734,40.2812,-9,0,0.5,0.5,0
26197440,2474,0,0,-1,0,0,0,0,0,0,0,0,0,0
26201943,2483,0,1,0,0.284973,104.242,177.078,33.4844,59.6562,-10,0,0.5,0.5,0
26207245,2484,0,1,0,0.368405,106.336,177.578,26.6094,48.1562,-9,0,0.5,0.5,0
26211203,2487,0,1,0,0.372961,104.773,177.559,29.9844,52.4297,-8,0,0.5,0.5,0
26215239,2484,0,1,0,0.250546,109.869,180.164,18.918,44.4531,-8,0,0.5,0.5,0
26223408,2483,0,1,0,0.379378,102.523,174.953,27.2656,55.4688,-10,0,0.5,0.5,0
26228338,2484,0,1,0,0.254601,102.383,178.898,31.4219,50.4844,-11,0,0.5,0.5,0
26232389,2485,0,1,0,0.281406,101.152,174.688,23.0234,51.8125,-11,0,0.5,0.5,0
26237781,2484,0,1,0,0.378,99.8555,177.055,36.1016,55.7656,-11,0,0.5,0.5,0
26241495,2484,0,1,0,0.401218,99.9883,176.547,35.7109,59.6562,-11,0,0.5,0.5,0
26245367,2488,0,1,0,0.255343,98.0156,177.633,29.3438,52.9531,-12,0,0.5,0.5,0
26251235,2486,0,1,0,0.319546,99.5,180.586,44.875,60.7656,-11,0,0.5,0.5,0
26254918,2482,0,1,0,0.274352,96.4414,173.906,26.3828,53.5625,-11,0,0.5,0.5,0
26258845,2467,0,0,-1,0,0,0,0,0,0,0,0,0,0
26264378,2484,0,1,0,0.299515,98.1836,176.297,17.6172,48.2188,-11,0,0.5,0.5,0
26268631,2474,0,0,-1,0,0,0,0,0,0,0,0,0,0
26274720,2472,0,0,-1,0,0,0,0,0,0,0,0,0,0
26278125,2482,0,1,0,0.296043,88.8047,180.383,27.2344,67.9219,-11,0,0.5,0.5,0
26282084,2472,0,0,-1,0,0,0,0,0,0,0,0,0,0
26288283,2469,0,0,-1,0,0,0,0,0,0,0,0,0,0
26292439,2484,0,1,0,0.253121,91.6133,182.484,22.8828,45.7812,-11,0,0.5,0.5,0
26298724,2483,1,1,0,0.26133,97.1836,181.453,14.3672,40.3438,-11,0,0.5,0.5,0
26304866,2483,1,1,0,0.255528,86.5391,184.922,30.4219,53.3438,-12,0,0.5,0.5,0
26309156,2473,1,0,-1,0,0,0,0,0,0,0,0,0,0
26314402,2486,1,1,0,0.289974,101.883,179.609,37.7344,72.9062,-11,0,0.5,0.5,0
26318428,2473,1,0,-1,0,0,0,0,0,0,0,0,0,0
26324767,2488,1,1,0,0.26875,109.043,184.422,24.7266,63.7188,-11,0,0.5,0.5,0
26328255,2482,1,1,0,0.308607,120.383,184.516,24.6094,62.7812,-8,0,0.5,0.5,0
26331563,2482,1,1,0,0.289371,121.938,183.828,27.0312,62.8438,-7,0,0.5,0.5,0
26335493,2471,1,0,-1,0,0,0,0,0,0,0,0,0,0
26339592,2485,1,1,0,0.365456,151.758,178.023,41.0156,68.0781,-2,0,0.5,0.5,0
26344926,2485,1,1,0,0.258699,154.773,179.422,30.8906,58.3438,-3,0,0.5,0.5,0
26348635,2484,1,1,0,0.254415,154.633,179.273,31.2656,67.7344,-2,0,0.5,0.5,0
26352251,2484,1,1,0,0.334589,158.977,177.812,28.4531,56.75,-2,0,0.5,0.5,0
26355775,2480,1,1,0,0.30819,159.871,176.648,26.6797,56.4219,-2,0,0.5,0.5,0
26359288,2486,1,1,0,0.555917,164.145,180.922,37.0547,63.6562,0,0,0.5,0.5,0
26365095,2485,1,1,0,0.442155,167.102,179.172,32.1094,62.0938,-1,0,0.5,0.5,0
26369260,2482,1,1,0,0.331986,169.461,182.375,31.3906,62.9375,0,0,0.5,0.5,0
26373461,2485,1,1,0,0.285172,169.266,179.109,26.7188,58.4062,0,0,0.5,0.5,0
26380691,2487,1,1,0,0.270673,170.57,179.75,33.1719,61.6875,0,0,0.5,0.5,0
26386225,2485,1,1,0,0.440229,167.586,180.984,31.3594,65.9062,0,0,0.5,0.5,0
26390289,2487,1,1,0,0.318697,163.727,181.828,27.5469,62.7188,0,0,0.5,0.5,0
26396409,2484,1,1,0,0.452294,162.902,183.422,32.3359,71.5938,-1,0,0.5,0.5,0
26399909,2486,1,1,0,0.650912,163.078,183.859,28,62.2188,0,0,0.5,0.5,0
26404529,2493,1,1,0,0.596903,160.352,185.688,31.5469,69.5,0,0,0.5,0.5,0
26409403,2486,1,1,0,0.692642,159.434,185.711,32.0078,70.5469,-1,0,0.5,0.5,0
26414629,2481,1,1,0,0.388154,158.629,187.016,27.5078,63.5312,0,0,0.5,0.5,0
26421084,2487,1,1,0,0.582254,154.912,184.75,28.207,65.8125,-1,0,0.5,0.5,0
26425104,2486,1,1,0,0.296654,154.414,183.828,29.7969,72.0938,0,0,0.5,0.5,0
26430610,2481,1,1,0,0.327669,152.027,183.844,27.4922,60,-1,0,0.5,0.5,0
26437052,2481,1,1,0,0.47025,153.824,184.016,29.8984,67.3438,0,0,0.5,0.5,0
26442419,2484,1,1,0,0.467332,153.164,187.625,29.2656,70.875,-1,0,0.5,0.5,0
26447218,2484,1,1,0,0.410638,152.355,187.953,29.6484,72.0938,0,0,0.5,0.5,0
26451955,2467,1,0,-1,0,0,0,0,0,0,0,0,0,0
26459273,2484,1,1,0,0.453262,148.859,186.758,30.6562,75.4844,-1,0,0.5,0.5,0
26463863,2485,1,1,0,0.369314,151.254,190.016,27.2734,71.2188,0,0,0.5,0.5,0
26469371,2486,1,1,0,0.301568,151.129,188.156,29.1328,75.3125,-1,0,0.5,0.5,0
26474893,2485,1,1,0,0.256831,150.219,187.672,26.0625,77.8438,-1,0,0.5,0.5,0
26480654,2484,1,1,0,0.597843,149.668,188.469,35.1484,79.9375,0,0,0.5,0.5,0
26484725,2484,1,1,0,0.622459,149.375,188.5,34.5312,77.75,-1,0,0.5,0.5,0
26491304,2486,1,1,0,0.283384,149.746,190.828,34.7422,82.8438,-1,0,0.5,0.5,0
26497561,2483,1,1,0,0.589834,148.602,189.656,37.8594,86.6875,0,0,0.5,0.5,0
26501628,2483,1,1,0,0.709422,146.699,192.992,36.2734,85.8906,-1,0,0.5,0.5,0
26507598,2485,1,1,0,0.727588,146.168,193.047,38.5859,86.4062,-1,0,0.5,0.5,0
26511298,2483,1,1,0,0.641534,144.738,193.492,40.6484,86.5156,-1,0,0.5,0.5,0
26514950,2481,1,1,0,0.528777,143.637,192.219,39.1953,87.8125,-2,0,0.5,0.5,0
26519066,2481,1,1,0,0.317426,143.887,190.242,39.6172,92.4844,-1,0,0.5,0.5,0
26524634,2486,1,1,0,0.485356,145.918,190.844,37.9609,85.8125,0,0,0.5,0.5,0
26528465,2484,1,1,0,0.669744,146.766,191.305,35.6562,86.3594,-2,0,0.5,0.5,0
26534632,2485,1,1,0,0.383988,147.016,191.25,35.9688,88,-1,0,0.5,0.5,0
26540849,2485,1,1,0,0.696371,148.336,190.727,35.3594,89.0781,0,0,0.5,0.5,0
26545150,2482,1,1,0,0.67405,146.652,194.43,37.2422,84.6406,-1,0,0.5,0.5,0
26550906,2484,1,1,0,0.599251,147.355,194.602,36.6328,85.9219,-1,0,0.5,0.5,0
26555434,2483,1,1,0,0.720958,147.371,194.484,35.5547,85.5938,-1,0,0.5,0.5,0
26559379,2486,1,1,0,0.74872,147.023,194.242,34.4531,85.3594,-1,0,0.5,0.5,0
26565251,2482,1,1,0,0.694717,147.789,194.555,34.1719,83.2344,-1,0,0.5,0.5,0
26568747,2479,1,1,0,0.73867,147.914,194.594,34.5156,84.5,-1,0,0.5,0.5,0
26574554,2484,1,1,0,0.685529,148.047,192.672,36.7812,90.0938,-1,0,0.5,0.5,0
26578465,2484,1,1,0,0.560734,148.836,194.055,35.6406,85.0156,0,0,0.5,0.5,0
26582599,2484,1,1,0,0.698432,148.781,193.938,35.125,88.375,-1,0,0.5,0.5,0
26587947,2486,1,1,0,0.515132,148.898,193.711,34.2969,86.1719,-1,0,0.5,0.5,0
26591815,2489,1,1,0,0.657979,148.555,194.094,35.8594,83.625,-1,0,0.5,0.5,0
26597603,2485,1,1,0,0.616474,147.371,194.742,36.0547,84.0156,0,0,0.5,0.5,0
26601623,2484,1,1,0,0.252015,148.082,192.992,37.1328,89.2344,-1,0,0.5,0.5,0
26608189,2482,1,1,0,0.590307,148.27,193.062,37.0234,88.0625,-1,0,0.5,0.5,0
26612136,2485,1,1,0,0.305905,147.543,196.195,36.5703,83.1094,-1,0,0.5,0.5,0
26616078,2485,1,1,0,0.522933,147.016,195.719,34.9062,82.9375,-1,0,0.5,0.5,0
26620428,2487,1,1,0,0.712233,146.848,195.609,37.0703,85.5312,-1,0,0.5,0.5,0
26625785,2483,1,1,0,0.512693,147.453,195.555,37.0625,85.4844,0,0,0.5,0.5,0
26631733,2483,1,1,0,0.422505,147.184,196.078,38.3828,85.0938,-1,0,0.5,0.5,0
26635859,2484,1,1,0,0.611846,146.316,195.219,38.9453,84.1875,-2,0,0.5,0.5,0
26641345,2484,1,1,0,0.411584,145.93,195.359,37.7656,82.7188,0,0,0.5,0.5,0
26645130,2485,1,1,0,0.733356,145.016,196.406,41.5,85.8125,-1,0,0.5,0.5,0
26651298,2481,1,1,0,0.650023,145.312,196.781,43.375,86.1875,-1,0,0.5,0.5,0
26655486,2484,1,1,0,0.754552,145.473,195.93,43.5078,86.1094,-2,0,0.5,0.5,0
26661894,2483,1,1,0,0.755996,144.391,196.344,44.0938,86.875,0,0,0.5,0.5,0
26665653,2481,1,1,0,0.716616,144.406,196.203,49.3125,85.1562,-2,0,0.5,0.5,0
26669643,2477,1,1,0,0.689306,144.406,196.141,49.1875,84.2812,-1,0,0.5,0.5,0
26673734,2484,1,1,0,0.694303,143.469,195.359,50.8125,85.0938,-1,0,0.5,0.5,0
26678726,2483,1,1,0,0.701713,143.547,195.219,52.1562,83.4375,-1,0,0.5,0.5,0
26682242,2482,1,1,0,0.420599,143.609,196.117,53.9062,81.4844,-2,0,0.5,0.5,0
26688735,2484,1,1,0,0.415847,143.648,195.289,55.0469,86.0781,-1,0,0.5,0.5,0
26695395,2487,1,1,0,0.651798,144.094,194.734,57.0625,84.7812,-1,0,0.5,0.5,0
26701668,2483,1,1,0,0.488771,145.422,193.836,61.8438,82.9219,-1,0,0.5,0.5,0
26705523,2485,1,1,0,0.785966,145.555,193.719,59.4844,84.1875,-1,0,0.5,0.5,0
26709079,2484,1,1,0,0.667581,145.141,194.422,63.8438,83.3438,-1,1,0.5,0.5,0
26714780,2485,1,1,0,0.645566,145.43,194.281,65.7969,85.6875,-2,0,0.5,0.5,0
26718788,2483,1,1,0,0.764889,145.234,194,63.9688,85.375,0,0,0.5,0.5,0
26722210,2483,1,1,0,0.640635,148.094,188.742,67.375,97.8594,-1,0,0.5,0.5,0
26726484,2482,1,1,0,0.773215,147.766,188.828,74.1562,99.2812,-2,0,0.5,0.5,0
26732113,2486,1,1,0,0.650023,147.086,193.125,72.9844,88.875,0,0,0.5,0.5,0
26736542,2483,1,1,0,0.614163,147.016,191.828,71.2188,84.7812,-1,0,0.5,0.5,0
26741983,2484,1,1,0,0.568416,147.656,192.016,72.6875,85.2188,-1,0,0.5,0.5,0
26746434,2487,1,1,0,0.305905,148.383,191.82,74.2344,87.6406,-1,0,0.5,0.5,0
26752100,2484,1,1,0,0.713831,147.969,192.625,71.9375,83.625,-1,0,0.5,0.5,0
26756746,2484,1,1,0,0.688888,147.398,192.922,72.0781,83.4062,-1,0,0.5,0.5,0
26763117,2485,1,1,0,0.604399,146.922,191.703,72.1562,85.0312,0,0,0.5,0.5,0
26769067,2484,1,1,0,0.729134,148.75,192.688,81.375,86.25,-1,0,0.5,0.5,0
26775705,2486,1,1,0,0.713432,149.328,192.703,81.0938,85.3438,-1,0,0.5,0.5,0
26780045,2484,1,1,0,0.768731,149.844,189.938,78.0625,93.125,-1,0,0.5,0.5,0
26786275,2485,1,1,0,0.264738,148.859,190.602,75.2188,78.9219,0,0,0.5,0.5,0
26791496,2486,1,1,0,0.742423,149,190.797,79.375,87.5938,-1,0,0.5,0.5,0
26796164,2483,1,1,0,0.742796,152.656,196.609,79.5625,80.8438,-1,0,0.5,0.5,0
26799966,2481,1,1,0,0.700075,150.391,192.844,82.2188,85.9375,0,0,0.5,0.5,0
26808214,2481,1,1,0,0.813757,152.609,192.438,74.9688,88.8125,-1,0,0.5,0.5,0
26813433,2483,1,1,0,0.749454,154.312,191.812,72.75,90.375,0,0,0.5,0.5,0
26818213,2484,1,1,0,0.799442,154.703,192.445,72.2188,86.3906,0,0,0.5,0.5,0
26829863,2488,1,1,0,0.817868,154.711,190.531,70.9844,93.4375,0,0,0.5,0.5,0
26835729,2484,1,1,0,0.69802,153.375,191.781,74.1875,90.8125,-1,0,0.5,0.5,0
26839228,2481,1,1,0,0.822474,152.352,189.062,70.8281,97,0,0,0.5,0.5,0
26843166,2482,1,1,0,0.79534,152.234,191.328,70.9062,91.7812,-1,0,0.5,0.5,0
26849840,2484,1,1,0,0.633864,152.531,192.867,71.1875,88.9844,0,0,0.5,0.5,0
26856326,2481,1,1,0,0.80038,152.039,192.562,67.0781,87.875,0,0,0.5,0.5,0
26859877,2482,1,1,0,0.860835,152.359,192.406,67.0938,90.625,-1,0,0.5,0.5,0
26863679,2484,1,1,0,0.847717,151.492,188.672,65.6406,98.9062,0,0,0.5,0.5,0
26869469,2486,1,1,0,0.841567,151.062,189,67,98.375,-1,0,0.5,0.5,0
26873250,2483,1,1,0,0.651354,150.93,189.734,65.8594,95.1562,0,0,0.5,0.5,0
26879227,2482,1,1,0,0.783988,150.117,191.141,63.5156,93.5312,-1,0,0.5,0.5,0
26883177,2487,1,1,0,0.848722,148.18,188.703,62.1406,99.9688,0,0,0.5,0.5,0
26887170,2487,1,1,0,0.771498,148.234,188.875,63.4688,98.25,-1,0,0.5,0.5,0
26893185,2483,1,1,0,0.696371,147.586,187.438,61.8594,97.875,-1,0,0.5,0.5,0
26897405,2485,1,1,0,0.77865,147.688,187.109,60.75,99.9062,-1,0,0.5,0.5,0
26903319,2485,1,1,0,0.866358,146.461,187.219,57.1094,101.938,0,0,0.5,0.5,0
26907285,2481,1,1,0,0.863159,146.359,187.984,57.8438,97.4688,-1,0,0.5,0.5,0
26911108,2483,1,1,0,0.679604,147.117,187.789,55.5469,95.3281,-1,0,0.5,0.5,0
26915175,2481,1,1,0,0.413004,145.109,187.531,53.5312,95.8125,-1,0,0.5,0.5,0
26920077,2484,1,1,0,0.819605,145.141,188.125,52.4062,96.5,-1,0,0.5,0.5,0
26924677,2486,1,1,0,0.798187,144.258,191.188,49.7031,90.25,-1,0,0.5,0.5,0
26930636,2483,1,1,0,0.675336,143.648,190.75,48.6719,91,-1,0,0.5,0.5,0
26936117,2483,1,1,0,0.626125,142.723,190.375,43.8203,91.5,-2,0,0.5,0.5,0
26942470,2485,1,1,0,0.844667,142.676,186.766,38.4766,100.469,-1,0,0.5,0.5,0
26949045,2483,1,1,0,0.595963,141.832,187.164,36.4141,95.0469,-1,0,0.5,0.5,0
26952841,2485,1,1,0,0.699254,143.93,185.336,39.0781,100.172,-1,0,0.5,0.5,0
26956720,2484,1,1,0,0.70619,145.641,184.82,38.6562,99.1406,-2,0,0.5,0.5,0
26960244,2483,1,1,0,0.767687,146.609,186.031,38.0312,101.062,0,0,0.5,0.5,0
26963943,2483,1,1,0,0.736781,146.73,186.406,39.9297,102.812,-1,0,0.5,0.5,0
26969828,2488,1,1,0,0.253675,149.941,186.438,37.6172,100.375,-1,0,0.5,0.5,0
26974042,2481,1,1,0,0.33764,149.914,190.938,38.5469,89.25,-1,0,0.5,0.5,0
26980061,2485,1,1,0,0.744286,148.953,186.125,41.5312,97.375,0,0,0.5,0.5,0
26985015,2485,1,1,0,0.756716,146.566,185.398,36.7109,99.7031,-1,0,0.5,0.5,0
26989626,2485,1,1,0,0.820182,147.348,185.703,38.1016,99.6562,-1,-1,0.5,0.5,0
26994002,2485,1,1,0,0.769078,147.547,185.781,37.3438,99.5625,-1,0,0.5,0.5,0
27000340,2484,1,1,0,0.347316,148.117,189.641,35.2969,92.8438,-1,0,0.5,0.5,0
27004589,2485,1,1,0,0.676192,149.789,187.891,37.6094,97.7812,0,0,0.5,0.5,0
27010012,2487,1,1,0,0.501465,151.719,191.75,36.6562,89.25,-1,0,0.5,0.5,0
27016322,2486,1,1,0,0.808371,153.242,185.617,37.7031,101.234,0,0,0.5,0.5,0
27020747,2483,1,1,0,0.529263,153.086,189.328,37.8594,94.8438,-1,0,0.5,0.5,0
27024837,2486,1,1,0,0.634317,154.297,186,35.8438,101.75,0,0,0.5,0.5,0
27030120,2483,1,1,0,0.712633,154.531,185.812,36.9062,99.625,0,0,0.5,0.5,0
27035058,2482,1,1,0,0.806244,155.656,185.484,36.5,99.9688,-1,0,0.5,0.5,0
27038341,2482,1,1,0,0.725259,156.156,185.695,37.375,99.1094,0,0,0.5,0.5,0
27044254,2485,1,1,0,0.828105,157.812,184.828,38.25,99.9062,0,0,0.5,0.5,0
27048465,2482,1,1,0,0.565059,157.695,191.344,36.2656,90.3125,0,0,0.5,0.5,0
27054123,2485,1,1,0,0.751648,160.992,186.844,37.7031,101.438,0,0,0.5,0.5,0
27058776,2486,1,1,0,0.774924,161.273,186.625,38.0156,101.75,0,0,0.5,0.5,0
27063922,2484,1,1,0,0.388154,163.527,188.367,38.1953,97.7656,0,0,0.5,0.5,0
27067478,2486,1,1,0,0.297062,163.91,188.516,38.4141,92.0938,0,0,0.5,0.5,0
27071358,2484,1,1,0,0.311531,164.512,190.844,36.6797,86.8125,0,0,0.5,0.5,0
27076518,2484,1,1,0,0.620622,164.723,187.703,36.5234,94.9062,0,0,0.5,0.5,0
27079962,2483,1,1,0,0.486332,164.418,190.391,37.0547,88.9688,0,0,0.5,0.5,0
27083869,2482,1,1,0,0.569374,162.738,192.836,30.3203,83.5781,0,0,0.5,0.5,0
27087441,2485,1,1,0,0.439266,166.641,191.828,35.4062,83.9688,1,0,0.5,0.5,0
27093150,2484,1,1,0,0.471223,168.469,191.602,33.2812,87.7031,0,0,0.5,0.5,0
27097823,2483,1,1,0,0.29972,166.828,190.672,30.7812,88.7812,0,0,0.5,0.5,0
27101706,2484,1,1,0,0.323167,167.812,190.875,32.1875,88.5,1,0,0.5,0.5,0
27106882,2483,1,1,0,0.422028,166.719,192.922,29.2188,83.4062,0,0,0.5,0.5,0
27110577,2484,1,1,0,0.574633,167.855,193.422,27.8984,86.2812,0,0,0.5,0.5,0
27114196,2477,1,1,0,0.543348,168.211,193.812,28.8594,84.5,1,0,0.5,0.5,0
27120011,2480,1,1,0,0.663669,171.379,187.789,32.0234,98.0781,0,0,0.5,0.5,0
27123459,2477,1,1,0,0.462958,171.875,188.5,32.7812,96.25,1,0,0.5,0.5,0
27127923,2482,1,1,0,0.582254,169.828,194.562,29.1562,84.125,1,0,0.5,0.5,0
27134054,2481,1,1,0,0.710227,172.188,186.945,33.0938,99.1406,0,0,0.5,0.5,0
27139997,2487,1,1,0,0.319546,170.387,189.625,30.3672,87.25,1,0,0.5,0.5,0
27144171,2482,1,1,0,0.358017,166.324,208.266,20.7734,55.5938,0,0,0.5,0.5,0
27150257,2485,1,1,0,0.67662,172.555,192.977,33.4844,89.5781,1,0,0.5,0.5,0
27154803,2485,1,1,0,0.426799,173.453,193.945,31.1562,89.4844,1,0,0.5,0.5,0
27158163,2485,1,1,0,0.657099,173.477,192.859,31.2344,87.3438,0,0,0.5,0.5,0
27163781,2484,1,1,0,0.697196,173.855,192.266,32.6641,89.7188,1,0,0.5,0.5,0
27167253,2484,1,1,0,0.736781,173.836,188.156,32.6094,97.9375,2,0,0.5,0.5,0
27173498,2485,1,1,0,0.361616,171.906,193.844,36.9688,86.8125,0,0,0.5,0.5,0
27177314,2487,1,1,0,0.31658,172.984,193.922,30.9688,84.5938,1,0,0.5,0.5,0
27181390,2488,1,1,0,0.269325,170.617,192.609,32.2344,74.7188,0,0,0.5,0.5,0
27187337,2486,1,1,0,0.489259,171.586,191.578,36.1719,81.6562,1,0,0.5,0.5,0
27190817,2485,1,1,0,0.560253,171.289,192.898,35.2031,88.8281,1,0,0.5,0.5,0
27194654,2484,1,1,0,0.702938,173.266,194.633,35.7812,86.3594,1,0,0.5,0.5,0
27200688,2483,1,1,0,0.674908,172.234,194.094,37.9375,86.6875,1,0,0.5,0.5,0
27205246,2486,1,1,0,0.53607,172.328,193.5,37.5938,81,0,0,0.5,0.5,0
27208793,2482,1,1,0,0.75274,172.492,193.688,38.8906,85.375,1,0,0.5,0.5,0
27214889,2486,1,1,0,0.586996,169.547,195.195,40.3125,80.1094,1,0,0.5,0.5,0
27219637,2483,1,1,0,0.728362,171.637,195.5,42.1484,82.25,1,0,0.5,0.5,0
27225326,2490,1,1,0,0.592667,171.352,194.508,46.1719,87.7656,0,0,0.5,0.5,0
27229151,2481,1,1,0,0.686371,171.828,195.844,46.9062,87.6875,1,0,0.5,0.5,0
27233362,2479,1,1,0,0.693888,171.688,195.641,44.3438,86.0312,1,0,0.5,0.5,0
27239372,2482,1,1,0,0.643776,173.094,196.234,47.75,86.9062,1,0,0.5,0.5,0
27245946,2483,1,1,0,0.66888,173.891,190.234,51.125,100.219,0,0,0.5,0.5,0
27249600,2482,1,1,0,0.799442,172.074,191.508,53.2734,100.766,1,0,0.5,0.5,0
27255255,2477,1,1,0,0.685529,173.219,190.172,52.9375,98.2188,1,0,0.5,0.5,0
27259314,2486,1,1,0,0.602997,173.461,191.297,51.4844,96.0312,1,0,0.5,0.5,0
27265020,2484,1,1,0,0.689306,173.398,193.07,54.7031,86.1094,1,0,0.5,0.5,0
27269035,2483,1,1,0,0.750918,173.422,192.359,56.9688,91.1562,1,0,0.5,0.5,0
27272515,2485,1,1,0,0.805938,174.344,188.789,59.4375,99.6719,1,0,0.5,0.5,0
27278530,2484,1,1,0,0.775945,172.93,188.578,63.2031,98.9062,1,0,0.5,0.5,0
27282609,2486,1,1,0,0.63205,173.172,188.312,62.6562,96.875,1,0,0.5,0.5,0
27288728,2483,1,1,0,0.71103,171.977,191.266,62.8594,90.5938,0,0,0.5,0.5,0
27292565,2486,1,1,0,0.807157,170.109,188.719,61.9688,97.9375,1,0,0.5,0.5,0
27296001,2486,1,1,0,0.605332,168.625,192.82,63.75,85.2344,1,0,0.5,0.5,0
27302257,2485,1,1,0,0.822474,168.828,188.641,66.1562,98.5938,0,0,0.5,0.5,0
27306216,2484,1,1,0,0.582254,168.141,194.031,71.0938,87.0625,1,0,0.5,0.5,0
27312249,2485,1,1,0,0.449876,168.461,190.109,72.5156,93.2188,0,0,0.5,0.5,0
27315826,2486,1,1,0,0.597843,168.062,190.453,65.4375,90.5938,1,0,0.5,0.5,0
27319329,2482,1,1,0,0.562177,168.289,188.312,65.5781,97.75,0,0,0.5,0.5,0
27323339,2483,1,1,0,0.509764,166.625,193.023,67.1875,83.8281,0,0,0.5,0.5,0
27328982,2482,1,1,0,0.549157,166.719,192.766,69.9375,86.7188,1,0,0.5,0.5,0
27332552,2489,1,1,0,0.576542,166.109,192.938,65.1562,81.875,0,0,0.5,0.5,0
27339005,2483,1,1,0,0.656219,166.32,193.578,67.3906,86.0312,0,0,0.5,0.5,0
27343262,2485,1,1,0,0.373875,169.656,190.695,59.0938,79.6094,1,0,0.5,0.5,0
27348743,2485,1,1,0,0.717804,170.375,191.203,60.375,86.4062,1,0,0.5,0.5,0
27352594,2483,1,1,0,0.277278,171.297,194.203,66.4688,87.6562,0,0,0.5,0.5,0
27357520,2487,1,1,0,0.285571,168.82,191.469,59.5469,80.3125,1,0,0.5,0.5,0
27362447,2481,1,1,0,0.520984,168.867,193.602,61.8906,84.1719,0,0,0.5,0.5,0
27366778,2485,1,1,0,0.589362,169.984,194.164,60.5312,85.8281,1,0,0.5,0.5,0
27372437,2484,1,1,0,0.772873,170.453,194.156,62.0938,88.125,0,0,0.5,0.5,0
27377365,2483,1,1,0,0.432063,169.969,193.938,67.1875,89.25,1,0,0.5,0.5,0
27382904,2484,1,1,0,0.63205,169.547,194.469,63.7188,87,0,0,0.5,0.5,0
27387234,2486,1,1,0,0.557363,170.562,194.078,63,86.1562,1,0,0.5,0.5,0
27391498,2487,1,1,0,0.658857,176.203,194.898,53.5312,88.4219,1,0,0.5,0.5,0
27397748,2486,1,1,0,0.453262,175.125,196.148,53.8125,85.2031,1,0,0.5,0.5,0
27402820,2480,1,1,0,0.553023,175.102,195.812,58.0469,87.625,1,0,0.5,0.5,0
27407577,2482,1,1,0,0.493165,174.812,193.484,58.0625,89.5312,1,0,0.5,0.5,0
27413675,2481,1,1,0,0.499023,175.812,194.07,55.625,88.5156,1,0,0.5,0.5,0
27417092,2485,1,1,0,0.771842,175.75,194.453,57.375,88.8438,2,0,0.5,0.5,0
27423279,2483,1,1,0,0.67147,175.336,194.438,57.4531,88.875,0,0,0.5,0.5,0
27427329,2484,1,1,0,0.68595,175.523,194.516,55.4531,88.8438,2,0,0.5,0.5,0
27433018,2484,1,1,0,0.603464,177.453,193.336,46.8438,86.7969,1,0,0.5,0.5,0
27437660,2486,1,1,0,0.317426,177.531,193.398,47.8125,87.4219,1,0,0.5,0.5,0
27442996,2482,1,1,0,0.482917,177.82,192.891,43.7969,84.5312,2,0,0.5,0.5,0
27447709,2485,1,1,0,0.575111,178.207,191.641,44.4609,92.4688,1,0,0.5,0.5,0
27451534,2486,1,1,0,0.455199,178.273,191.547,40.2031,79.3438,1,0,0.5,0.5,0
27458608,2484,1,1,0,0.614625,177.207,191.531,38.8203,77,2,0,0.5,0.5,0
27463855,2485,1,1,0,0.589362,177.215,191.516,39.2891,79.0938,1,0,0.5,0.5,0
27467364,2486,1,1,0,0.554953,177.332,194.297,38.9453,85.7188,2,0,0.5,0.5,0
27470693,2484,1,1,0,0.470737,177.363,194.406,35.8047,78.75,1,0,0.5,0.5,0
27477456,2491,1,1,0,0.675764,177.082,193.344,40.8047,84.9375,1,0,0.5,0.5,0
27483344,2488,1,1,0,0.717408,176.336,184.891,40.8906,101.719,2,0,0.5,0.5,0
27487568,2481,1,1,0,0.700894,176.465,185.406,40.6797,103.438,1,0,0.5,0.5,0
27493044,2487,1,1,0,0.438304,176.711,187.375,39.7969,89.75,1,0,0.5,0.5,0
27496421,2485,1,1,0,0.492676,174.977,184.75,38.4844,93.5,2,0,0.5,0.5,0
27499821,2486,1,1,0,0.605799,175.691,184.25,40.2422,103.25,1,0,0.5,0.5,0
27503771,2483,1,1,0,0.477067,175.449,185.352,38.4609,99.4219,1,0,0.5,0.5,0
27507272,2484,1,1,0,0.700485,174.008,185,38.6719,100.375,2,0,0.5,0.5,0
27513011,2483,1,1,0,0.557363,173.43,186.742,36.1406,99.2656,1,0,0.5,0.5,0
27516597,2469,1,0,-1,0,0,0,0,0,0,0,0,0,0
27523021,2482,1,1,0,0.551574,173.516,187.102,34.375,84.1719,1,0,0.5,0.5,0
27527410,2486,1,1,0,0.538983,172.938,186.828,34.625,82.0938,1,0,0.5,0.5,0
27531323,2483,1,1,0,0.747248,173.867,180.734,37.7969,95.9688,2,0,0.5,0.5,0
27536848,2483,1,1,0,0.614625,174.438,182.43,35.75,90.1406,0,0,0.5,0.5,0
27540819,2482,1,1,0,0.547222,172.125,186.93,34.75,81.1406,1,0,0.5,0.5,0
27544825,2487,1,1,0,0.514156,172.367,187.102,36.4844,81.2031,1,0,0.5,0.5,0
27550414,2482,1,1,0,0.644224,173.02,184.383,35.3359,88.3906,1,0,0.5,0.5,0
27557105,2487,1,1,0,0.737916,173.234,185.602,34.7812,84.2031,1,0,0.5,0.5,0
27561595,2486,1,1,0,0.511229,173.648,186.578,33.2656,79.8438,1,0,0.5,0.5,0
27565548,2482,1,1,0,0.684265,173.055,186.781,35.3594,81.9375,1,0,0.5,0.5,0
27569936,2484,1,1,0,0.339827,173.727,186.875,32.4844,81.25,1,0,0.5,0.5,0
27574420,2486,1,1,0,0.353764,173.055,187.516,34.3594,81.7188,1,0,0.5,0.5,0
27578883,2485,1,1,0,0.509764,171.828,187.773,34.6562,79.0781,1,0,0.5,0.5,0
27585063,2482,1,1,0,0.268175,172.32,187.656,33.7969,83.8125,1,0,0.5,0.5,0
27589463,2483,1,1,0,0.336767,171.398,186.922,32.6406,81.2188,0,0,0.5,0.5,0
27594592,2483,1,1,0,0.335677,172.844,187.156,30.375,83.3125,2,0,0.5,0.5,0
27598689,2484,1,1,0,0.735262,173.238,182.633,33.5859,95.0156,0,0,0.5,0.5,0
27602141,2486,1,1,0,0.686371,173.035,182.391,31.9297,95.4688,2,0,0.5,0.5,0
27606146,2487,1,1,0,0.371592,172.926,187.969,29.7422,88.5625,0,0,0.5,0.5,0
27616013,2487,1,1,0,0.337203,172.43,187.844,33.8281,86.3125,1,0,0.5,0.5,0
27621606,2486,1,1,0,0.266644,170.727,190.922,31.4844,86.6562,1,0,0.5,0.5,0
27626928,2486,1,1,0,0.362067,171.078,189.766,32.25,79.6562,0,0,0.5,0.5,0
27631370,2486,1,1,0,0.338951,169.934,191.281,31.4922,78.875,1,0,0.5,0.5,0
27635751,2487,1,1,0,0.289371,170.133,190.047,29.4219,77.2188,1,0,0.5,0.5,0
27641913,2486,1,1,0,0.502441,173.449,191.953,30.0078,80.5312,1,0,0.5,0.5,0
27648335,2484,1,1,0,0.500977,173.438,192.266,33.3438,83.8438,1,0,0.5,0.5,0
27652028,2485,1,1,0,0.305283,172.984,190.938,35.4688,82.5625,0,0,0.5,0.5,0
27655655,2479,1,1,0,0.713033,173.898,190.969,33.0156,83.5625,2,0,0.5,0.5,0
27659211,2484,1,1,0,0.664105,173.344,192.469,34.125,87.0625,1,0,0.5,0.5,0
27664820,2488,1,1,0,0.806549,173.996,189.156,34.6641,94.25,0,0,0.5,0.5,0
27668784,2484,1,1,0,0.70538,172.797,193.359,34.5312,86.1562,1,0,0.5,0.5,0
27672955,2485,1,1,0,0.669744,173.258,194.078,35.2656,85.5938,2,0,0.5,0.5,0
27679094,2486,1,1,0,0.742796,173.438,194.234,34.9375,86.5312,0,0,0.5,0.5,0
27683418,2484,1,1,0,0.759937,172.93,194.555,36.0781,84.6406,1,0,0.5,0.5,0
27688751,2482,1,1,0,0.743169,172.301,194.406,37.4609,86.3125,1,0,0.5,0.5,0
27694181,2484,1,1,0,0.831963,172.297,194.391,38.1562,86.1562,1,0,0.5,0.5,0
27699482,2481,1,1,0,0.734501,172.43,194.672,41.1719,86.9062,1,0,0.5,0.5,0
27703903,2485,1,1,0,0.769078,172.891,195.078,44.7812,86.4688,1,0,0.5,0.5,0
27708451,2483,1,1,0,0.853669,172.836,195.117,44.9219,84.4219,1,0,0.5,0.5,0
27715337,2482,1,1,0,0.741301,171.719,195.398,49.8125,87.5469,0,0,0.5,0.5,0
27720666,2483,1,1,0,0.710227,171.852,195.195,49.7656,85.8594,1,0,0.5,0.5,0
27724896,2485,1,1,0,0.71423,171.926,195.531,51.2734,83.6875,1,0,0.5,0.5,0
27729193,2483,1,1,0,0.84569,171.859,195.203,51.3438,88.1562,1,0,0.5,0.5,0
27734815,2484,1,1,0,0.661486,171.141,195.25,54.1562,89.5,1,0,0.5,0.5,0
27739282,2487,1,1,0,0.796609,171.875,194.938,53.625,89.625,0,0,0.5,0.5,0
27745026,2484,1,1,0,0.719384,172.867,194.375,53.7344,89.5,1,0,0.5,0.5,0
27749780,2481,1,1,0,0.317003,173.484,194.469,54.4688,91.1875,1,0,0.5,0.5,0
27755459,2482,1,1,0,0.677901,173.289,194.195,58.7969,87.6406,1,0,0.5,0.5,0
27761217,2483,1,1,0,0.727201,170.656,195.172,63.8125,88.2188,1,0,0.5,0.5,0
27765155,2484,1,1,0,0.686791,172.461,187.656,60.1406,98.5625,1,0,0.5,0.5,0
27771035,2489,1,1,0,0.327024,170.891,193.961,65.2188,90.0781,0,0,0.5,0.5,0
27775150,2486,1,1,0,0.707,171.32,192.938,67.1094,92.125,1,0,0.5,0.5,0
27781099,2482,1,1,0,0.590307,171.719,189.109,62.8125,96.4688,1,0,0.5,0.5,0
27784995,2485,1,1,0,0.433022,171.734,189.523,65.2812,98.7031,1,0,0.5,0.5,0
27788907,2484,1,1,0,0.580828,171.609,193.906,62.0312,86.3125,0,0,0.5,0.5,0
27792923,2481,1,1,0,0.707405,171.902,193.281,64.1953,86.5625,1,0,0.5,0.5,0
27798271,2483,1,1,0,0.725648,171.145,194.227,61.2109,87.5781,1,0,0.5,0.5,0
27802100,2488,1,1,0,0.74651,170.523,193.5,61.7031,86.9375,1,0,0.5,0.5,0
27806221,2483,1,1,0,0.849722,171.461,187.531,60.2031,101.188,0,0,0.5,0.5,0
27811080,2481,1,1,0,0.748353,170.891,187.422,61.5312,98.3438,1,0,0.5,0.5,0
27814965,2481,1,1,0,0.73412,168.844,187.812,64.0625,100.625,1,0,0.5,0.5,0
27818500,2484,1,1,0,0.720171,169.742,187.695,62.2344,101.359,0,0,0.5,0.5,0
27825299,2486,1,1,0,0.836822,170.891,188.18,59.4688,100.359,1,0,0.5,0.5,0
27829314,2485,1,1,0,0.796925,169.078,187.953,61.2812,101.594,1,0,0.5,0.5,0
27835220,2486,1,1,0,0.808371,168.711,190.859,62.0469,95.3438,0,0,0.5,0.5,0
27839366,2485,1,1,0,0.660611,168.266,193.023,60.7188,91.1719,0,0,0.5,0.5,0
27845108,2486,1,1,0,0.800692,170.297,192.898,58.0938,90.2031,1,0,0.5,0.5,0
27848923,2483,1,1,0,0.692226,170.797,193.344,56.0938,89.6875,1,0,0.5,0.5,0
27855957,2483,1,1,0,0.452778,172.719,188.992,56.3125,96.4844,1,0,0.5,0.5,0
27860011,2487,1,1,0,0.770117,174.344,192.844,53.4375,91.9375,0,0,0.5,0.5,0
27865362,2484,1,1,0,0.557845,174.227,193.156,50.6719,88.6875,1,0,0.5,0.5,0
27869369,2483,1,1,0,0.52829,174.148,192.789,49.8906,87.3281,2,0,0.5,0.5,0
27874724,2481,1,1,0,0.787931,178.289,187.078,49.8594,99.9062,1,0,0.5,0.5,0
27878911,2482,1,1,0,0.258512,179.227,189.359,46.9531,90.5312,1,0,0.5,0.5,0
27882452,2483,1,1,0,0.797557,175.969,193.078,48.75,91.2188,2,0,0.5,0.5,0
27887040,2482,1,1,0,0.754552,175.414,193.891,47.3281,86.8438,1,0,0.5,0.5,0
27891871,2484,1,1,0,0.383064,174.859,193.242,46.8438,86.9844,1,0,0.5,0.5,0
27895931,2481,1,1,0,0.74577,176.41,186.812,44.1172,98.375,1,0,0.5,0.5,0
27902707,2484,1,1,0,0.657979,176.164,193.836,42.3281,85.8281,1,0,0.5,0.5,0
27906527,2484,1,1,0,0.775605,176.375,186.703,42.6875,102.406,2,0,0.5,0.5,0
27912947,2483,1,1,0,0.661486,176.238,186.578,40.8828,101.406,1,0,0.5,0.5,0
27919317,2484,1,1,0,0.681727,174.621,187,43.5078,103.75,1,0,0.5,0.5,0
27925393,2483,1,1,0,0.765941,174.707,187.156,45.0234,102.438,1,0,0.5,0.5,0
27931652,2484,1,1,0,0.817868,175.137,186.5,42.2109,103.125,1,0,0.5,0.5,0
27935788,2484,1,1,0,0.740926,175.586,185.922,41.2031,103.844,2,0,0.5,0.5,0
27939265,2485,1,1,0,0.725648,175.457,185.906,40.2891,102.062,1,0,0.5,0.5,0
27943498,2485,1,1,0,0.812273,176.172,186.555,41.4688,105.109,1,0,0.5,0.5,0
27949222,2484,1,1,0,0.769078,174.586,186.383,41.0781,103.609,1,0,0.5,0.5,0
27952795,2491,1,1,0,0.733738,174.012,186.562,39.5234,103.375,1,0,0.5,0.5,0
27956290,2484,1,1,0,0.748353,173.375,186.016,38.625,102.219,1,0,0.5,0.5,0
27962395,2485,1,1,0,0.823611,173.066,186.203,39.5703,104.156,1,0,0.5,0.5,0
27966527,2485,1,1,0,0.617397,172.66,186.133,39.9297,104.984,1,0,0.5,0.5,0
27972636,2485,1,1,0,0.802865,173.297,184.375,37.5938,102.125,1,0,0.5,0.5,0
27977359,2485,1,1,0,0.742423,173.031,184.336,36.5,105.172,1,-1,0.5,0.5,0
27982288,2488,1,1,0,0.704567,172.656,184.391,37.25,104.906,1,0,0.5,0.5,0
27986209,2482,1,1,0,0.799755,173.363,183.109,37.2422,100.031,1,0,0.5,0.5,0
27990512,2484,1,1,0,0.754552,172.695,184.508,36.3906,101.266,1,0,0.5,0.5,0
27995714,2485,1,1,0,0.603464,171.172,187.242,38.2188,104.516,1,0,0.5,0.5,0
27999828,2484,1,1,0,0.761713,171.031,187.188,38.0312,104.125,0,0,0.5,0.5,0
28003758,2483,1,1,0,0.640635,172.188,192.711,35.375,87.4219,2,0,0.5,0.5,0
28009104,2486,1,1,0,0.689306,171.227,191.734,38.2344,95.7812,0,0,0.5,0.5,0
28013326,2484,1,1,0,0.79534,170.109,187.156,38.9688,104.188,1,0,0.5,0.5,0
28019507,2482,1,1,0,0.794385,171.172,186.641,36.9062,104.219,1,0,0.5,0.5,0
28025699,2485,1,1,0,0.783988,171.844,186.641,37.1562,104.219,0,0,0.5,0.5,0
28029239,2487,1,1,0,0.808371,172.73,186.078,36.2891,103.406,1,0,0.5,0.5,0
28033521,2486,1,1,0,0.817868,172.266,186.25,37.0625,103.5,1,0,0.5,0.5,0
28039037,2485,1,1,0,0.729134,173.594,186.781,35.1562,102.688,1,0,0.5,0.5,0
28043277,2488,1,1,0,0.753828,172.938,186.906,34.9062,103.688,1,-1,0.5,0.5,0
28047124,2483,1,1,0,0.636579,173.684,184.203,33.6953,94.9062,1,0,0.5,0.5,0
28052932,2484,1,1,0,0.558808,173.016,193.875,33.5312,88.625,1,0,0.5,0.5,0
28056516,2483,1,1,0,0.734501,172.664,193.391,34.0781,93.5312,1,0,0.5,0.5,0
28060144,2480,1,1,0,0.609524,172.742,193.758,34.7656,93.8594,1,0,0.5,0.5,0
28066097,2485,1,1,0,0.28577,172.008,195.422,33.0781,84.4062,0,0,0.5,0.5,0
28070389,2484,1,1,0,0.719778,171.82,195.609,35.4844,88.4062,1,0,0.5,0.5,0
28074769,2483,1,1,0,0.779658,171.891,189.375,35.1562,101,1,0,0.5,0.5,0
28080921,2482,1,1,0,0.665845,171.656,194.664,34.2812,89.4219,1,0,0.5,0.5,0
28085314,2484,1,1,0,0.771153,171.844,188.188,35.625,97.5,1,0,0.5,0.5,0
28090690,2485,1,1,0,0.577495,171.57,189.539,34.7656,101.672,0,0,0.5,0.5,0
28094861,2485,1,1,0,0.718989,171.789,189.867,35.7031,103.266,1,0,0.5,0.5,0
28099099,2481,1,1,0,0.256458,171.625,191.141,36.5,83.9688,1,0,0.5,0.5,0
28106170,2484,1,1,0,0.622918,171.836,195.039,33.0469,87.1719,1,0,0.5,0.5,0
28111913,2485,1,1,0,0.704567,171.898,195.766,35.1094,91.4688,1,0,0.5,0.5,0
28115553,2476,1,1,0,0.779322,171.336,196.266,34.7656,85.4688,0,0,0.5,0.5,0
28120231,2479,1,1,0,0.767339,171.07,196.438,36.1719,88.3125,1,0,0.5,0.5,0
28124535,2476,1,1,0,0.733738,171.273,196.422,35.5781,88.7812,1,0,0.5,0.5,0
28130786,2483,1,1,0,0.678754,172.316,197.289,39.6016,91.0469,1,0,0.5,0.5,0
28134756,2484,1,1,0,0.620162,172.258,197.609,40.9531,87.7188,1,0,0.5,0.5,0
28140609,2483,1,1,0,0.663669,171.961,198.273,40.4844,88.4531,0,0,0.5,0.5,0
28144834,2480,1,1,0,0.720171,170.836,199.68,44.2344,88.0156,1,0,0.5,0.5,0
28150749,2485,1,1,0,0.54577,171.406,195.133,42.4375,95.5156,1,0,0.5,0.5,0
28154628,2480,1,1,0,0.736781,170.188,200.109,48.5938,87.0312,1,0,0.5,0.5,0
28160463,2484,1,1,0,0.413004,171,199.875,50.5,88.375,0,0,0.5,0.5,0
28164275,2486,1,1,0,0.554471,171.043,195.57,50.9141,96.8906,1,0,0.5,0.5,0
28168533,2486,1,1,0,0.747616,170.504,195.117,50.6328,94.9844,1,0,0.5,0.5,0
28174298,2483,1,1,0,0.68342,170.406,196.992,49.9375,90.7656,0,0,0.5,0.5,0
28178610,2483,1,1,0,0.755996,170.645,196.422,56.8359,96.3438,1,0,0.5,0.5,0
28184563,2484,1,1,0,0.612773,169.508,199.445,53.2656,85.8594,0,0,0.5,0.5,0
28187983,2484,1,1,0,0.52829,171.184,197.594,53.5703,87.0625,1,0,0.5,0.5,0
28191972,2486,1,1,0,0.624752,170.008,199.008,55.4531,86.7344,1,0,0.5,0.5,0
28198223,2487,1,1,0,0.747616,169.695,200.203,57.0781,85.9688,0,0,0.5,0.5,0
28202272,2484,1,1,0,0.74651,169.777,198.125,62.1328,90.5,1,0,0.5,0.5,0
28206199,2489,1,1,0,0.465387,169.75,198.594,58.9375,85.3125,1,0,0.5,0.5,0
28209842,2482,0,1,0,0.690977,169.719,199.227,56.5625,80.9219,0,0,0.5,0.5,0
28215540,2492,0,1,0,0.774583,167.914,200.305,66.7969,83.7969,1,0,0.5,0.5,0
28219105,2485,0,1,0,0.70253,166.977,196.391,67.9219,86.7188,0,1,0.5,0.5,0
28223141,2482,0,1,0,0.631595,167.766,196.133,60.6562,86.6094,0,0,0.5,0.5,0
28229251,2485,0,1,0,0.457622,168.016,196.703,58.9688,82.8438,1,0,0.5,0.5,0
28233953,2484,0,1,0,0.45423,166.969,195.141,56.9375,76.7812,0,0,0.5,0.5,0
28237290,2484,0,1,0,0.655778,167.457,193.391,58.5234,82.0938,1,0,0.5,0.5,0
28243032,2484,0,1,0,0.425367,168.516,193,58.5938,83,0,0,0.5,0.5,0
28247304,2478,0,1,0,0.753103,167.469,193.164,57.1875,78.5781,0,0,0.5,0.5,0
28252763,2484,0,1,0,0.521471,167.289,193.859,63.4219,80.5312,1,0,0.5,0.5,0
28256504,2484,0,1,0,0.594551,167.035,193.5,61.8047,80.5,0,0,0.5,0.5,0
28260569,2484,0,1,0,0.558808,166.594,193.336,62.0625,81.4531,0,0,0.5,0.5,0
28266992,2484,0,1,0,0.489259,166.039,193.602,61.3281,75.4219,1,0,0.5,0.5,0
28272640,2486,0,1,0,0.597373,165.859,193.547,64.0938,79.4688,0,0,0.5,0.5,0
28277053,2484,0,1,0,0.583203,165.883,193.516,61.9531,79.0312,0,0,0.5,0.5,0
28283055,2484,0,1,0,0.33372,170.375,192.188,57.375,73,1,0,0.5,0.5,0
28287103,2486,0,1,0,0.417271,171.078,193.062,56.2188,72.375,0,0,0.5,0.5,0
28293221,2488,0,1,0,0.267792,189.639,194.828,17.8789,73.4062,5,0,0.5,0.5,0
28297691,2488,0,1,0,0.356224,188.375,193.469,20.8594,66.6875,2,0,0.5,0.5,0
28303239,2471,0,0,-1,0,0,0,0,0,0,0,0,0,0
28307433,2484,0,1,0,0.44746,187,192.031,21.4844,68.8125,3,0,0.5,0.5,0
28311222,2472,0,0,-1,0,0,0,0,0,0,0,0,0,0
28317287,2475,0,0,-1,0,0,0,0,0,0,0,0,0,0
28321368,2486,0,1,0,0.291384,190.371,193.328,23.0547,73.4062,4,0,0.5,0.5,0
28326811,2485,0,1,0,0.278257,187.574,194.344,26.3672,74,4,0,0.5,0.5,0
28330864,2474,0,0,-1,0,0,0,0,0,0,0,0,0,0
28336561,2484,0,1,0,0.318697,187.766,190.672,27.0938,72.1562,2,0,0.5,0.5,0
28340322,2483,0,1,0,0.270095,180.309,177.547,18.7734,35.3125,3,0,0.5,0.5,0
28344400,2482,0,1,1,0.272412,182.316,163.664,6.58594,7.89062,2,0,0.5,0.5,0
28350368,2484,0,1,0,0.448426,188.25,190.047,24.1875,71.9688,2,0,0.5,0.5,0
28354785,2486,0,1,0,0.281801,189.18,190.172,23.1719,66.2812,3,0,0.5,0.5,0
28359145,2486,0,1,0,0.268175,190.219,189.375,22.125,66,3,0,0.5,0.5,0
28364390,2484,0,1,0,0.308607,189.096,190.547,21.2539,54.9062,3,0,0.5,0.5,0
28368597,2485,0,1,0,0.452778,189.438,189.625,21.6562,66.9375,3,0,0.5,0.5,0
28374074,2483,0,1,0,0.317849,186.879,185.562,24.9766,58.6875,2,0,0.5,0.5,0
28378508,2485,0,1,0,0.273769,184.219,183.555,34.0625,61.2344,3,0,0.5,0.5,0
28383752,2484,0,1,0,0.31216,184.57,185.453,32.1719,57.1562,2,0,0.5,0.5,0
28388056,2473,0,0,-1,0,0,0,0,0,0,0,0,0,0
28394010,2478,0,0,-1,0,0,0,0,0,0,0,0,0,0
28398026,2482,0,1,0,0.35354,186.48,184.672,27.1953,56.9688,4,0,0.5,0.5,0
28401883,2486,0,1,0,0.250546,186.395,183.484,28.3672,54.5312,4,0,0.5,0.5,0
28407735,2482,0,1,0,0.396536,187.168,181.617,29.3203,57.5469,2,0,0.5,0.5,0
28411364,2482,0,1,0,0.397471,189.727,182.484,30.8906,63.3438,3,0,0.5,0.5,0
28417552,2482,0,1,0,0.5,190.066,181.992,30.1797,60.7344,3,0,0.5,0.5,0
28421545,2485,0,1,0,0.485356,190.523,182.266,28.8281,57.7812,3,0,0.5,0.5,0
28427992,2484,0,1,0,0.457622,191.539,182.344,26.2031,62.125,4,0,0.5,0.5,0
28431902,2485,0,1,0,0.344222,191.895,181.609,28.3359,61.3438,4,0,0.5,0.5,0
28437734,2487,0,1,0,0.350421,192.105,181.586,27.6328,58.4531,3,0,0.5,0.5,0
28441758,2490,0,1,0,0.349088,192.254,182.562,22.6016,57.6875,4,0,0.5,0.5,0
28447868,2487,0,1,0,0.307774,194.527,181.422,29.4766,60.9062,5,0,0.5,0.5,0
28452006,2484,0,1,0,0.417746,195.887,182.531,26.0547,62.5625,5,0,0.5,0.5,0
28456927,2486,0,1,0,0.581779,195.262,182.547,26.0391,58.4688,4,0,0.5,0.5,0
28461954,2484,0,1,0,0.4436,195.719,182.75,27.0625,56.5,5,0,0.5,0.5,0
28466594,2493,0,1,0,0.450359,195.609,182.688,27.625,57.0625,5,0,0.5,0.5,0
28473550,2488,0,1,0,0.346652,195.992,183.484,25.2969,57.1562,5,0,0.5,0.5,0
28478884,2484,0,1,0,0.25128,196.125,183.5,26.75,57,6,0,0.5,0.5,0
28482538,2488,0,1,0,0.540924,197.355,182.047,28.5234,62.1562,6,0,0.5,0.5,0
28488854,2482,0,1,0,0.510741,197.328,182.891,27.875,65.6562,5,0,0.5,0.5,0
28495094,2482,0,1,0,0.641534,197.547,182.836,27.875,60.4219,7,0,0.5,0.5,0
28499425,2485,0,1,0,0.349088,197.805,183.328,30.4844,71.8438,7,0,0.5,0.5,0
28503256,2483,0,1,0,0.271252,198.473,183.031,29.8203,59.625,7,0,0.5,0.5,0
28509118,2486,0,1,0,0.343781,197.643,183.391,28.5664,55.4062,6,0,0.5,0.5,0
28516074,2479,0,1,0,0.635675,197.309,185.328,25.8672,51.1562,8,0,0.5,0.5,0
28520079,2481,0,1,0,0.391406,197.184,184.305,24.8359,55.5156,8,0,0.5,0.5,0
28524108,2489,0,1,0,0.360715,197.59,183.266,27.9297,54.2812,8,0,0.5,0.5,0
28529421,2487,0,1,0,0.293,197.426,183.398,27.3672,58.4219,8,0,0.5,0.5,0
28534600,2487,0,1,0,0.369314,198.918,184.016,29.2734,61.2188,9,0,0.5,0.5,0
28539886,2486,0,1,0,0.283384,198.965,183.703,28.6172,56.8438,9,0,0.5,0.5,0
28546210,2485,0,1,0,0.32338,200.98,181.086,30.7109,57.9219,10,0,0.5,0.5,0
28550988,2484,0,1,0,0.485356,199.516,181.516,33.1562,66.0938,10,0,0.5,0.5,0
28554794,2483,0,1,0,0.468791,199.797,180.828,33.5312,63.9062,11,0,0.5,0.5,0
28560606,2485,0,1,0,0.418697,200.008,178.688,33.6406,65.4375,11,0,0.5,0.5,0
28564691,2486,0,1,0,0.433022,199.625,179,33.375,66.5,11,0,0.5,0.5,0
28570202,2486,0,1,0,0.723309,196.953,180.5,39.1562,72.875,12,0,0.5,0.5,0
28573776,2485,0,1,0,0.664105,197.422,181.438,38.4062,73.875,11,0,0.5,0.5,0
28577635,2486,0,1,0,0.343341,198.172,182.688,38.0938,60.5,11,0,0.5,0.5,0
28583774,2485,0,1,0,0.446495,198.68,182.266,37.5469,59.1562,12,0,0.5,0.5,0
28587462,2484,0,1,0,0.322526,198.422,178.188,37.2812,61.9375,11,0,0.5,0.5,0
28590979,2485,0,1,0,0.321246,197.289,177.914,37.7969,61.1406,11,0,0.5,0.5,0
28594895,2486,0,1,0,0.673621,197.508,178.047,38.5469,65.6562,12,0,0.5,0.5,0
28598938,2487,0,1,0,0.351089,197.359,178,39.0625,65.75,11,0,0.5,0.5,0
28604399,2486,0,1,0,0.309858,198.023,178.148,37.8281,61.7031,12,0,0.5,0.5,0
28608415,2487,0,1,0,0.382142,199.031,178.266,38.0625,64.3438,11,0,0.5,0.5,0
28612360,2484,0,1,0,0.275325,198.898,177.922,38.6094,58.8438,11,0,0.5,0.5,0
28618318,2483,0,1,0,0.494629,199.039,179.023,37.2969,59.8281,12,0,0.5,0.5,0
28621200,2483,0,1,0,0.472683,199.484,179.32,37.8125,56.6719,11,0,0.5,0.5,0
28625489,2484,0,1,0,0.657099,201.68,179.477,42.8594,60.8906,11,0,0.5,0.5,0
28631675,2486,0,1,0,0.709422,201.016,177.516,43.5938,65.4062,12,0,0.5,0.5,0
28635380,2485,0,1,0,0.599251,201.012,177.375,43.4766,62.75,11,0,0.5,0.5,0
28641852,2484,0,1,0,0.345767,198.656,178.125,38.375,55,11,0,0.5,0.5,0
28645485,2487,0,1,0,0.319546,199.305,176.703,33.5469,59.3438,12,0,0.5,0.5,0
28649056,2481,0,1,0,0.497559,199.898,177.312,46.4219,64.1875,11,0,0.5,0.5,0
28655586,2486,0,1,0,0.320396,199.039,177.828,45.7656,64.2188,12,0,0.5,0.5,0
28661794,2485,0,1,0,0.32338,198.801,177.977,46.4609,64.6406,11,0,0.5,0.5,0
28665548,2485,0,1,0,0.32338,198.117,177.531,47.5469,66.375,11,0,0.5,0.5,0
28669483,2478,0,1,0,0.375706,195.91,175.422,30.4922,60.0938,12,0,0.5,0.5,0
28675715,2485,0,1,0,0.426322,194.996,176.141,40.4453,64.2812,11,0,0.5,0.5,0
28679749,2485,0,1,0,0.510741,194.051,175.734,43.7734,66.6562,11,0,0.5,0.5,0
28685569,2484,0,1,0,0.6137,193.695,177.797,44.8594,67.7812,12,0,0.5,0.5,0
28691597,2484,0,1,0,0.485356,193.469,178.438,46.3125,68.5625,11,0,0.5,0.5,0
28695541,2484,0,1,0,0.392337,194.805,177.594,47.3594,66.9375,12,0,0.5,0.5,0
28698987,2486,0,1,0,0.581779,194,178.156,44.875,68.0625,11,0,0.5,0.5,0
28703023,2483,0,1,0,0.339827,189.809,178.352,35.0078,65.4531,11,0,0.5,0.5,0
28707313,2484,0,1,0,0.372504,189.582,179.18,37.3516,60.7656,12,0,0.5,0.5,0
28712129,2484,0,1,0,0.57081,189.902,179.516,46.1797,70.2812,11,0,0.5,0.5,0
28715863,2486,0,1,0,0.561696,189.203,179.68,48.9062,71.0781,11,0,0.5,0.5,0
28719930,2486,0,1,0,0.267026,187.828,181.734,38.1562,61.7812,12,0,0.5,0.5,0
28725538,2485,0,1,0,0.340704,187.305,179.828,37.0781,61.4688,11,0,0.5,0.5,0
28731813,2489,0,1,0,0.413004,186.969,179.422,37.625,68.2812,11,0,0.5,0.5,0
28735589,2483,0,1,0,0.423458,185.023,181.875,36.5781,58.25,12,0,0.5,0.5,0
28739383,2484,0,1,0,0.579876,184.461,178.758,38.5781,66.7656,11,0,0.5,0.5,0
28745340,2484,0,1,0,0.326379,184.191,181.172,37.4453,62.6562,12,0,0.5,0.5,0
28749139,2483,0,1,0,0.432063,183.695,181.34,36.5469,55.2422,11,0,0.5,0.5,0
28753176,2487,0,1,0,0.53607,183.914,178.344,38.2969,68.0625,11,0,0.5,0.5,0
28756752,2487,0,1,0,0.355328,182.555,178.922,37.1094,67.0938,12,0,0.5,0.5,0
28760231,2487,0,1,0,0.530723,181.676,179.438,33.7578,63.1875,11,0,0.5,0.5,0
28766122,2484,0,1,0,0.503906,181.527,179.672,30.8984,61.0312,11,0,0.5,0.5,0
28770347,2479,0,1,0,0.425367,180.578,178.18,30.625,62.2344,12,0,0.5,0.5,0
28776704,2482,0,1,0,0.444083,180.742,180.742,34.8906,60.6719,11,0,0.5,0.5,0
28780520,2481,0,1,0,0.326379,181.609,182.641,36.3438,61.0938,12,0,0.5,0.5,0
28784037,2482,0,1,0,0.348202,182.391,179.578,41.1562,66.7188,11,0,0.5,0.5,0
28789714,2484,0,1,0,0.673191,180.895,181.328,37.1172,63.6562,11,0,0.5,0.5,0
28793663,2481,0,1,0,0.718989,179.422,179.672,36.9375,63.2812,12,0,0.5,0.5,0
28798092,2478,0,1,0,0.751648,178.492,183.82,36.7031,58.9531,11,0,0.5,0.5,0
28804238,2487,0,1,0,0.806549,178.039,180.953,39.2344,69.9688,11,0,0.5,0.5,0
28808171,2485,0,1,0,0.786295,177.906,182.953,35.5,63.5312,12,0,0.5,0.5,0
28811642,2486,0,1,0,0.331986,176.703,183.719,34.6875,60.9375,11,0,0.5,0.5,0
28815657,2480,0,1,0,0.784319,175.492,185.016,35.2656,63.4688,11,0,0.5,0.5,0
28820111,2482,0,1,0,0.70538,175.094,183.43,32.75,63.4844,12,0,0.5,0.5,0
28823417,2485,0,1,0,0.273187,173.336,181.875,29.2031,62.75,11,0,0.5,0.5,0
28827613,2485,0,1,0,0.555435,172.578,184.516,30.4062,63.9688,12,0,0.5,0.5,0
28832982,2489,0,1,0,0.382142,171.992,184.703,31.4844,63.5938,7,0,0.5,0.5,0
28837125,2484,0,1,0,0.29462,170.43,182.258,28.4688,61.8906,11,0,0.5,0.5,0
28842506,2485,0,1,0,0.527803,170.555,183.062,27.0781,59.875,12,0,0.5,0.5,0
28847863,2484,0,1,0,0.518059,168.617,181.328,26.0469,56.9688,9,0,0.5,0.5,0
28853396,2486,0,1,0,0.534127,167.945,181.312,27.4531,63.5,6,0,0.5,0.5,0
28860664,2487,0,1,0,0.635675,167.574,183.891,27.2266,61.7812,11,0,0.5,0.5,0
28864549,2486,0,1,0,0.561696,167.305,177.211,25.6406,66.2344,12,0,0.5,0.5,0
28868072,2483,0,1,0,0.595493,165.285,176.812,26.1641,65.375,9,0,0.5,0.5,0
28873259,2483,0,1,0,0.567937,164.02,177.672,29.8828,65.1562,6,0,0.5,0.5,0
28878923,2485,0,1,0,0.538013,163.215,178.391,25.7422,64.9688,10,0,0.5,0.5,0
28882709,2487,0,1,0,0.295433,163.078,181.422,25.625,59.2812,11,0,0.5,0.5,0
28888488,2485,0,1,0,0.552057,161.117,180.625,29.5781,65.25,6,0,0.5,0.5,0
28892628,2482,0,1,0,0.613237,159.766,181.305,27.2812,69.0156,7,0,0.5,0.5,0
28896082,2484,0,1,0,0.697196,159.086,183.766,28.4844,64.6562,12,0,0.5,0.5,0
28900185,2484,0,1,0,0.755996,158.699,179.781,27.7266,62.375,7,0,0.5,0.5,0
28907309,2485,0,1,0,0.667147,158.48,179.836,27.1953,59.9219,3,0,0.5,0.5,0
28911489,2487,0,1,0,0.709422,157.227,178.492,27.0312,63.1719,11,0,0.5,0.5,0
28915436,2486,0,1,0,0.372504,156.91,178.602,26.4609,62.1094,11,0,0.5,0.5,0
28919012,2490,0,1,0,0.511717,156.789,181.266,26.5781,58.9062,2,0,0.5,0.5,0
28922849,2486,0,1,0,0.274741,155.549,181.469,28.7773,60.875,7,0,0.5,0.5,0
28926919,2482,0,1,0,0.554471,155.4,181.125,26.4492,62.5,12,0,0.5,0.5,0
28932296,2484,0,1,0,0.503906,154.445,182.406,25.7969,58.4375,3,0,0.5,0.5,0
28936221,2485,0,1,0,0.654454,152.918,181.812,28.2578,60.25,5,0,0.5,0.5,0
28940461,2482,0,1,0,0.322099,152.566,184.469,27.7422,67.375,8,0,0.5,0.5,0
28944148,2485,0,1,0,0.510741,152.719,181.25,25.625,65.875,7,0,0.5,0.5,0
28949171,2480,0,1,0,0.682151,152.258,181.375,26.625,70.625,2,0,0.5,0.5,0
28952641,2487,0,1,0,0.391406,152.055,181.422,26.625,74.9688,7,0,0.5,0.5,0
28958878,2487,0,1,0,0.541894,151.15,179.891,25.6133,70.4688,4,0,0.5,0.5,0
28962380,2486,0,1,0,0.569374,150.656,180.719,26.7812,72.3125,6,0,0.5,0.5,0
28966299,2484,0,1,0,0.594551,149.898,179.656,26.8906,71.375,4,0,0.5,0.5,0
28969604,2484,0,1,0,0.492676,149.113,179.391,26.1328,70.8438,4,0,0.5,0.5,0
28975903,2485,0,1,0,0.653127,148.609,179.195,26.0625,71.7344,1,0,0.5,0.5,0
28979279,2482,0,1,0,0.349754,147.957,181.047,25.9141,73.7812,6,0,0.5,0.5,0
28986193,2484,0,1,0,0.606265,147.379,181.438,28.7891,76.375,2,0,0.5,0.5,0
28991991,2487,0,1,0,0.313209,145.457,181.625,31.4141,76.3125,2,0,0.5,0.5,0
28995649,2481,0,1,0,0.438785,145.281,181.797,29.375,73.2812,2,0,0.5,0.5,0
28999499,2482,0,1,0,0.410166,144.312,182.719,28.125,66.5625,3,0,0.5,0.5,0
29005732,2482,0,1,0,0.327239,143.758,183.938,28.2656,61.25,0,0,0.5,0.5,0
29010262,2485,0,1,0,0.597843,142.391,183.812,28.6562,61.625,1,0,0.5,0.5,0
29013980,2485,0,1,0,0.611382,141.648,183.453,28.6719,69.1562,1,0,0.5,0.5,0
29019188,2484,0,1,0,0.472683,142.48,184.078,30.2578,65.9062,1,0,0.5,0.5,0
29023966,2485,0,1,0,0.473657,141.297,183.953,28.0938,65.3438,0,0,0.5,0.5,0
29029721,2482,0,1,0,0.322526,140.75,184.594,29.3438,63.25,-1,0,0.5,0.5,0
29034168,2486,0,1,0,0.566019,140.641,184.484,29.375,68.4688,0,0,0.5,0.5,0
29041168,2484,0,1,0,0.426799,138.984,184.547,29.9375,69.5312,-1,0,0.5,0.5,0
29045428,2486,0,1,0,0.795658,138.523,183.844,30.3906,71.3125,-1,0,0.5,0.5,0
29050837,2484,0,1,0,0.72409,136.59,187.219,27.8516,65.6875,-1,0,0.5,0.5,0
29054617,2483,0,1,0,0.599251,135.734,186.766,27.25,64.4688,-2,0,0.5,0.5,0
29058818,2480,0,1,0,0.453262,135.023,186.719,27.6094,65.4375,-1,0,0.5,0.5,0
29063896,2484,0,1,0,0.576065,133.387,185.086,27.0859,58.4844,-2,0,0.5,0.5,0
29068129,2484,0,1,0,0.503906,132.781,184.703,30.7188,64.1562,-2,0,0.5,0.5,0
29074185,2484,0,1,0,0.492676,133.938,183.578,26.3125,59.4688,-2,0,0.5,0.5,0
29080389,2484,0,1,0,0.449876,131.586,182.688,33.2031,75.75,-2,0,0.5,0.5,0
29086929,2484,0,1,0,0.427277,131.754,183.219,30.1016,66.4375,-1,0,0.5,0.5,0
29091615,2484,0,1,0,0.270866,130.234,181.578,29.6875,65.0312,-3,0,0.5,0.5,0
29095864,2485,0,1,0,0.297062,129.344,182.25,29.6875,59.375,-3,0,0.5,0.5,0
29099214,2482,0,1,0,0.252752,127.367,184.5,37.3281,61.5,-3,0,0.5,0.5,0
29105425,2482,0,1,0,0.26569,125.094,185.844,41.5625,70.1875,-2,0,0.5,0.5,0
29108865,2483,0,1,0,0.522446,126.602,180.414,38.0781,68.7656,-4,0,0.5,0.5,0
29115858,2484,0,1,0,0.315735,125.605,184.156,33.0391,54.75,-3,0,0.5,0.5,0
29119949,2474,0,1,0,0.592667,125.93,182.469,37.1719,60,-3,0,0.5,0.5,0
29124890,2482,0,1,0,0.51562,125.281,181.648,36.125,65.1719,-4,0,0.5,0.5,0
29129165,2481,0,1,0,0.422505,123.473,180.57,37.9922,68.9531,-4,0,0.5,0.5,0
29134917,2483,0,1,0,0.27591,123.773,184.148,34.8594,56.8906,-4,0,0.5,0.5,0
29138663,2485,0,1,0,0.282988,129.803,184.203,18.7305,53.0312,-3,0,0.5,0.5,0
29142447,2479,0,1,0,0.318273,126.875,181.547,22.7188,59.0938,-4,0,0.5,0.5,0
29148294,2482,0,1,0,0.289572,121.883,179.984,38.3906,63.4062,-5,0,0.5,0.5,0
29152037,2485,0,1,0,0.33764,123.336,178.156,33.6719,66,-5,0,0.5,0.5,0
29155618,2467,0,0,-1,0,0,0,0,0,0,0,0,0,0
29161558,2483,0,1,0,0.390011,120.852,182.414,36.0156,55.7031,-5,0,0.5,0.5,0
29165262,2481,0,1,0,0.310694,119.867,180.594,30.7656,54,-7,0,0.5,0.5,0
29171205,2469,0,0,-1,0,0,0,0,0,0,0,0,0,0
29174675,2488,0,1,0,0.272412,120.664,180.836,29.6406,55.1094,-6,0,0.5,0.5,0
29178082,2485,0,1,0,0.401218,118.914,178.367,38.1719,62.6719,-8,0,0.5,0.5,0
29182239,2484,0,1,0,0.421552,117.484,182.055,35.4062,54.5469,-6,0,0.5,0.5,0
29186248,2473,0,0,-1,0,0,0,0,0,0,0,0,0,0
29191649,2485,0,1,0,0.311112,119.359,186.141,48.2188,67.9688,-6,0,0.5,0.5,0
29195278,2483,0,1,0,0.664976,117.039,183.477,59.8594,77.5469,-9,0,0.5,0.5,0
29201364,2484,0,1,0,0.303422,116.242,185.25,58.0156,70.125,-6,0,0.5,0.5,0
29205124,2485,0,1,0,0.319546,116.172,187.188,53.1562,62.75,-6,0,0.5,0.5,0
29209142,2486,0,1,0,0.698432,115.523,182.57,57.5156,75.2344,-8,0,0.5,0.5,0
29215254,2485,0,1,0,0.660611,114.594,183.094,53.8125,70.0625,-7,0,0.5,0.5,0
29221321,2488,0,1,0,0.70538,113.008,182.445,48.9219,68.1406,-8,0,0.5,0.5,0
29225277,2483,0,1,0,0.777976,112.551,180.375,47.2734,69.1875,-10,0,0.5,0.5,0
29229589,2484,0,1,0,0.498047,112.52,178.844,47.0234,69.25,-9,0,0.5,0.5,0
29235225,2485,0,1,0,0.387227,110.906,179.703,54,65.2188,-9,0,0.5,0.5,0
29241290,2486,0,1,0,0.50293,111.039,178.562,51.7031,66.5,-10,0,0.5,0.5,0
29245696,2487,0,1,0,0.521471,110.961,178.344,51.7031,67.3125,-11,0,0.5,0.5,0
29249130,2474,0,0,-1,0,0,0,0,0,0,0,0,0,0
29255091,2487,0,1,0,0.33764,111.383,182.031,52.3594,68.6875,-11,0,0.5,0.5,0
29261916,2486,0,1,0,0.636127,110.641,184.633,53.7812,70.6094,-11,0,0.5,0.5,0
29265665,2486,0,1,0,0.785308,110,184.922,55,76.1562,-12,0,0.5,0.5,0
29271801,2488,0,1,0,0.633864,109.438,186.141,52.25,65.2812,-10,0,0.5,0.5,0
29275498,2485,0,1,0,0.533155,108.664,183.664,49.4219,66.2656,-12,0,0.5,0.5,0
29279053,2468,0,0,-1,0,0,0,0,0,0,0,0,0,0
29284635,2483,0,1,0,0.592195,108.523,183.555,51.0469,65.8281,-11,0,0.5,0.5,0
29288503,2480,0,1,0,0.676192,107.078,182.148,48.7812,67.1094,-11,0,0.5,0.5,0
29292286,2484,0,1,0,0.40028,107.164,180.875,48.7344,64.8125,-12,0,0.5,0.5,0
29296161,2482,0,1,0,0.489747,105.215,180.477,45.6328,65.5469,-11,0,0.5,0.5,0
29301737,2484,0,1,0,0.25423,96.8164,178.32,30.1953,64.1719,-11,0,0.5,0.5,0
29305414,2484,0,1,0,0.36795,96.6992,178.656,30.3047,60.625,-12,0,0.5,0.5,0
29309237,2481,0,1,0,0.267217,95.9141,183.461,27.1094,51.6719,-11,0,0.5,0.5,0
29315808,2488,1,1,0,0.281801,88.4414,185.469,18.9453,50.5625,-11,0,0.5,0.5,0
29319809,2471,1,0,-1,0,0,0,0,0,0,0,0,0,0
29323827,2471,1,0,-1,0,0,0,0,0,0,0,0,0,0
29329257,2485,1,1,0,0.553023,112.906,181.43,43.7188,70.9219,-11,0,0.5,0.5,0
29332575,2482,1,1,0,0.526343,112.156,178.719,38.7188,67.8125,-11,0,0.5,0.5,0
29338922,2484,1,1,0,0.462473,104.941,179.828,27.6328,56.7188,-12,0,0.5,0.5,0
29345436,2488,1,1,0,0.393735,135.305,180.164,39.4844,65.1406,-1,0,0.5,0.5,0
29351480,2484,1,1,0,0.355328,144.344,181.109,27.0312,54.5938,-5,0,0.5,0.5,0
29355853,2485,1,1,0,0.382603,143.656,180.43,29.6875,59.2344,-10,0,0.5,0.5,0
29359625,2486,1,1,0,0.514644,143.758,178.688,27.6406,62.25,-7,0,0.5,0.5,0
29363503,2486,1,1,0,0.406862,148.18,179.875,25.4062,56.9375,-5,0,0.5,0.5,0
29368861,2482,1,1,0,0.29584,161.344,178.859,23.8125,55.4688,0,0,0.5,0.5,0
29373235,2483,1,1,0,0.256086,166.922,182.344,28.4062,62.6875,-4,0,0.5,0.5,0
29378932,2482,1,1,0,0.339827,173.973,182.75,28.2422,60.1875,-2,0,0.5,0.5,0
29383217,2481,1,1,0,0.557363,174.109,181.453,29.7188,63.2812,-2,0,0.5,0.5,0
29387359,2486,1,1,0,0.305283,176.047,182.562,28.4062,62.6875,-1,0,0.5,0.5,0
29392843,2490,1,1,0,0.412057,177.311,184.562,25.4414,59.4375,0,0,0.5,0.5,0
29397733,2483,1,1,0,0.45181,179.32,183.547,26.5781,63.1562,-1,0,0.5,0.5,0
29401132,2482,1,1,0,0.403097,180.684,184.031,27.0234,66.125,0,0,0.5,0.5,0
29407723,2483,1,1,0,0.525856,180.641,184.312,26.5938,65.625,0,0,0.5,0.5,0
29411859,2489,1,1,0,0.326379,181.766,185.234,27.2812,68.0938,2,0,0.5,0.5,0
29416136,2484,1,1,0,0.552057,179.918,186.672,28.6328,69.2812,0,0,0.5,0.5,0
29421166,2487,1,1,0,0.657099,179.504,189.289,26.9766,74.4844,0,0,0.5,0.5,0
29426400,2484,1,1,0,0.567937,178.102,188.938,26.6406,66.0625,1,0,0.5,0.5,0
29432266,2487,1,1,0,0.382603,176.438,189.047,26.125,74.0312,1,0,0.5,0.5,0
29438024,2485,1,1,0,0.436382,173.602,187.734,28.6719,66.9688,1,0,0.5,0.5,0
29441970,2479,1,1,0,0.435901,173.797,190.5,28.0938,70.875,0,0,0.5,0.5,0
29445822,2483,1,1,0,0.444083,173.516,189.578,30.4375,70.0312,1,0,0.5,0.5,0
29449968,2488,1,1,0,0.643776,171.09,189.797,26.2891,68.9688,1,0,0.5,0.5,0
29455587,2484,1,1,0,0.388618,167.949,191.758,29.1484,67.8281,0,0,0.5,0.5,0
29459358,2482,1,1,0,0.305697,168.016,189.875,27.6875,72.8125,0,0,0.5,0.5,0
29463719,2479,1,1,0,0.322953,166.502,184.078,25.2539,66.9062,0,0,0.5,0.5,0
29469055,2485,1,1,0,0.277473,161.539,183.5,27.7031,64,0,0,0.5,0.5,0
29473834,2486,1,1,0,0.505859,166.297,190.203,38.0312,76.0938,0,0,0.5,0.5,0
29479219,2487,1,1,0,0.569853,163.156,185.547,39.25,90.3438,0,0,0.5,0.5,0
29483312,2485,1,1,0,0.479504,162.531,184.164,33.7812,89.9531,0,0,0.5,0.5,0
29486867,2487,1,1,0,0.560253,161.402,185.062,30.3047,91.875,0,0,0.5,0.5,0
29491368,2487,1,1,0,0.674479,160.062,184.953,33.2188,88.3438,0,0,0.5,0.5,0
29496291,2484,1,1,0,0.521471,160.184,185.141,34.1797,92.0938,0,0,0.5,0.5,0
29500521,2481,1,1,0,0.754552,160.008,185.125,34.5469,91.625,0,0,0.5,0.5,0
29504840,2482,1,1,0,0.670176,157.758,186.453,37.2031,92.5938,0,0,0.5,0.5,0
29509027,2487,1,1,0,0.583203,155.969,192.828,40.0625,81.3438,0,0,0.5,0.5,0
29514990,2486,1,1,0,0.504394,155.133,190.781,35.2344,81.6875,0,0,0.5,0.5,0
29518638,2485,1,1,0,0.636579,155.355,186.211,37.6641,90.0781,-1,0,0.5,0.5,0
29522629,2478,1,1,0,0.498535,154.516,188.797,38.5312,83.4688,0,0,0.5,0.5,0
29528482,2484,1,1,0,0.436862,152.094,191.445,37.5625,77.5469,0,0,0.5,0.5,0
29532155,2482,1,1,0,0.343121,152.422,192.086,36.2188,77.4531,0,0,0.5,0.5,0
29536337,2484,1,1,0,0.750918,150.234,192.875,38.3438,79.125,-1,0,0.5,0.5,0
29541938,2485,1,1,0,0.680879,149.086,191.719,35.5781,77.625,-1,0,0.5,0.5,0
29546193,2486,1,1,0,0.70253,148.395,191.789,36.3359,78.7344,0,0,0.5,0.5,0
29549720,2482,1,1,0,0.642432,147.824,192.875,37.2734,80.4375,-1,0,0.5,0.5,0
29554800,2485,1,1,0,0.549641,147.051,193.297,33.9766,79.0938,-1,0,0.5,0.5,0
29558496,2483,1,1,0,0.548674,147.352,192.594,34.7656,77.9375,-1,0,0.5,0.5,0
29562353,2482,1,1,0,0.586049,146.086,196.414,37.5469,84.1719,0,0,0.5,0.5,0
29566648,2486,1,1,0,0.547706,145.328,196.25,37.375,87.6875,-2,0,0.5,0.5,0
29572116,2483,1,1,0,0.28897,148.461,194.125,34.9844,77,0,0,0.5,0.5,0
29575617,2480,1,1,0,0.334589,147.547,192.625,35.1562,81.0625,-1,0,0.5,0.5,0
29579111,2483,1,1,0,0.535099,148.941,192.305,34.8047,77.6406,-1,0,0.5,0.5,0
29585792,2484,1,1,0,0.683843,148.617,192.82,33.7969,75.3594,0,0,0.5,0.5,0
29591448,2485,1,1,0,0.733738,148.004,192.766,37.8516,78.1562,-1,0,0.5,0.5,0
29595800,2490,1,1,0,0.641983,147.25,192.992,35.375,76.3906,-1,0,0.5,0.5,0
29601786,2486,1,1,0,0.580352,144.895,198.344,37.7422,83.6875,-1,0,0.5,0.5,0
29605875,2484,1,1,0,0.638384,145.145,194.203,35.5234,75.5312,-1,0,0.5,0.5,0
29609357,2484,1,1,0,0.686791,145.199,195.078,37.7734,75.9062,-1,0,0.5,0.5,0
29615480,2483,1,1,0,0.47658,144.949,199.117,37.4609,83.2656,-1,0,0.5,0.5,0
29618924,2483,1,1,0,0.428234,145.297,197.289,36.9688,86.7031,-1,0,0.5,0.5,0
29622928,2485,1,1,0,0.566019,144.824,193.281,35.5391,75.5625,-1,0,0.5,0.5,0
29629174,2484,1,1,0,0.581779,146.262,197.891,38.2266,82.7188,-1,0,0.5,0.5,0
29633127,2485,1,1,0,0.518546,147.828,197.883,37.5312,83.8906,-1,1,0.5,0.5,0
29637292,2491,1,1,0,0.730675,147.535,197.562,39.9453,84.9375,-1,0,0.5,0.5,0
29642439,2483,1,1,0,0.687211,147.668,197.625,38.3672,83.75,-1,0,0.5,0.5,0
29646308,2484,1,1,0,0.260576,147.688,195.5,40.25,81.25,-1,0,0.5,0.5,0
29652482,2485,1,1,0,0.727588,148.598,195.766,41.3047,84.9688,0,0,0.5,0.5,0
29656931,2484,1,1,0,0.729905,148.906,195.719,41.9375,85.1875,-1,0,0.5,0.5,0
29661882,2484,1,1,0,0.789882,148.172,196,41.9688,82.9375,-1,0,0.5,0.5,0
29667449,2484,1,1,0,0.770808,146.902,196.281,42.0234,83.25,-1,0,0.5,0.5,0
29673613,2484,1,1,0,0.348202,147.289,194.75,43.3281,81,-1,0,0.5,0.5,0
29677123,2482,1,1,0,0.703753,146.531,192.727,43.75,77.8281,0,0,0.5,0.5,0
29683260,2484,1,1,0,0.637031,143.961,194.062,47.3594,80.25,-2,0,0.5,0.5,0
29686948,2481,1,1,0,0.728362,145.012,193.031,46.2266,78.9375,-1,0,0.5,0.5,0
29692721,2480,1,1,0,0.533641,143.43,193.148,49.0781,81.8281,-1,0,0.5,0.5,0
29696845,2482,1,1,0,0.551091,143.453,194.477,55.8438,82.5469,-1,0,0.5,0.5,0
29700491,2483,1,1,0,0.530236,144.859,194.453,53.7188,83.7188,-1,0,0.5,0.5,0
29704516,2480,1,1,0,0.722918,145.742,194.344,53.7344,82.125,-2,0,0.5,0.5,0
29710143,2486,1,1,0,0.70902,146.344,194.969,52.9375,83.8125,0,0,0.5,0.5,0
29714379,2484,1,1,0,0.507324,145.922,194.695,52.7812,81.6406,-1,0,0.5,0.5,0
29718897,2483,1,1,0,0.763481,147.133,195.078,55.3906,85.2812,-2,0,0.5,0.5,0
29724773,2484,1,1,0,0.759937,144.719,194.297,61.125,83.6562,-1,0,0.5,0.5,0
29728200,2482,1,1,0,0.785308,145.59,194,61.4297,85.125,-1,0,0.5,0.5,0
29734333,2484,1,1,0,0.818448,146.176,193.984,64.1016,86.9062,0,0,0.5,0.5,0
29741277,2486,1,1,0,0.769771,146.266,192.891,64.2188,85.5312,-2,0,0.5,0.5,0
29745881,2476,1,1,0,0.702938,146.938,193.414,67.875,83.6719,-1,0,0.5,0.5,0
29751531,2481,1,1,0,0.604399,145.031,193.508,68.9375,83.2344,-1,0,0.5,0.5,0
29757244,2486,1,1,0,0.775605,145.387,194.219,67.7734,85.8125,0,0,0.5,0.5,0
29761259,2480,1,1,0,0.305076,146.141,193.953,71.9688,82.4062,-2,0,0.5,0.5,0
29766394,2486,1,1,0,0.770117,150.215,192.422,62.0547,80.0938,0,0,0.5,0.5,0
29770372,2483,1,1,0,0.393735,147.016,191.336,71.5312,85.8281,-1,0,0.5,0.5,0
29774353,2487,1,1,0,0.641085,152.047,192.344,66.7188,81.3125,-1,0,0.5,0.5,0
29779959,2484,1,1,0,0.336549,152.328,190.164,68.2812,91.3281,0,0,0.5,0.5,0
29785076,2482,1,1,0,0.561215,150.766,193.766,80.4688,88.7812,-1,0,0.5,0.5,0
29791935,2487,1,1,0,0.68595,155.555,192.859,69.3594,88.2188,0,0,0.5,0.5,0
29796433,2484,1,1,0,0.393735,154.254,193.352,66.6172,79.3281,0,0,0.5,0.5,0
29802091,2485,1,1,0,0.686371,154.203,193.602,70.9688,85.4531,-1,0,0.5,0.5,0
29806458,2486,1,1,0,0.775265,152.781,190.852,75.3125,91.3281,0,0,0.5,0.5,0
29812944,2484,1,1,0,0.838945,152.969,190.797,71.5625,91.3438,0,0,0.5,0.5,0
29819725,2485,1,1,0,0.358915,150.359,191.484,74.2188,92.7812,-1,0,0.5,0.5,0
29823191,2481,1,1,0,0.480479,149.594,190.727,72.3125,94.0781,0,0,0.5,0.5,0
29830933,2481,1,1,0,0.42919,149.344,193.82,71.6875,88.1406,-1,0,0.5,0.5,0
29835251,2490,1,1,0,0.84822,151.859,189.859,71.8438,98.4688,-1,0,0.5,0.5,0
29840613,2484,1,1,0,0.85022,151.766,189.922,71.2812,96.9688,0,0,0.5,0.5,0
29846476,2485,1,1,0,0.677474,151.938,191.188,73.125,95.375,0,0,0.5,0.5,0
29850202,2482,1,1,0,0.756716,152.75,193.227,69.375,91.2031,-1,0,0.5,0.5,0
29854147,2479,1,1,0,0.681727,151.953,195.156,67.8438,86.3125,0,0,0.5,0.5,0
29860173,2482,1,1,0,0.67405,149.668,194.594,66.3359,88.4375,-1,0,0.5,0.5,0
29865314,2485,1,1,0,0.744286,150.496,194.047,66.4297,90.4062,0,0,0.5,0.5,0
29868815,2484,1,1,0,0.810179,150.102,193.875,67.2344,92,-1,0,0.5,0.5,0
29873849,2482,1,1,0,0.807765,149.109,193.469,67.1562,93.1875,0,0,0.5,0.5,0
29877246,2487,1,1,0,0.82133,146.5,190,67.6875,99.75,-2,0,0.5,0.5,0
29881181,2483,1,1,0,0.834676,146.25,189.938,64.9375,98.75,0,0,0.5,0.5,0
29886728,2483,1,1,0,0.7398,145.602,190.672,63.0469,94.3438,-1,0,0.5,0.5,0
29891424,2482,1,1,0,0.769425,148,192.039,60.125,92.9531,-1,0,0.5,0.5,0
29894807,2483,1,1,0,0.838945,146,189.828,63.3125,99.7812,-1,0,0.5,0.5,0
29899981,2484,1,1,0,0.700894,146.031,188.797,63.3125,99.9062,-1,0,0.5,0.5,0
29903582,2487,1,1,0,0.73412,145.969,188.578,58.6875,99.3438,-1,0,0.5,0.5,0
29907714,2484,1,1,0,0.85022,145.844,188.609,58.0625,99.5938,-1,0,0.5,0.5,0
29914513,2485,1,1,0,0.805633,146.734,192.078,56.5938,92.7812,0,0,0.5,0.5,0
29919781,2481,1,1,0,0.835752,146.523,188.781,53.6719,100.438,-2,0,0.5,0.5,0
29923622,2484,1,1,0,0.836822,146.062,193.344,52.4375,90.3125,0,0,0.5,0.5,0
29927638,2487,1,1,0,0.811677,144.031,193.531,49.8125,90.9375,-2,0,0.5,0.5,0
29931440,2485,1,1,0,0.819027,141.891,194.18,45.8438,93.1406,-1,0,0.5,0.5,0
29936816,2483,1,1,0,0.789233,141.641,188.578,39.7188,102.719,-2,0,0.5,0.5,0
29941145,2484,1,1,0,0.825869,143.945,188.219,38.6094,101.938,-1,0,0.5,0.5,0
29947337,2488,1,1,0,0.794385,144.371,187.891,38.6484,99.7812,-1,0,0.5,0.5,0
29952519,2486,1,1,0,0.369997,145.449,194.219,36.7422,89.6875,-1,0,0.5,0.5,0
29957841,2483,1,1,0,0.617858,147.527,191.375,38.3203,97,-1,0,0.5,0.5,0
29961137,2485,1,1,0,0.731057,148.848,188.57,38.8047,102.141,-1,0,0.5,0.5,0
29967425,2482,1,1,0,0.628864,149.012,188.297,39.7891,99.8438,0,0,0.5,0.5,0
29971723,2487,1,1,0,0.525856,150.938,193.859,39.625,86.9062,-1,0,0.5,0.5,0
29977309,2486,1,1,0,0.504394,149.934,190.828,40.6328,95.6562,-1,0,0.5,0.5,0
29980938,2486,1,1,0,0.662797,146.793,188.305,35.6641,102.766,-1,0,0.5,0.5,0
29984811,2480,1,1,0,0.634317,147.73,188.812,36.7891,98.25,0,0,0.5,0.5,0
29990373,2484,1,1,0,0.764186,148.891,188.75,36.9062,100.875,-1,0,0.5,0.5,0
29994042,2486,1,1,0,0.506347,150.789,188,35.7969,101,-1,0,0.5,0.5,0
29997933,2486,1,1,0,0.641085,151.008,187.812,36.1094,100.875,0,0,0.5,0.5,0
30003748,2486,1,1,0,0.428712,153.445,190.031,35.0156,96.8125,-1,0,0.5,0.5,0
30010401,2479,1,1,0,0.323167,153.234,189.023,35.7812,99.5469,0,0,0.5,0.5,0
30014514,2483,1,1,0,0.74614,154.477,187.938,35.8281,102.875,0,0,0.5,0.5,0
30020497,2486,1,1,0,0.520009,153.898,192.664,34.2656,88.3281,-1,0,0.5,0.5,0
30024396,2486,1,1,0,0.641085,154.492,193.617,33.7031,89.9844,0,0,0.5,0.5,0
30028248,2484,1,1,0,0.755996,154.461,193.781,33.9844,88.3125,0,0,0.5,0.5,0
30034273,2483,1,1,0,0.747248,157.109,187.289,36.9062,104.672,0,0,0.5,0.5,0
30038896,2494,1,1,0,0.763481,157.527,186.789,37.1797,104.172,0,0,0.5,0.5,0
30044479,2485,1,1,0,0.821903,158.773,186.547,37.7969,103.156,0,0,0.5,0.5,0
30048793,2482,1,1,0,0.721743,160.059,186.008,37.1172,102.516,0,0,0.5,0.5,0
30055159,2484,1,1,0,0.760293,161.27,185.688,37.1016,101.125,0,0,0.5,0.5,0
30059646,2485,1,1,0,0.695958,161.328,185.594,36.375,100.062,0,0,0.5,0.5,0
30065050,2482,1,1,0,0.358242,162.699,191.008,37.4609,95.2344,0,0,0.5,0.5,0
30069080,2486,1,1,0,0.591251,161.633,190.422,35.3906,92.0312,0,0,0.5,0.5,0
30074354,2482,1,1,0,0.622918,162.641,190.555,35.5,92.9844,0,0,0.5,0.5,0
30078088,2485,1,1,0,0.517571,163.168,190.258,36.3359,93.2656,0,0,0.5,0.5,0
30082104,2486,1,1,0,0.363195,165.227,190.594,37.0156,91.6875,0,0,0.5,0.5,0
30086130,2484,1,1,0,0.616936,165.449,191.914,34.7422,90.0781,0,0,0.5,0.5,0
30091356,2480,1,1,0,0.380299,167.328,191.766,34.1875,90.7812,1,0,0.5,0.5,0
30097999,2485,1,1,0,0.271638,166.004,194.391,30.9766,87.9688,0,0,0.5,0.5,0
30101956,2472,1,0,-1,0,0,0,0,0,0,0,0,0,0
30105823,2485,1,1,0,0.256831,164.379,210.094,24.4453,55,0,0,0.5,0.5,0
30111744,2482,1,1,0,0.551091,170.602,186.984,34.9844,102.094,1,0,0.5,0.5,0
30115715,2479,1,1,0,0.270866,170.723,188.516,31.5234,99.3438,0,0,0.5,0.5,0
30119551,2486,1,1,0,0.392337,170.605,193.812,31.9766,89.3125,1,0,0.5,0.5,0
30125434,2483,1,1,0,0.41253,170.051,193.891,30.2109,88.4062,0,0,0.5,0.5,0
30129322,2483,1,1,0,0.723309,173.484,188.375,33.625,102,1,0,0.5,0.5,0
30134951,2485,1,1,0,0.331336,173.195,192.977,32.2656,91.4219,1,0,0.5,0.5,0
30141793,2483,1,1,0,0.256458,173.961,193.273,31.6406,90.7031,1,0,0.5,0.5,0
30145494,2484,1,1,0,0.464901,173.508,194.5,30.2969,86.75,0,0,0.5,0.5,0
30151936,2470,1,0,-1,0,0,0,0,0,0,0,0,0,0
30156220,2488,1,1,0,0.256644,173.055,192.031,29.1406,90.5625,1,0,0.5,0.5,0
30162270,2484,1,1,0,0.297879,175.172,186.844,29.25,84.4375,1,0,0.5,0.5,0
30166020,2483,1,1,0,0.33372,174.664,183.906,31.7656,66.6875,1,0,0.5,0.5,0
30171765,2482,1,1,0,0.403567,174.398,193.516,30.9844,77.7188,1,0,0.5,0.5,0
30175508,2487,1,1,0,0.52683,174,193.344,32.375,89.3125,1,0,0.5,0.5,0
30182471,2481,1,1,0,0.389546,173.012,184.422,32.6016,64.0312,0,0,0.5,0.5,0
30185905,2485,1,1,0,0.59408,172.82,191.297,35.0156,80.9062,1,0,0.5,0.5,0
30191544,2484,1,1,0,0.588889,173.453,190.172,34.6562,75.5938,1,0,0.5,0.5,0
30195449,2484,1,1,0,0.652241,173.711,190.359,35.9531,79.8438,1,0,0.5,0.5,0
30199566,2486,1,1,0,0.66888,173.742,190.578,35.0156,81.8438,1,0,0.5,0.5,0
30205034,2485,1,1,0,0.758151,173.723,191.078,38.1953,84.4688,1,0,0.5,0.5,0
30209134,2482,1,1,0,0.793426,173.031,189.656,38.3438,83.625,1,0,0.5,0.5,0
30212969,2483,1,1,0,0.661486,172.84,192.961,38.9922,75.9531,1,0,0.5,0.5,0
30218561,2484,1,1,0,0.716616,172.844,192.977,40.5,82.2969,0,0,0.5,0.5,0
30222593,2483,1,1,0,0.694303,172.395,191.289,43.6016,84.4219,1,0,0.5,0.5,0
30226575,2483,1,1,0,0.663233,172.633,193.75,46.3906,88.75,2,0,0.5,0.5,0
30232329,2484,1,1,0,0.602997,174.688,195.961,46.8125,85.1719,0,0,0.5,0.5,0
30238678,2483,1,1,0,0.784979,171.82,196.562,49.8594,85.375,1,0,0.5,0.5,0
30242298,2484,1,1,0,0.269902,172.09,196.094,51.8203,90.9375,1,0,0.5,0.5,0
30245916,2479,1,1,0,0.52342,172.523,194.164,50.8594,90.7031,1,0,0.5,0.5,0
30251862,2481,1,1,0,0.636579,170.195,194.172,56.7344,94.5938,0,0,0.5,0.5,0
30255415,2484,1,1,0,0.790206,170.605,193.953,53.9609,90.8438,1,0,0.5,0.5,0
30259666,2484,1,1,0,0.723309,170.969,194.891,58.0625,94.3438,1,0,0.5,0.5,0
30265464,2485,1,1,0,0.752012,171.344,194.922,54.8125,87.2188,1,0,0.5,0.5,0
30269251,2481,1,1,0,0.796609,171.973,194.859,53.6953,87.6562,0,0,0.5,0.5,0
30275450,2483,1,1,0,0.627496,172.992,193.953,56.3906,90.6562,1,0,0.5,0.5,0
30279633,2487,1,1,0,0.584627,172.898,193.094,60.4844,89.6875,1,0,0.5,0.5,0
30285441,2483,1,1,0,0.626582,173.805,193.922,61.3906,88.1562,1,0,0.5,0.5,0
30289136,2479,1,1,0,0.819605,173.477,194.906,57.7344,86.5625,1,0,0.5,0.5,0
30295674,2484,1,1,0,0.784649,172.492,195.344,57.1406,81.5625,1,0,0.5,0.5,0
30299295,2483,1,1,0,0.605799,170.699,193.734,61.6641,84.5938,0,0,0.5,0.5,0
30303109,2481,1,1,0,0.516108,169.766,195.094,67.5312,85.1875,1,0,0.5,0.5,0
30309031,2484,1,1,0,0.560253,167.195,195.984,67.4844,81.9688,0,0,0.5,0.5,0
30313020,2483,1,1,0,0.66628,166.75,195.719,73.75,86.4375,1,0,0.5,0.5,0
30319277,2483,1,1,0,0.652241,166.047,195.414,67.3438,83.2969,0,0,0.5,0.5,0
30323405,2481,1,1,0,0.500488,165.703,195.703,69.1562,87.0938,0,0,0.5,0.5,0
30327262,2485,1,1,0,0.318061,166.5,195.711,68.625,84.9219,1,0,0.5,0.5,0
30336036,2484,1,1,0,0.539954,166.922,195.203,71.2812,89.2812,0,0,0.5,0.5,0
30340169,2484,1,1,0,0.410166,166.5,195.109,69.25,81.5938,0,0,0.5,0.5,0
30345426,2485,1,1,0,0.303216,167.312,190.609,69.5625,90.9688,1,0,0.5,0.5,0
30351464,2486,1,1,0,0.805633,167.875,190.82,66.4375,88.0156,0,0,0.5,0.5,0
30355986,2484,1,1,0,0.484868,168.594,192.047,65.3125,84.8438,1,0,0.5,0.5,0
30360233,2486,1,1,0,0.744286,169.414,192.125,63.1406,85.125,0,0,0.5,0.5,0
30368668,2483,1,1,0,0.79053,168.609,193.492,65.9062,84.4844,0,0,0.5,0.5,0
30374242,2483,1,1,0,0.295433,170.086,189.242,66.5781,96.4844,1,0,0.5,0.5,0
30378517,2486,1,1,0,0.801004,171.953,192.477,60.9688,88.9531,1,0,0.5,0.5,0
30382661,2482,1,1,0,0.814938,172.188,192.703,63.0625,90.2812,0,0,0.5,0.5,0
30386095,2482,1,1,0,0.457137,172.922,188.477,61.7812,95.7031,1,0,0.5,0.5,0
30393053,2490,1,1,0,0.672761,172.109,189.594,62.4688,96.0625,1,0,0.5,0.5,0
30398314,2488,1,1,0,0.780663,171.836,189.281,65.9531,100.562,1,0,0.5,0.5,0
30402592,2485,1,1,0,0.364777,171.531,188.344,65.5,93.1875,0,0,0.5,0.5,0
30406800,2485,1,1,0,0.285571,173.469,194.438,57.3125,88.875,1,0,0.5,0.5,0
30411892,2485,1,1,0,0.629776,178.359,188.344,50.5938,87.4375,2,0,0.5,0.5,0
30416471,2487,1,1,0,0.596903,176.633,193.367,53.5469,81.1406,1,0,0.5,0.5,0
30421803,2486,1,1,0,0.523908,176.922,195.055,53.5938,85.1094,1,0,0.5,0.5,0
30426730,2485,1,1,0,0.598312,177.172,190.922,50.9062,88.0312,1,0,0.5,0.5,0
30433231,2483,1,1,0,0.772529,176.781,193.734,52.6875,85.4062,2,0,0.5,0.5,0
30439133,2484,1,1,0,0.755636,176.914,195.406,48.9531,89.0625,1,0,0.5,0.5,0
30444721,2483,1,1,0,0.486819,180,193.094,47.125,80.8125,1,0,0.5,0.5,0
30451316,2486,1,1,0,0.486332,179.137,192.156,44.8516,81.6875,2,0,0.5,0.5,0
30455055,2481,1,1,0,0.64288,180.688,189.93,43.8125,83.2656,2,0,0.5,0.5,0
30458844,2481,1,1,0,0.744657,180.484,190.875,42.0938,79,1,0,0.5,0.5,0
30462487,2482,1,1,0,0.677047,182.375,187.922,42.75,83.9688,2,0,0.5,0.5,0
30468797,2479,1,1,0,0.567937,180.367,187.5,41.0156,85.0625,2,0,0.5,0.5,0
30473393,2484,1,1,0,0.734501,180.383,184.625,41.6719,98.25,2,0,0.5,0.5,0
30477205,2487,1,1,0,0.649579,177.141,188.766,38.0312,80.7812,1,0,0.5,0.5,0
30482705,2483,1,1,0,0.362518,177.316,189.438,38.8203,84.8125,2,0,0.5,0.5,0
30486158,2484,1,1,0,0.684265,176.754,184.633,40.3516,100.234,1,0,0.5,0.5,0
30492403,2486,1,1,0,0.763834,176.961,183.602,39.2969,98.0469,2,0,0.5,0.5,0
30496501,2486,1,1,0,0.315313,175.352,186.422,36.7656,91.4062,1,0,0.5,0.5,0
30502336,2483,1,1,0,0.420124,175.598,189.625,36.5703,84.75,1,0,0.5,0.5,0
30507270,2485,1,1,0,0.72409,173.992,184.336,36.4219,92.6719,2,0,0.5,0.5,0
30513068,2483,1,1,0,0.81048,174.637,182.469,35.6016,97.0625,1,0,0.5,0.5,0
30519115,2484,1,1,0,0.784649,174.516,182.406,35.5625,96.6875,1,0,0.5,0.5,0
30523349,2487,1,1,0,0.646013,172,188.078,34.8125,82.9062,1,0,0.5,0.5,0
30529176,2486,1,1,0,0.521959,172.641,189.648,36.0312,82.4219,1,0,0.5,0.5,0
30533415,2480,1,1,0,0.775265,172.758,182.188,36.2031,97.75,1,0,0.5,0.5,0
30537022,2486,1,1,0,0.460531,172.562,187.758,35.8125,86.8594,1,0,0.5,0.5,0
30540807,2481,1,1,0,0.764538,172.406,187.875,36.1562,88.25,1,0,0.5,0.5,0
30545565,2478,1,1,0,0.792785,172.523,182.406,35.7656,98.5625,1,0,0.5,0.5,0
30549208,2481,1,1,0,0.274546,172.738,188.844,34.7734,84.8125,1,0,0.5,0.5,0
30553182,2480,1,1,0,0.814053,172.75,182.227,34.5625,97.9531,1,0,0.5,0.5,0
30558738,2482,1,1,0,0.799442,172.664,182.219,35.5156,98.1875,1,0,0.5,0.5,0
30562886,2486,1,1,0,0.799129,172.352,182.219,35.2344,97.6875,1,0,0.5,0.5,0
30569070,2483,1,1,0,0.800692,171.984,184.172,35.7188,97.4062,1,-1,0.5,0.5,0
30573456,2485,1,1,0,0.481454,170.785,190.203,33.6797,85.8438,1,0,0.5,0.5,0
30577284,2485,1,1,0,0.699665,170.742,190.516,32.4531,85.1562,0,0,0.5,0.5,0
30584696,2483,1,1,0,0.569374,171.074,190.516,33.6016,86.9688,1,0,0.5,0.5,0
30588393,2485,1,1,0,0.596903,171.461,191.164,32.6406,88.5781,1,0,0.5,0.5,0
30592960,2483,1,1,0,0.690977,172.609,186.141,32.8438,95.9062,1,0,0.5,0.5,0
30597274,2486,1,1,0,0.754552,172.891,186.297,32.7188,94.8438,1,0,0.5,0.5,0
30602564,2486,1,1,0,0.397938,171.797,189.703,32.4062,82.5312,1,0,0.5,0.5,0
30607284,2485,1,1,0,0.338951,170.629,190.219,32.3203,79.375,0,0,0.5,0.5,0
30611461,2482,1,1,0,0.544801,167.441,195.484,27.8516,85.0312,1,0,0.5,0.5,0
30617504,2483,1,1,0,0.354881,167.203,193.078,28.9375,78.1562,0,0,0.5,0.5,0
30623344,2486,1,1,0,0.663669,171.941,192.797,33.1172,87.0938,1,0,0.5,0.5,0
30627545,2484,1,1,0,0.573201,171.406,192.203,34.5312,80.4062,1,0,0.5,0.5,0
30634522,2485,1,1,0,0.538013,171.754,195.219,34.7422,86.0625,1,0,0.5,0.5,0
30640162,2481,1,1,0,0.366136,172.805,189.062,34.7031,87.875,0,0,0.5,0.5,0
30643930,2484,1,1,0,0.609989,174.523,193.031,32.1094,82.3125,2,0,0.5,0.5,0
30649452,2479,1,1,0,0.732208,173.289,193.398,33.9219,86.2031,0,0,0.5,0.5,0
30655549,2484,1,1,0,0.290175,174.629,193.781,35.6484,78.6875,2,0,0.5,0.5,0
30659419,2483,1,1,0,0.572245,172.383,194.375,34.0156,80.75,0,0,0.5,0.5,0
30663397,2480,1,1,0,0.747248,173.758,193.047,35.7031,87.0938,1,0,0.5,0.5,0
30667257,2484,1,1,0,0.690977,172.336,194.789,34.1406,82.9219,1,0,0.5,0.5,0
30673471,2484,0,1,0,0.734882,172.898,195.578,35.7344,82.9688,1,0,0.5,0.5,0
30677003,2485,0,1,0,0.801004,172.562,195.734,36,84.7188,1,0,0.5,0.5,0
30683167,2485,0,1,0,0.638835,172.031,195.664,36.5312,81.8281,1,0,0.5,0.5,0
30687237,2483,0,1,0,0.682574,173.746,196.805,37.5547,86.3594,1,0,0.5,0.5,0
30691651,2483,0,1,0,0.778986,174.766,192.281,41.5,97.6875,1,0,0.5,0.5,0
30696515,2484,0,1,0,0.798815,175.984,192.391,41.4375,95.9062,1,0,0.5,0.5,0
30700540,2478,0,1,0,0.75958,176.27,196.719,42.8516,89.0625,1,0,0.5,0.5,0
30703974,2481,0,1,0,0.637031,176.633,196.906,44.5781,88.0625,2,0,0.5,0.5,0
30708262,2488,0,1,0,0.761004,177.664,191.211,45.7344,100.422,1,0,0.5,0.5,0
30714274,2484,0,1,0,0.669744,179,195.922,48.375,88.1562,1,0,0.5,0.5,0
30720476,2484,0,1,0,0.725259,179.406,197.656,49.3438,85.4375,2,0,0.5,0.5,0
30725450,2487,0,1,0,0.4436,181.531,196.008,50.6875,90.6406,2,0,0.5,0.5,0
30731306,2483,0,1,0,0.761359,182.551,195.188,55.6016,93,2,0,0.5,0.5,0
30735178,2480,0,1,0,0.716616,181.578,195.727,59.0312,90.2969,2,0,0.5,0.5,0
30742089,2487,0,1,0,0.728362,183.266,191.539,58.0625,101.328,2,0,0.5,0.5,0
30746756,2485,0,1,0,0.816699,184.297,189.781,60.4062,102.938,2,0,0.5,0.5,0
30752150,2481,0,1,0,0.692642,184.25,193.961,56.875,84.3281,2,0,0.5,0.5,0
30755753,2481,0,1,0,0.871258,183.781,190.672,63.1875,104.219,3,0,0.5,0.5,0
30762145,2483,0,1,0,0.417271,188.438,194.156,55.125,87.0625,3,0,0.5,0.5,0
30766780,2484,0,1,0,0.664105,189.062,193.648,52.75,86.9531,3,0,0.5,0.5,0
30772739,2470,0,0,-1,0,0,0,0,0,0,0,0,0,0
30778264,2483,0,1,0,0.272993,183.879,189.188,42.8672,71.25,3,0,0.5,0.5,0
30782284,2486,0,1,0,0.335895,190.766,188.219,58.0312,94.0625,4,0,0.5,0.5,0
30788466,2486,0,1,0,0.747616,191.945,190.883,55.3281,79.8594,4,0,0.5,0.5,0
30792631,2483,0,1,0,0.717408,191.773,190.609,54.8906,82.4062,3,0,0.5,0.5,0
30796989,2485,0,1,0,0.64288,191.93,189.375,57.9531,81.25,3,0,0.5,0.5,0
30801558,2480,0,1,0,0.811378,192.43,185.25,54.6406,88.5625,4,0,0.5,0.5,0
30805117,2488,0,1,0,0.535099,192.242,186.531,55.6094,85.875,5,0,0.5,0.5,0
30809541,2484,0,1,0,0.336767,191.516,187.031,52.0938,80.4375,3,0,0.5,0.5,0
30813209,2486,0,1,0,0.595022,190.953,187.148,54.6562,76.9531,4,0,0.5,0.5,0
30816770,2482,0,1,0,0.283384,201.188,187.031,27.5938,80.4375,7,0,0.5,0.5,0
30823032,2484,0,1,0,0.283384,201.188,187.031,27.5938,80.4375,6,0,0.5,0.5,0
30826695,2469,0,0,-1,0,0,0,0,0,0,0,0,0,0
30832420,2468,0,0,-1,0,0,0,0,0,0,0,0,0,0
30836062,2470,0,0,-1,0,0,0,0,0,0,0,0,0,0
30842198,2470,0,0,-1,0,0,0,0,0,0,0,0,0,0
30848531,2468,0,0,-1,0,0,0,0,0,0,0,0,0,0
30852001,2465,0,0,-1,0,0,0,0,0,0,0,0,0,0
30856271,2469,0,0,-1,0,0,0,0,0,0,0,0,0,0
30860635,2480,0,1,0,0.283384,201.188,187.031,27.5938,80.4375,6,0,0.5,0.5,0
30872168,2485,0,1,0,0.737159,201.844,184.469,44.7812,87.1875,4,0,0.5,0.5,0
30934612,3891,0,1,0,0.320822,205.203,183.484,26.375,61.1562,3,0,0.5,0.5,0
30975868,3872,0,1,0,0.320822,205.203,183.484,26.375,61.1562,3,0,0.5,0.5,0
30987759,3258,0,0,-1,0,0,0,0,0,0,0,0,0,0
31043304,3870,0,1,0,0.654895,215.512,189.992,27.5078,61.8594,7,0,0.5,0.5,0
31097721,3865,0,1,0,0.496094,203.461,185.844,38.7656,64,5,0,0.5,0.5,0
31150134,3857,0,1,0,0.555917,198.809,185.227,51.2578,63.2656,2,0,0.5,0.5,0
31172821,3860,0,1,0,0.555917,198.809,185.227,51.2578,63.2656,3,0,0.5,0.5,0
31176142,3287,0,1,0,0.555917,198.809,185.227,51.2578,63.2656,5,0,0.5,0.5,0
31206832,3853,0,0,-1,0,0,0,0,0,0,0,0,0,0
31221688,3259,0,0,-1,0,0,0,0,0,0,0,0,0,0
31229063,3260,0,0,-1,0,0,0,0,0,0,0,0,0,0
31251009,3840,0,0,-1,0,0,0,0,0,0,0,0,0,0
31262297,3257,0,0,-1,0,0,0,0,0,0,0,0,0,0
31266149,3256,0,0,-1,0,0,0,0,0,0,0,0,0,0
31270056,3269,0,1,0,0.341143,187.637,187.43,54.7109,64.2656,3,0,0.5,0.5,0
31277829,3268,0,1,0,0.341143,187.637,187.43,54.7109,64.2656,3,0,0.5,0.5,0
31322455,3862,0,1,0,0.356224,179.367,179.008,39.9531,65.2656,0,0,0.5,0.5,0
31376822,3869,0,1,0,0.689724,167.496,181.789,28.9922,56.8906,0,0,0.5,0.5,0
31432218,3874,0,1,0,0.755996,157.016,180.164,24.5,60.4531,-1,0,0.5,0.5,0
31479349,3861,0,1,0,0.755996,157.016,180.164,24.5,60.4531,0,0,0.5,0.5,0
31486207,3277,0,1,0,0.312999,147.219,179.656,23.9375,61.4375,-1,0,0.5,0.5,0
31490122,3274,0,1,0,0.312999,147.219,179.656,23.9375,61.4375,-2,0,0.5,0.5,0
31495068,3276,0,1,0,0.312999,147.219,179.656,23.9375,61.4375,-1,0,0.5,0.5,0
31498374,3284,0,1,0,0.312999,147.219,179.656,23.9375,61.4375,0,0,0.5,0.5,0
31511175,3277,0,1,0,0.312999,147.219,179.656,23.9375,61.4375,-2,0,0.5,0.5,0
31528252,3274,0,1,0,0.312999,147.219,179.656,23.9375,61.4375,-1,0,0.5,0.5,0
31543092,3277,0,1,0,0.292595,140.664,176.453,25.1094,66.7188,-2,0,0.5,0.5,0
31594842,3865,0,1,0,0.344222,130.453,180.461,26.7812,59.3281,-3,0,0.5,0.5,0
31648999,3859,0,1,0,0.293405,121.375,177.93,33.0625,67.1406,-6,0,0.5,0.5,0
31701865,3867,0,1,0,0.256458,118.512,177.797,27.7422,62.7812,-5,0,0.5,0.5,0
31757976,3872,0,1,0,0.258325,107.703,178.891,40.9062,67.5938,-6,0,0.5,0.5,0
31810804,3868,0,1,0,0.772529,100.922,183.289,45.5312,73.7031,-9,0,0.5,0.5,0
31823926,3266,0,1,0,0.772529,100.922,183.289,45.5312,73.7031,-8,0,0.5,0.5,0
31867083,3876,0,1,0,0.34931,94.6094,180,42.9062,68.875,-9,0,0.5,0.5,0
31919919,3877,0,1,0,0.360715,85.1172,185.477,31.7656,53.9219,-11,0,0.5,0.5,0
31975355,3867,0,1,0,0.553505,73.9141,188.734,22.9844,51.5312,-12,0,0.5,0.5,0
32029872,3866,0,1,0,0.29747,64.6484,188.422,26.4219,52.9688,-11,0,0.5,0.5,0
32083290,3867,0,1,0,0.263219,63.9805,187.555,29.5703,66.3906,-11,0,0.5,0.5,0
32137315,3866,0,1,0,0.497559,70.8223,190.602,23.2695,57.7656,-12,0,0.5,0.5,0
32191885,3866,0,1,0,0.399812,78.7949,190.039,16.6445,46.9844,-11,0,0.5,0.5,0
32229642,3868,0,1,0,0.399812,78.7949,190.039,16.6445,46.9844,-11,0,0.5,0.5,0
32246052,3281,0,1,0,0.28577,87.3477,191.969,24.4922,47.25,-12,0,0.5,0.5,0
