t_us,lat_us,aiming,hasTarget,classId,conf,cx,cy,w,h,emit_dx,emit_dy,mscale_x,mscale_y,inject_cum_x
1887883,1273,1,1,1,0.3863,155.412,126.502,10.0195,13.1758,0,-11,1,1,0
1889828,913,1,1,1,0.225417,155.941,126.754,10.8984,13.6328,-1,-12,1,1,0
1892160,895,1,1,1,0.286568,157.223,126.811,10.7578,14.8242,0,-11,1,1,0
1898948,893,1,1,1,0.340704,159.193,125.598,10.9258,14.9453,0,-12,1,1,0
1906301,895,1,1,1,0.401688,161.213,137.812,10.6445,14.3281,0,-4,1,1,0
1913578,894,1,1,1,0.474631,162.268,144.221,10.793,12.9023,0,-1,1,1,0
1920328,893,1,1,1,0.74614,163.484,151.525,11.1875,13.2617,1,1,1,1,0
1927249,891,1,1,1,0.460046,164.23,153.625,10.5469,13.7656,1,1,1,1,0
1934085,897,1,1,1,0.404978,165.919,154.574,10.7793,14.1328,1,1,1,1,0
1941124,891,1,1,1,0.637933,166.074,154.062,10.9766,14.1875,1,0,1,1,0
1947236,891,1,1,1,0.708213,167.619,152.988,10.6367,13.3984,2,0,1,1,0
1954910,889,1,1,1,0.695958,167.666,152.303,10.2305,12.9883,1,0,1,1,0
1961646,890,1,1,1,0.607663,168.572,152.291,10.9961,14.3086,2,0,1,1,0
1969126,891,1,1,1,0.647798,168.572,152.369,11.293,14.3086,2,0,1,1,0
1975020,890,1,1,1,0.756356,169.748,152.264,10.8086,14.7773,3,0,1,1,0
1982830,892,1,1,1,0.743169,170.021,152.564,11.6211,15.293,2,0,1,1,0
1989513,892,1,1,1,0.749087,168.412,152.27,11.3086,14.1328,2,0,1,1,0
1996324,889,1,1,1,0.241491,169.607,152.98,11.8945,16.4453,3,0,1,1,0
2003426,892,1,1,1,0.639736,169.834,153.039,12.1523,16.125,2,0,1,1,0
2010559,893,1,1,1,0.379378,169.707,153.004,12.8516,16.8359,3,0,1,1,0
2017998,890,1,1,1,0.356224,169.66,153.105,13.8047,17.5391,2,0,1,1,0
2023836,891,1,1,1,0.685108,169.787,153.205,13.8867,17.6445,3,0,1,1,0
2031396,891,1,1,1,0.326379,169.855,153.1,14.6797,17.332,2,0,1,1,0
2038629,891,1,1,1,0.553505,170.305,153.357,15.125,17.6211,3,1,1,1,0
2044939,890,1,1,1,0.694303,170.211,153.229,14.7188,18.0195,3,0,1,1,0
2051657,891,1,1,1,0.611382,170.559,153.498,14.6797,19.1289,2,0,1,1,0
2059426,893,1,1,1,0.216674,170.861,153.23,14.918,17.5859,3,1,1,1,0
2065256,893,1,1,1,0.300746,170.924,153.09,14.9961,18.4141,3,0,1,1,0
2072348,893,1,1,1,0.808673,172.039,153.48,16,19.7578,3,0,1,1,0
2080231,889,1,1,1,0.775945,172.504,152.898,14.2266,19.3438,4,1,1,1,0
2086306,892,1,1,1,0.783326,172.557,153.506,14.8086,19.5195,3,0,1,1,0
2093795,891,1,1,1,0.475605,172.535,153.58,15.1641,19.2148,4,0,1,1,0
2100800,891,1,1,0,0.246716,163.762,194,43.2266,75.9375,0,3,1,1,0
2107956,894,1,1,0,0.602997,163.816,189.867,44.9922,82.8594,0,0,1,1,0
2114686,893,1,1,0,0.543832,163.305,187.406,44.9844,88.4375,1,-1,1,1,0
2121731,892,1,1,0,0.750918,164.793,186.797,48.7891,89.3438,0,-1,1,1,0
2128491,893,1,1,0,0.675764,166.719,186.703,47.5625,91.3438,2,-1,1,1,0
2135749,891,1,1,0,0.424412,166.961,187.047,48.7969,92.9062,1,-1,1,1,0
2142505,893,1,1,0,0.808673,169.059,187.547,53.6328,92.9062,2,-1,1,1,0
2149330,892,1,1,0,0.823043,172.438,186.273,54.375,89.2969,4,-1,1,1,0
2156190,891,1,1,0,0.851705,175.016,183.875,46.4062,92.625,4,-3,1,1,0
2163408,891,1,1,0,0.766291,176.086,186.07,42.7656,92.3594,6,-1,1,1,0
2170228,893,1,1,0,0.737538,172.836,190.586,50.7344,89.9219,4,0,1,1,0
2176585,893,1,1,0,0.672761,168.297,191.781,55.4688,83.6875,2,1,1,1,0
2184787,892,1,1,0,0.743914,163.934,190.969,61.3047,82.375,0,0,1,1,0
2191058,891,1,1,0,0.810779,166.797,190.891,49.0938,88.7812,1,0,1,1,0
2197850,890,1,1,0,0.627496,164.984,190.336,52.9375,88.7969,1,0,1,1,0
2205006,893,1,1,0,0.841567,165,189.922,52.5625,87.6562,1,0,1,1,0
2212259,893,1,1,0,0.847717,165.18,190.281,53.2344,87.75,1,0,1,1,0
2218842,893,1,1,0,0.839472,164.625,190.125,51.5,87,1,0,1,1,0
2225786,892,1,1,0,0.827548,164.242,189.852,51.8906,86.9219,0,0,1,1,0
2232850,893,1,1,0,0.769078,162.914,190.578,51.9531,85.8438,1,0,1,1,0
2240004,892,1,1,0,0.833595,164.32,190.359,49.5156,85.6562,0,0,1,1,0
2246621,892,1,1,0,0.833052,164.758,190.422,49.1094,83.7188,1,0,1,1,0
2253542,894,1,1,0,0.831416,163.305,190.891,52.4531,83.4062,1,0,1,1,0
2258950,893,1,1,0,0.863159,163.359,191.094,52,84.0625,0,0,1,1,0
2267664,893,1,1,0,0.855609,162.844,191.797,51.8125,85.3438,1,0,1,1,0
2274341,895,1,1,0,0.709422,162.047,192.039,50.2188,85.2969,0,0,1,1,0
2281699,891,1,1,0,0.82643,161.93,192.312,51.1719,87.375,0,1,1,1,0
2288613,892,1,1,0,0.823611,160.984,192.586,51.9062,85.4219,0,0,1,1,0
2295177,894,1,1,0,0.840523,160.461,192.328,50.6406,83.8438,0,0,1,1,0
2302059,893,1,1,0,0.86905,159.625,192.172,51.75,85.5938,0,1,1,1,0
2309197,894,1,1,0,0.868158,159.805,192.578,52.6719,86.4688,0,0,1,1,0
2316291,893,1,1,0,0.877688,159.547,192.547,53.3438,86.5312,0,0,1,1,0
2322972,892,1,1,0,0.872567,158.867,191.906,54.0469,86.0625,0,0,1,1,0
2330131,892,1,1,0,0.844154,158.844,191.938,54.3125,84.75,0,1,1,1,0
2337234,893,1,1,0,0.652684,159.062,191.922,52.375,84.3438,0,0,1,1,0
2343908,894,1,1,0,0.839998,158.156,192,53.6875,84.625,0,0,1,1,0
2350609,894,1,1,0,0.758151,157.73,191.453,55.3516,84.6562,0,0,1,1,0
2357809,893,1,1,0,0.766291,154.375,191.766,56.125,84.4062,-1,1,1,1,0
2365186,892,1,1,0,0.780663,153.332,190.906,56.0234,84.75,-2,0,1,1,0
2370951,890,1,1,0,0.660173,151.086,190.109,52.8594,83.2812,-2,0,1,1,0
2378628,893,1,1,0,0.75274,149.586,188.797,54.9531,87.4062,-3,0,1,1,0
2385549,892,1,1,0,0.610454,150.055,188.656,52.6094,84.3125,-2,0,1,1,0
2391839,893,1,1,0,0.70416,149.867,189.359,54.5156,84.4062,-3,0,1,1,0
2399370,894,1,1,0,0.750553,149.977,189.414,54.0781,85.0469,-2,0,1,1,0
2406350,892,1,1,0,0.761359,151.352,189.68,54.5469,86.6094,-3,0,1,1,0
2413898,893,1,1,0,0.668447,149.691,189.203,53.7422,85.8438,-2,0,1,1,0
2420387,892,1,1,0,0.462958,148.273,189.312,52.0781,84.3125,-3,0,1,1,0
2427649,891,1,1,1,0.265499,154.012,155.072,14.8828,17.0977,-2,0,1,1,0
2434475,1158,1,1,1,0.402157,153.955,155.09,14.8008,17.4922,-1,1,1,1,0
2441408,1157,1,1,1,0.487307,154.096,155.209,14.9336,18.3945,-1,1,1,1,0
2448090,1157,1,1,1,0.560253,153.215,155.346,13.6328,16.9648,-1,0,1,1,0
2455474,1169,1,1,1,0.617858,152.527,154.732,14.1328,16.8789,-2,1,1,1,0
2462571,1160,1,1,1,0.661923,151.479,154.242,14.3848,18.0469,-2,0,1,1,0
2468829,1157,1,1,1,0.397471,150.566,153.594,13.8672,15.875,-2,0,1,1,0
2476158,1168,1,1,1,0.483404,149.984,153.207,15.2188,17.3203,-3,1,1,1,0
2482909,1157,1,1,1,0.401218,149.787,152.959,15.5273,17.3633,-2,0,1,1,0
2489592,1158,1,1,1,0.703346,148.484,153.062,14.6172,17.75,-3,0,1,1,0
2496897,1156,1,1,1,0.741675,148.5,152.451,14.3516,17.5117,-3,0,1,1,0
2503369,1163,1,1,1,0.652241,148.346,151.953,14.7383,17.3125,-4,0,1,1,0
2510442,1158,1,1,1,0.687631,148.375,151.75,14.8594,17.0781,-3,0,1,1,0
2517266,1158,1,1,1,0.757075,148.504,151.527,14.8359,17.6172,-3,0,1,1,0
2524111,1164,1,1,1,0.768383,149.129,150.992,14.6953,17.9062,-3,0,1,1,0
2531550,1157,1,1,1,0.737159,149.266,150.795,14.5469,17.8398,-3,0,1,1,0
2538613,1158,1,1,1,0.746879,149.508,150.904,14.3125,17.7773,-3,0,1,1,0
2545392,1155,1,1,1,0.717012,149.727,150.951,14.6562,18.3711,-3,0,1,1,0
2552195,1166,1,1,1,0.584153,149.684,150.557,14.7109,18.082,-3,0,1,1,0
2558871,1156,1,1,1,0.496094,149.971,150.648,14.543,18.4219,-2,0,1,1,0
2566227,1163,1,1,1,0.595493,150.25,150.928,14.2969,18.8555,-3,0,1,1,0
2573114,1158,1,1,1,0.244725,152.189,150.463,13.4414,16.7617,-2,0,1,1,0
2580508,1157,1,1,1,0.549641,150.582,149.816,14.3672,17.2578,-2,0,1,1,0
2587066,1157,1,1,1,0.627039,150.613,149.432,14.1328,17.7539,-2,0,1,1,0
2594225,1158,1,1,1,0.68595,150.562,149.559,14.8125,17.4141,-3,0,1,1,0
2601317,1156,1,1,1,0.757793,150.168,149.504,14.6641,17.6016,-2,0,1,1,0
2608081,1155,1,1,1,0.479504,150.072,149.271,14.3633,18.1367,-3,0,1,1,0
2614720,1156,1,1,1,0.622459,150.09,148.914,15.5078,19.1406,-2,-1,1,1,0
2622383,1156,1,1,1,0.347759,149.885,148.625,14.8945,18.125,-3,0,1,1,0
2628334,1159,1,1,1,0.376164,150.344,148.562,15.5469,19.4688,-3,0,1,1,0
2635518,1159,1,1,1,0.526343,150.471,149.996,14.5352,17.5078,-2,0,1,1,0
2642352,1165,1,1,1,0.653127,150.65,149.875,14.7148,19.1875,-2,0,1,1,0
2649483,1158,1,1,1,0.539954,151.279,149.809,14.4727,18.2109,-3,0,1,1,0
2656170,1157,1,1,1,0.629776,151.449,149.82,14.1172,17,-2,0,1,1,0
2663841,1157,1,1,1,0.578448,151.489,149.971,14.084,17.8164,-2,0,1,1,0
2670125,1158,1,1,1,0.619701,151.926,150.623,13.5078,17.6055,-2,0,1,1,0
2677251,1167,1,1,1,0.554471,152.219,150.898,13.7656,17.8438,-2,0,1,1,0
2684535,1156,1,1,1,0.52829,152.352,150.844,13.9219,17.5312,-2,0,1,1,0
2690967,1167,1,1,1,0.699254,152.338,150.727,13.8008,17.8594,-1,0,1,1,0
2698306,1155,1,1,1,0.680029,152.242,150.73,13.1719,16.7734,-2,0,1,1,0
2705712,1166,1,1,1,0.615088,152.396,150.414,13.793,16.3906,-2,0,1,1,0
2712380,1158,1,1,1,0.51562,151.068,150.746,13.918,17.1328,-2,0,1,1,0
2718941,1167,1,1,1,0.391406,151.035,150.762,14.1172,16.3359,-2,0,1,1,0
2725821,1158,1,1,1,0.354881,150.838,151.031,14.4883,16.375,-2,0,1,1,0
2732858,1169,1,1,1,0.524395,150.982,151.098,15.0664,16.5703,-2,0,1,1,0
2740016,1157,1,1,1,0.236166,150.006,151.32,15.293,17.0469,-3,0,1,1,0
2747265,1157,1,1,1,0.538983,150.164,152.08,15.375,16.6836,-2,0,1,1,0
2754073,1157,1,1,1,0.549641,149.982,152.293,15.1836,16.1953,-3,0,1,1,0
2760683,1156,1,1,1,0.67147,150.215,152.783,14.1797,16.1211,-2,0,1,1,0
2767947,1159,1,1,1,0.435421,148.295,153.65,14.7383,17.0273,-4,0,1,1,0
2774597,1164,1,1,1,0.566978,148.504,153.766,14.3359,16.1875,-3,0,1,1,0
2781655,1158,1,1,1,0.629776,148.502,153.936,14.1445,16.1602,-3,0,1,1,0
2788549,1156,1,1,1,0.678327,149.416,153.781,13.8867,16,-3,1,1,1,0
2795677,1157,1,1,1,0.488283,149.438,154.312,13.9219,17.0781,-3,0,1,1,0
2802382,1157,1,1,1,0.469277,149.346,154.562,13.8555,17.4062,-3,0,1,1,0
2809407,1167,1,1,1,0.507812,149.551,153.797,13.8672,16.4062,-2,1,1,1,0
2816929,1156,1,1,1,0.602997,149.432,153.641,14.1367,15.4375,-3,0,1,1,0
2823350,1157,1,1,1,0.616936,149.623,153.895,13.8789,15.5859,-3,0,1,1,0
2830062,1156,1,1,1,0.568895,148.883,153.539,14.2656,17.125,-3,0,1,1,0
2837425,1156,1,1,1,0.620622,148.797,153.742,14.4219,17.2656,-3,0,1,1,0
2843774,1156,1,1,1,0.68595,151.047,153.021,13.5938,15.8242,-3,0,1,1,0
2850988,1157,1,1,1,0.752012,148.664,153.484,14.0234,17.7188,-3,1,1,1,0
2857989,1156,1,1,1,0.731825,148.678,153.465,14.3711,18.0391,-3,0,1,1,0
2865217,1155,1,1,1,0.764186,148.461,153.133,14.4609,16.6094,-3,0,1,1,0
2871894,1162,1,1,1,0.732591,150.322,151.803,13.793,17.0273,-2,0,1,1,0
2878662,1155,1,1,1,0.756356,148.375,151.201,14.1719,16.3242,-4,0,1,1,0
2886238,1162,1,1,1,0.788583,148.375,151.242,14.3672,16.9219,-3,0,1,1,0
2892639,1157,1,1,1,0.645119,147.881,151.848,14.4648,18.0859,-3,0,1,1,0
2900005,1156,1,1,1,0.719384,147.949,151.752,14.0703,17.9805,-3,0,1,1,0
2907116,1158,1,1,1,0.677474,147.275,151.588,14.9883,18.043,-4,0,1,1,0
2913602,1158,1,1,1,0.791176,146.539,151.875,14.5,18.4688,-4,0,1,1,0
2920621,1158,1,1,1,0.678327,146.5,151.928,13.1094,17.043,-4,0,1,1,0
2928084,1160,1,1,1,0.238287,146.484,152.09,14.8125,18.1016,-4,0,1,1,0
2934977,1158,1,1,1,0.789233,147.396,151.623,14.3086,17.6836,-4,0,1,1,0
2941310,1157,1,1,1,0.768383,147.906,151.297,14.25,17.9688,-3,0,1,1,0
2948330,1157,1,1,1,0.721743,148.125,151.109,13.7188,17.25,-4,0,1,1,0
2955258,1158,1,1,1,0.785308,148.498,151.738,14.4102,18.3516,-3,0,1,1,0
2962372,1156,1,1,1,0.627952,148.471,151.762,14.8711,18.3359,-4,0,1,1,0
2969085,1158,1,1,1,0.669744,149.238,151.652,14.8359,18.0234,-3,0,1,1,0
2977307,1167,1,1,1,0.740176,149.295,151.744,14.6914,17.7305,-3,0,1,1,0
2983438,1157,1,1,1,0.721743,150.135,151.75,14.0742,17.5625,-2,0,1,1,0
2989879,1165,1,1,1,0.646906,150.215,151.795,13.3984,16.9023,-3,0,1,1,0
2997349,1157,1,1,1,0.508788,150.689,152.047,13.3398,16.75,-2,0,1,1,0
3004376,1159,1,1,1,0.532182,150.867,152.512,14.0469,16.9766,-3,0,1,1,0
3011191,1160,1,1,1,0.562177,150.943,152.672,14.2773,16.5,-2,0,1,1,0
3018045,1157,1,1,1,0.606731,150.869,152.273,13.6445,15.625,-2,0,1,1,0
3025051,1160,1,1,1,0.687631,151.172,152.557,15.0781,16.9102,-3,0,1,1,0
3032169,1156,1,1,1,0.466359,150.053,151.885,15.1367,17.582,-2,0,1,1,0
3038643,1158,1,1,1,0.673191,149.734,151.641,14.8125,17.1875,-3,0,1,1,0
3045721,1158,1,1,1,0.709825,149.314,151.672,15.6055,17.2031,-3,0,1,1,0
3052699,1165,1,1,1,0.714628,149.414,151.67,14.9219,17.4102,-2,0,1,1,0
3059973,1159,1,1,1,0.538983,149.373,151.807,15.293,17.918,-3,0,1,1,0
3066520,1156,1,1,1,0.473657,149.262,151.742,15.5234,17.8438,-3,0,1,1,0
3073374,1158,1,1,1,0.230575,148.531,151.629,15.5938,17.5859,-3,0,1,1,0
3080626,1158,1,1,1,0.758509,147.891,151.488,15.625,17.4609,-3,0,1,1,0
3087377,1158,1,1,1,0.719384,147.949,151.607,15.0859,17.3242,-4,0,1,1,0
3094367,1158,1,1,1,0.746879,147.68,151.141,15.625,16.6406,-3,0,1,1,0
3101610,1159,1,1,1,0.781997,147.633,150.84,15.4844,17.6484,-4,0,1,1,0
3108687,1158,1,1,1,0.670608,148.082,150.66,14.6719,17.1641,-3,0,1,1,0
3115310,1163,1,1,1,0.615088,147.787,150.832,14.4414,17.1484,-4,0,1,1,0
3122125,1157,1,1,1,0.605799,147.949,150.703,14.9141,17.125,-3,0,1,1,0
3129070,1159,1,1,1,0.652241,148.016,150.553,15.1719,17.4023,-4,0,1,1,0
3136080,1157,1,1,1,0.335895,147.584,149.934,14.5898,17.1797,-3,0,1,1,0
3142911,1156,1,1,1,0.659296,152.847,150.719,15.4629,17.4062,-2,0,1,1,0
3150097,1165,1,1,1,0.705785,154.062,154.258,15.0312,17.25,-1,0,1,1,0
3157114,1158,1,1,1,0.675764,152.385,153.143,14.3242,17.5586,-2,0,1,1,0
3163943,1155,1,1,1,0.665411,146.926,152.836,14.6641,17.1719,-3,0,1,1,0
3171031,1154,1,1,1,0.358466,146.312,150.543,14.4844,17.5859,-4,0,1,1,0
3177729,1157,1,1,1,0.486332,151.742,148.182,15.6094,19.1758,-3,0,1,1,0
3184637,1158,1,1,1,0.783326,148.785,149.07,14.8047,17.2031,-3,0,1,1,0
3191406,1158,1,1,1,0.319546,151.643,148.467,15.043,18.1211,-2,-1,1,1,0
3198267,1167,1,1,1,0.399812,153.77,148.273,14.7734,19.7031,-1,0,1,1,0
3205306,1158,1,1,1,0.785308,156.812,148.553,15.4531,16.8633,0,0,1,1,0
3213226,1158,1,1,1,0.764186,158.369,149.75,15.8711,17.0625,0,0,1,1,0
3219957,1157,1,1,1,0.520496,159.516,148.824,15.9844,19.0859,0,-1,1,1,0
3226661,1167,1,1,1,0.610454,160.01,148.859,15.8242,18.9844,0,0,1,1,0
3233795,1167,1,1,1,0.469763,160.805,148.91,16.5625,18.8516,0,0,1,1,0
3241351,1164,1,1,1,0.306942,161.059,149.678,15.0703,16.7227,0,0,1,1,0
3247387,1159,1,1,1,0.298287,161.488,149.703,14.8516,16.2812,0,0,1,1,0
3254031,1157,1,1,1,0.394201,161.359,149.383,14.3438,17.3906,1,0,1,1,0
3261283,1162,1,1,1,0.40028,161.143,149.275,13.8633,18.6445,0,-1,1,1,0
3268295,1157,1,1,1,0.539954,160.428,148.844,13.3086,16.7969,0,0,1,1,0
3275284,1155,1,1,1,0.489259,159.961,149.336,14.4219,18.4062,0,0,1,1,0
3280947,1157,1,1,0,0.519034,150.164,191.477,43.2656,78.6719,-3,1,1,1,0
3290257,1159,1,1,0,0.72409,152.883,187.039,45.7656,90.9531,-2,0,1,1,0
3297168,1157,1,1,0,0.29098,152.891,186.703,46.6875,91.0938,-1,-2,1,1,0
3304557,1158,1,1,0,0.848722,153.828,185.656,46.375,93.9375,-2,-1,1,1,0
3312416,1167,1,1,0,0.84569,154.281,186.031,45.875,89.5625,-1,-2,1,1,0
3318209,1155,1,1,0,0.84569,154.281,186.031,45.875,89.5625,0,0,0,0,0
3325058,1165,1,1,0,0.229364,155.16,187.422,45.3203,88.5312,0,-1,1,1,0
3333064,1160,1,1,0,0.269902,154.676,191.938,43.6016,83.5625,-1,0,1,1,0
3339156,1159,1,1,0,0.628864,157.035,188.984,43.0703,89.1562,-1,0,1,1,0
3347074,1156,1,1,0,0.802246,159.562,188.375,42.25,87.9375,0,0,1,1,0
3352755,1158,1,1,0,0.650023,161.289,189.484,42.0156,89.6562,0,0,1,1,0
3359783,1156,1,1,0,0.831416,162.66,189.094,42.9922,88.6875,0,0,1,1,0
3366940,1157,1,1,0,0.815233,163.793,189.047,44.2891,86.5312,1,0,1,1,0
3373731,1159,1,1,0,0.837355,164.68,189.312,42.6406,86.875,1,0,1,1,0
3381539,1156,1,1,0,0.807461,166.469,189.578,43.0625,84.2188,1,0,1,1,0
3387636,1157,1,1,0,0.810179,167.75,189.234,43,84.2812,2,0,1,1,0
3394339,1168,1,1,0,0.845179,168.094,189.797,44.5625,85.5938,2,0,1,1,0
3401328,1157,1,1,0,0.82643,167.922,190.016,43.7188,85.0938,1,0,1,1,0
3409364,1158,1,1,0,0.817283,168.469,190.672,44.5625,84.8438,2,0,1,1,0
3416390,1158,1,1,0,0.759937,169.031,190.812,44.25,82.125,3,0,1,1,0
3422499,1156,1,1,0,0.766641,169.664,191.5,46.0781,82.9375,2,0,1,1,0
3429270,1156,1,1,0,0.639285,168.219,195.867,46.2812,74.1406,2,4,1,1,0
3436784,1163,1,1,0,0.586049,168.434,195.594,46.0703,72.5625,2,3,1,1,0
3444603,1159,1,1,0,0.84364,169.109,189.734,48.9062,85.9688,2,0,1,1,0
3451119,1157,1,1,0,0.809277,169.289,189.078,50.1719,86.4062,2,-1,1,1,0
3457262,1155,1,1,0,0.637031,169.391,188.867,48.4062,85.2031,3,0,1,1,0
3470826,1167,1,1,0,0.852201,169.469,189.281,50.0312,85.6875,2,0,1,1,0
3479063,1168,1,1,0,0.847717,170.266,189.422,50.875,86.6562,3,0,1,1,0
3486462,1166,1,1,0,0.839472,170.547,189.648,51.0938,87.4531,2,0,1,1,0
3491676,891,1,1,0,0.864995,170.859,189.633,52.5625,87.0156,3,0,1,1,0
3498425,893,1,1,0,0.84364,171.383,189.211,52.7344,86.5781,3,-1,1,1,0
3505451,894,1,1,0,0.863159,171.281,189.328,52.5625,87.6562,3,0,1,1,0
3513243,894,1,1,0,0.849223,171.352,189.773,54.2344,85.9531,4,0,1,1,0
3519204,893,1,1,0,0.84569,171.984,189.656,52.5312,85.3125,3,0,1,1,0
3526199,894,1,1,0,0.840523,171.547,189.469,51.2812,85.6875,3,0,1,1,0
3533587,893,1,1,0,0.863159,171.578,189.625,53.0312,87.375,3,0,1,1,0
3540272,894,1,1,0,0.854156,171.922,189.609,53.5312,85.9062,4,0,1,1,0
3547963,892,1,1,0,0.796292,172.184,189.438,54.3203,86.5,3,0,1,1,0
3554903,894,1,1,0,0.816113,172.047,189.734,54.5938,85.7812,4,0,1,1,0
3562049,893,1,1,0,0.857049,172.188,189.469,52.0625,86.375,3,0,1,1,0
3568007,892,1,1,0,0.806549,171.984,189.703,53.4062,86.8438,4,0,1,1,0
3574917,892,1,1,0,0.77865,172.852,189.219,51.7969,86.6875,3,0,1,1,0
3583583,892,1,1,0,0.614163,172.211,188.688,51.3281,86.875,4,0,1,1,0
3590160,894,1,1,0,0.589362,172.375,188.938,50.7188,87.875,3,0,1,1,0
3595581,893,1,1,0,0.543832,172.688,188.844,49.0938,87.3125,4,0,1,1,0
3603601,892,1,1,0,0.650023,172.547,188.789,51.6562,86.0156,4,0,1,1,0
3610461,894,1,1,0,0.619241,172.508,188.125,49.8594,87.25,3,0,1,1,0
3616333,894,1,1,0,0.617858,172.523,188.531,50.1406,87.1875,4,-1,1,1,0
3623405,893,1,1,0,0.611846,171.789,188.328,51.3281,87.0938,4,0,1,1,0
3630362,890,1,1,0,0.566019,171.914,188.703,51.5156,88.2188,3,0,1,1,0
3638073,894,1,1,0,0.344222,171.086,188.266,51.2969,87.4688,3,0,1,1,0
3645517,894,1,1,0,0.615088,171.191,188.18,50.8828,86.0781,3,-1,1,1,0
3651616,894,1,1,0,0.749087,171.664,188.312,50.7656,88.25,4,0,1,1,0
3658061,893,1,1,0,0.822474,171.781,187.508,50.4062,88.6406,3,0,1,1,0
3672190,894,1,1,0,0.863159,171.617,186.727,49.8281,89.2031,3,-1,1,1,0
3679995,893,1,1,0,0.82699,172.969,186.664,48.25,89.3281,4,-1,1,1,0
3685916,894,1,1,0,0.651354,172.609,186.617,48.7188,88.0156,4,-1,1,1,0
3692819,893,1,1,0,0.749821,171.902,186.703,49.8672,87.4062,3,0,1,1,0
3699700,893,1,1,0,0.851211,171.727,186.508,49.4219,88.5156,3,-1,1,1,0
3706909,892,1,1,0,0.76524,173.074,186.422,46.8984,89.1562,4,-1,1,1,0
3721015,894,1,1,0,0.717012,171.867,187.414,46.5781,87.9219,4,-1,1,1,0
3727506,894,1,1,0,0.852692,173.895,188.016,44.9766,88.7812,4,0,1,1,0
3734422,895,1,1,0,0.843124,173.43,187.781,44.4844,88.6875,4,-1,1,1,0
3741664,893,1,1,0,0.854642,172.836,187.633,43.9844,89.0156,4,0,1,1,0
3749407,892,1,1,0,0.701304,172.352,187.953,44.3594,87.3438,3,-1,1,1,0
3762391,891,1,1,0,0.81048,171.73,188.336,42.1484,87.9219,4,0,1,1,0
3769828,892,1,1,0,0.834676,173.891,189.078,42.1875,86.6562,4,0,1,1,0
3783330,894,1,1,0,0.375019,173.887,188.922,42.7266,85.6562,4,0,1,1,0
3790506,894,1,1,0,0.319121,175.031,189.359,41.8438,85.7812,4,0,1,1,0
3797028,893,1,1,0,0.553023,174.391,189.891,41,84.9688,5,0,1,1,0
3803900,893,1,1,0,0.532668,173.797,189.719,41.2188,84.6875,4,0,1,1,0
3817759,893,1,1,0,0.595963,171.359,189.766,42.5938,83.2188,4,0,1,1,0
3825615,891,1,1,0,0.802246,173.117,190.562,42.6406,85,4,0,1,1,0
3838832,893,1,1,0,0.337858,172,191.406,40.125,81.1875,3,0,1,1,0
3846561,894,1,1,0,0.728748,173.375,191.602,39.5,82.3281,4,1,1,1,0
3852471,893,1,1,0,0.766641,173.352,191.641,39.5156,81.9688,4,0,1,1,0
3859551,894,1,1,0,0.764538,173.625,191.555,39.875,83.7344,4,0,1,1,0
3874078,892,1,1,0,0.290376,171.672,191.953,41.125,83.5938,4,1,1,1,0
3887975,893,1,1,0,0.338951,173.031,191.914,40.75,82.9531,3,0,1,1,0
3895204,892,1,1,0,0.76524,175.355,191.703,41.6797,83.1562,5,0,1,1,0
3908543,892,1,1,0,0.38122,174.938,191.578,42.6875,83.2812,5,1,1,1,0
3916837,892,1,1,0,0.716219,173.93,191.758,42.8594,82.2344,4,0,1,1,0
3922747,893,1,1,0,0.728362,175.363,191.719,42.3516,81.6875,5,1,1,1,0
3928905,892,1,1,0,0.787604,173.664,191.312,44.4844,80.875,4,0,1,1,0
3936055,892,1,1,0,0.568416,172.836,191.688,47.7031,83,4,0,1,1,0
3943993,893,1,1,0,0.495606,172.602,191.047,49.4219,85.8438,4,0,1,1,0
3950460,891,1,1,0,0.505859,173.137,189.641,52.1016,86.5312,4,0,1,1,0
3956765,895,1,1,0,0.845179,173.633,189.797,42.2969,85.5938,4,0,1,1,0
3970594,896,1,1,0,0.736781,168.031,193.328,54.1875,83.8438,2,0,1,1,0
3978722,891,1,1,0,0.36094,168.051,192.805,49.3516,78.4219,2,1,1,1,0
3985657,895,1,1,0,0.322099,165.68,198,52.2344,69.9375,0,6,1,1,0
3991506,892,1,1,0,0.392337,169.102,191.07,47.7031,84.6094,2,0,1,1,0
3998921,894,1,1,0,0.734501,167.633,190.57,49.4219,84.8594,2,0,1,1,0
4005440,895,1,1,0,0.75958,167.035,189.141,49.5547,87.0938,2,0,1,1,0
4014026,897,1,1,0,0.78695,165.938,188.844,50.5625,85.25,1,-1,1,1,0
4019613,894,1,1,0,0.771498,165.602,188.578,50.5469,86.9062,1,0,1,1,0
4026439,893,1,1,0,0.798815,165,187.766,51.4375,86.1562,1,0,1,1,0
4033113,893,1,1,0,0.764889,163.883,188.555,53.3906,85.2656,1,0,1,1,0
4040580,893,1,1,0,0.814349,163.281,188.422,54,85.2188,0,0,1,1,0
4048013,892,1,1,0,0.795975,162.844,188.555,53.75,83.8906,1,0,1,1,0
4054899,894,1,1,0,0.502441,162.285,188.992,52.5547,82.7656,0,0,1,1,0
4061566,894,1,1,0,0.673621,162.156,188.906,51.875,82.5,0,0,1,1,0
4067897,894,1,1,0,0.601594,162.094,189.172,52.5625,81.4688,0,0,1,1,0
4075632,893,1,1,0,0.314681,161.688,189.578,53.125,79.8438,0,0,1,1,0
4083724,893,1,1,0,0.778313,161.266,189.555,52.7812,81.6094,0,0,1,1,0
4089537,893,1,1,0,0.772873,161.492,189.719,53.7344,82.0625,0,0,1,1,0
4095556,892,1,1,0,0.265308,161.734,190.039,53.0312,80.6719,0,0,1,1,0
4102789,893,1,1,0,0.255157,161.289,190.328,52.0469,80.4688,1,0,1,1,0
4111097,892,1,1,0,0.31216,161.633,189.859,50.9844,79.4688,0,1,1,1,0
4116468,892,1,1,0,0.383988,161.359,189.797,50.9062,78.9688,0,0,1,1,0
4123361,891,1,1,0,0.426799,160.766,189.398,51.5938,78.9531,0,0,1,1,0
4130275,893,1,1,0,0.801315,160.375,188.812,49.4375,80.9375,0,0,1,1,0
4138514,895,1,1,0,0.847212,160.273,188.734,51.2969,81.7812,0,0,1,1,0
4145828,895,1,1,0,0.656219,159.711,188.406,53.2656,81.75,0,0,1,1,0
4151194,893,1,1,0,0.73412,157.949,188.555,53.8516,82.7344,0,0,1,1,0
4158383,893,1,1,0,0.779658,156.848,188.805,53.3047,82.6719,0,0,1,1,0
4165562,893,1,1,0,0.736402,154.539,188.719,51.4219,83.125,-1,0,1,1,0
4172189,893,1,1,0,0.769078,152.953,188.867,52.4062,82.3906,-2,0,1,1,0
4180702,893,1,1,0,0.406391,151.055,188.57,50.8594,81.4844,-2,0,1,1,0
4186688,893,1,1,0,0.33764,150.758,188.539,52.0469,81.0781,-2,0,1,1,0
4192903,899,1,1,0,0.743542,150,188.484,53.125,82.4062,-3,0,1,1,0
4199728,892,1,1,0,0.656659,149.617,188.703,53.5781,83.2188,-2,0,1,1,0
4206996,894,1,1,0,0.80502,149.758,188.531,52.7031,83.625,-3,0,1,1,0
4215221,894,1,1,0,0.710629,149.473,188.359,54.8672,83.9688,-3,0,1,1,0
4221715,893,1,1,0,0.745399,148.766,188.766,53.3438,83.0312,-3,0,1,1,0
4227550,893,1,1,0,0.780663,149.562,188.375,54.25,84,-3,0,1,1,0
4234680,892,1,1,0,0.807765,149.992,188.625,54.7656,84.5,-2,0,1,1,0
4241624,894,1,1,0,0.787931,150.816,188.57,53.7422,83.3906,-3,0,1,1,0
4250478,892,1,1,0,0.799442,150.367,188.406,50.4844,83.375,-2,0,1,1,0
4255369,893,1,1,0,0.752376,150.266,188.406,50.3438,82.6875,-3,0,1,1,0
4262800,893,1,1,0,0.745029,150.566,188.344,50.8672,83.3125,-2,0,1,1,0
4269365,892,1,1,0,0.71103,149.562,188.5,49.7188,83.5,-3,0,1,1,0
4277289,894,1,1,0,0.792143,149.504,188.75,49.8047,84.875,-3,0,1,1,0
4283873,894,1,1,0,0.827548,149.172,188.812,49.9688,84.75,-2,0,1,1,0
4290118,893,1,1,0,0.817868,149.66,188.922,49.2422,84.0312,-3,0,1,1,0
4297042,895,1,1,0,0.799129,149.902,188.82,49.3203,85.7656,-3,0,1,1,0
4303835,893,1,1,0,0.546738,149.367,188.656,48.2656,85.4375,-3,0,1,1,0
4312173,893,1,1,0,0.499512,149.102,188.484,47.9531,85.5312,-3,0,1,1,0
4317850,892,1,1,0,0.696784,149.047,188.508,46.7812,84.8594,-3,0,1,1,0
4324965,893,1,1,0,0.814938,148.859,188.516,47.6562,85.2188,-3,0,1,1,0
4332663,894,1,1,0,0.720171,148.973,188.539,46.1172,85.4844,-3,-1,1,1,0
4338779,894,1,1,0,0.736402,149.402,188.141,44.9453,86.9688,-3,0,1,1,0
4346525,893,1,1,0,0.628408,149.438,187.562,46.0625,85.875,-2,0,1,1,0
4352464,895,1,1,0,0.433981,149.078,188.266,45.1562,85.9688,-3,0,1,1,0
4359710,891,1,1,0,0.474144,148.945,188.422,44.7656,86.1562,-3,0,1,1,0
4366460,892,1,1,0,0.725259,149.102,188.617,43.0469,85.6406,-3,-1,1,1,0
4373408,892,1,1,0,0.693473,149.023,188.578,45.0156,87.5312,-3,0,1,1,0
4381272,892,1,1,0,0.800692,148.797,189.047,45.7188,88.5938,-3,0,1,1,0
4387706,894,1,1,0,0.561215,148.992,189.438,42.9531,88.5,-3,0,1,1,0
4394245,892,1,1,0,0.572723,148.328,189.391,44.5938,89.4688,-4,0,1,1,0
4401292,893,1,1,0,0.629776,148.66,189.859,43.1172,90.2812,-3,0,1,1,0
4408482,893,1,1,0,0.591251,148.531,189.266,43.0625,88.6562,-3,-1,1,1,0
4416007,893,1,1,0,0.695958,148.789,189.172,45.2969,89.7812,-3,0,1,1,0
4422050,893,1,1,0,0.753828,149.578,188.484,43.7812,88.7812,-3,0,1,1,0
4428907,892,1,1,0,0.847212,149.973,188.531,43.6172,88.75,-3,0,1,1,0
4436327,893,1,1,0,0.852201,150.461,188.312,44.2031,88.625,-2,-1,1,1,0
4443991,893,1,1,0,0.855609,150.242,188.328,44.4844,88.2812,-3,0,1,1,0
4450864,894,1,1,0,0.86771,150.391,188.609,45.4375,89.3438,-3,0,1,1,0
4456860,892,1,1,0,0.813461,150.523,189.047,42.7344,87.2812,-2,-1,1,1,0
4463853,894,1,1,0,0.854642,150.883,189.008,43.5156,87.2656,-2,0,1,1,0
4470662,893,1,1,0,0.829214,151.492,188.836,45.2344,86.2344,-3,0,1,1,0
4478752,892,1,1,0,0.814349,151.344,189.375,44.6875,85.6875,-2,0,1,1,0
4485217,893,1,1,0,0.835752,151.391,189.578,43.5312,85.3438,-2,0,1,1,0
4491299,893,1,1,0,0.58747,151.367,189.812,45.0781,85.5,-2,0,1,1,0
4498915,892,1,1,0,0.811975,150.309,189.867,44.4453,86.2344,-2,0,1,1,0
4505410,892,1,1,0,0.586996,149.758,190.422,45.3281,83.7812,-3,0,1,1,0
4513219,893,1,1,0,0.476092,149.547,190.453,47.5938,83.5938,-2,0,1,1,0
4520203,894,1,1,0,0.537042,148.766,190.719,47.0312,83.5625,-3,0,1,1,0
4526304,893,1,1,0,0.855126,148.719,190.688,47.3125,83.125,-3,0,1,1,0
4533556,892,1,1,0,0.865451,148.305,190.875,47.6406,83.4375,-4,0,1,1,0
4540533,893,1,1,0,0.858953,148.438,191.078,47.875,82.9062,-3,1,1,1,0
4548144,893,1,1,0,0.862233,148.703,191.328,47.1875,84.0312,-3,0,1,1,0
4554783,895,1,1,0,0.563138,149.578,192.195,46.75,85.1406,-3,0,1,1,0
4561776,895,1,1,0,0.779658,149.5,191.781,46.375,83.5625,-3,0,1,1,0
4568132,893,1,1,0,0.781664,149.852,191.484,46.0469,83.7188,-3,1,1,1,0
4575121,893,1,1,0,0.672331,150.625,191.922,47.9375,83.8438,-2,0,1,1,0
4582926,893,1,1,0,0.81582,150.734,191.68,46.375,82.1094,-3,0,1,1,0
4588887,894,1,1,0,0.564099,150.758,191.375,48.4844,83.375,-2,1,1,1,0
4595748,894,1,1,0,0.805938,150.875,191.875,47.875,84.5,-2,0,1,1,0
4603644,894,1,1,0,0.651354,150.277,191.562,48.7578,84.25,-3,0,1,1,0
4609693,892,1,1,0,0.787604,148.812,191.578,50.25,84.3438,-3,0,1,1,0
4617431,893,1,1,0,0.739424,148.305,191.344,49.7344,83.5625,-3,0,1,1,0
4624271,893,1,1,0,0.726425,148.227,191.18,51.0469,82.5156,-3,1,1,1,0
4630743,893,1,1,0,0.788908,148.086,191.203,50.2656,82.2188,-3,0,1,1,0
4637362,896,1,1,0,0.750187,148.422,190.875,50.7188,81.375,-4,0,1,1,0
4644842,891,1,1,0,0.720958,148.602,190.125,50.9844,81,-3,0,1,1,0
4652112,897,1,1,0,0.758866,148.965,190.312,49.9453,83,-3,0,1,1,0
4658409,894,1,1,0,0.691393,150.328,190.266,48.3438,82.4062,-3,1,1,1,0
4665503,894,1,1,0,0.565059,151.625,190.391,48.625,83.7188,-2,0,1,1,0
4673087,893,1,1,0,0.627039,151.625,190.367,45.9375,83.5156,-2,0,1,1,0
4679567,894,1,1,0,0.619701,150.859,189.328,47.5,83.5312,-2,0,1,1,0
4687368,893,1,1,0,0.70416,149.797,189.359,49.8438,82.9062,-3,0,1,1,0
4694287,893,1,1,0,0.730675,149.562,188.562,48.3125,83.375,-2,0,1,1,0
4700284,893,1,1,0,0.80502,149.125,188.297,47.875,81.7812,-3,0,1,1,0
4707627,894,1,1,0,0.599251,149.215,187.766,45.1953,81.1562,-3,0,1,1,0
4715097,891,1,1,0,0.659735,148.57,187.531,46.8906,81.5,-3,0,1,1,0
4720656,891,1,1,0,0.765941,148.773,187.656,47.1094,82.875,-3,0,1,1,0
4728605,894,1,1,0,0.750187,148.453,187.547,47.2188,82.5938,-3,0,1,1,0
4735497,892,1,1,0,0.693058,148.367,187.469,47.6094,82.125,-4,0,1,1,0
4742803,891,1,1,0,0.568416,147.562,187.438,49,81.875,-3,0,1,1,0
4749589,893,1,1,0,0.742423,147.586,187.445,50.6719,82.4531,-4,0,1,1,0
4755498,893,1,1,0,0.759937,148.586,187.969,51.8281,83.875,-3,-1,1,1,0
4762693,894,1,1,0,0.5564,148.023,187.359,51.3594,82.2812,-3,0,1,1,0
4770146,893,1,1,0,0.839472,148.008,187.703,52.6094,81.6562,-4,0,1,1,0
4776727,893,1,1,0,0.740176,148.734,188.273,51.9062,81.7969,-3,0,1,1,0
4784106,893,1,1,0,0.814349,148.766,188.203,52.9062,81.0938,-3,0,1,1,0
4790669,895,1,1,0,0.74614,150.051,188.516,51.0234,82.3438,-3,0,1,1,0
4797356,893,1,1,0,0.809578,149.898,188.734,50.1719,82.2188,-3,0,1,1,0
4804432,892,1,1,0,0.783326,150.469,189.492,51.0625,81.6406,-2,0,1,1,0
4812120,893,1,1,0,0.686791,150.578,189.547,49.4062,80.6562,-3,0,1,1,0
4818931,895,1,1,0,0.30013,150.594,189.805,48.3125,81.6094,-2,0,1,1,0
4825137,894,1,1,0,0.727201,150.781,189.5,51.625,81.25,-3,0,1,1,0
4833143,894,1,1,0,0.693473,149.543,189.922,53.2734,82.2188,-2,0,1,1,0
4839294,893,1,1,0,0.688888,149.918,189.789,52.4141,82.5781,-3,0,1,1,0
4846701,892,1,1,0,0.54577,152.039,189.875,47.3594,82.5625,-2,0,1,1,0
4853284,893,1,1,0,0.781331,150.07,190.297,50.6406,82.5938,-2,0,1,1,0
4861096,893,1,1,0,0.407333,150.512,189.641,48.2266,81.7188,-3,0,1,1,0
4866760,893,1,1,0,0.289572,149.805,190.797,45.0469,79.2812,-2,1,1,1,0
4873742,893,1,1,0,0.581303,146.195,190.023,49.5156,82.5469,-4,0,1,1,0
4881740,889,1,1,0,0.581303,146.195,190.023,49.5156,82.5469,-2,0,0,0,0
4887530,891,1,1,0,0.512693,146.508,189.234,48.5469,82.8438,-4,0,1,1,0
4894531,892,1,1,0,0.740176,146.648,189.281,49.2344,84,-4,0,1,1,0
4901879,893,1,1,0,0.551091,147.594,188.734,47.5625,83.4062,-3,0,1,1,0
4909262,894,1,1,0,0.421552,148.965,187.75,45.5703,82.0625,-4,0,1,1,0
4916571,894,1,1,0,0.313629,149.922,188.836,45.0312,84.7344,-2,0,1,1,0
4922957,892,1,1,0,0.626125,149.5,188.844,47.4375,85.875,-3,0,1,1,0
4929761,892,1,1,0,0.816113,149.641,188.852,46.4688,85.4531,-3,0,1,1,0
4937440,893,1,1,0,0.459561,149.887,188.172,45.0391,85.9062,-3,-1,1,1,0
4944137,892,1,1,0,0.398406,153.523,188.086,36.2969,84.5781,-1,0,1,1,0
4951143,893,1,1,0,0.45181,152.395,191.516,38.3516,73.8438,-2,1,1,1,0
4958186,896,1,1,0,0.211417,153.273,191.281,37.4844,75.5625,-1,1,1,1,0
4965555,905,1,1,0,0.220342,152.211,191.938,36.8594,72.125,-2,2,1,1,0
4972421,893,1,1,0,0.220342,152.211,191.938,36.8594,72.125,0,1,0,0,0
4979391,910,1,1,0,0.281406,152.531,191.453,35.2812,72.7188,-2,1,1,1,0
4985662,905,1,1,0,0.278649,147.828,186.938,43.1562,85.5,-3,-1,1,1,0
4992649,894,1,1,0,0.677474,145.762,186.141,43.6797,87.6562,-5,-1,1,1,0
4999615,895,1,1,0,0.752012,145.586,185.555,42.7344,86.8906,-4,-1,1,1,0
5005963,894,1,1,0,0.363647,145.617,185.281,45.5156,86.4375,-5,-1,1,1,0
5013652,895,1,1,0,0.663669,147.633,186.594,45.4844,85.6875,-4,-1,1,1,0
5020055,893,1,1,0,0.717408,149.758,187.203,46.0469,85.0938,-3,0,1,1,0
5027029,894,1,1,0,0.447943,150.211,187.516,45.1406,83.3438,-2,0,1,1,0
5033742,891,1,1,0,0.538983,149.422,187.812,45.0312,84.375,-3,0,1,1,0
5040952,893,1,1,0,0.808371,149.422,187.648,45.8438,84.0469,-3,-1,1,1,0
5048834,895,1,1,0,0.734882,149.656,187.852,46.3125,83.5469,-3,0,1,1,0
5055395,892,1,1,0,0.652684,149.344,188.266,44.0625,84.0312,-3,0,1,1,0
5061632,894,1,1,0,0.739424,150.117,188.484,44.3906,82.8438,-2,0,1,1,0
5068293,893,1,1,0,0.718199,149.336,188.875,46.1719,82.625,-3,0,1,1,0
5075552,895,1,1,0,0.540924,149.18,191.297,45.3594,77.2812,-3,1,1,1,0
5083732,893,1,1,0,0.646906,149.309,191.5,45.0703,77.125,-3,0,1,1,0
5089347,894,1,1,0,0.761359,150.105,190.75,44.9141,79.5,-3,1,1,1,0
5096815,892,1,1,0,0.661049,150.078,190.719,48.9375,81,-2,0,1,1,0
5103820,894,1,1,0,0.68342,150.047,193.258,45.4688,73.7344,-3,2,1,1,0
5110452,894,1,1,0,0.531696,150.102,193.234,45.1406,76.1562,-3,2,1,1,0
5117388,893,1,1,0,0.320396,149.609,193.297,45.2188,76.4688,-2,1,1,1,0
5124005,892,1,1,0,0.730675,147.633,193.961,45.5781,75.0469,-4,2,1,1,0
5131712,892,1,1,0,0.730675,147.633,193.961,45.5781,75.0469,0,1,0,0,0
5137767,890,1,1,0,0.730675,147.633,193.961,45.5781,75.0469,-1,0,0,0,0
5145988,892,1,1,0,0.730675,147.633,193.961,45.5781,75.0469,-1,1,0,0,0
5151655,890,1,0,-1,0,0,0,0,0,0,0,0,0,0
5159063,890,1,1,1,0.307358,155.312,151.703,15.6875,18.0938,0,0,1,1,0
5166408,890,1,1,1,0.307358,155.312,151.703,15.6875,18.0938,0,0,0,0,0
5172645,893,1,1,0,0.399812,141.047,189.414,51.6562,84.3281,-9,0,1,1,0
5180452,891,1,1,0,0.399812,141.047,189.414,51.6562,84.3281,-4,0,0,0,0
5186851,893,1,1,0,0.214198,140.105,185.383,50.3359,87.0156,-9,-1,1,1,0
5193702,889,1,1,0,0.214198,140.105,185.383,50.3359,87.0156,-3,-2,0,0,0
5201077,894,1,1,0,0.414899,143.867,186.219,52.2969,89.3125,-6,-1,1,1,0
5207709,892,1,1,0,0.235638,146.008,184.594,54.2031,85.0625,-4,-1,1,1,0
5214857,891,1,1,0,0.235638,146.008,184.594,54.2031,85.0625,0,-1,0,0,0
5222431,890,1,1,0,0.235638,146.008,184.594,54.2031,85.0625,0,-1,0,0,0
5228707,891,1,1,0,0.235638,146.008,184.594,54.2031,85.0625,0,0,0,0,0
5235422,890,1,0,-1,0,0,0,0,0,0,0,0,0,0
5242879,889,1,0,-1,0,0,0,0,0,0,0,0,0,0
5250195,890,1,0,-1,0,0,0,0,0,0,0,0,0,0
5256194,892,1,0,-1,0,0,0,0,0,0,0,0,0,0
5263233,891,1,1,1,0.340265,152.676,154.215,12.8828,15.6641,-1,0,1,1,0
5270007,892,1,1,1,0.231269,149.764,154.957,13.4727,16.3359,-3,0,1,1,0
5276936,896,1,1,1,0.273963,147.572,154.348,13.5898,16.2422,-3,0,1,1,0
5284674,891,1,1,1,0.366136,146.312,155.084,13.7344,16.1836,-4,1,1,1,0
5291018,892,1,1,1,0.387227,146.027,154.965,13.5078,14.9141,-4,0,1,1,0
5297635,893,1,1,1,0.204978,146.033,155.6,12.0508,14.5195,-4,1,1,1,0
5305137,894,1,1,1,0.350866,145.391,155.262,13.375,14.5859,-5,0,1,1,0
5312286,890,1,1,1,0.350866,145.391,155.262,13.375,14.5859,0,0,0,0,0
5318972,891,1,1,1,0.350866,145.391,155.262,13.375,14.5859,-1,0,0,0,0
5326077,891,1,1,1,0.350866,145.391,155.262,13.375,14.5859,0,0,0,0,0
5333116,890,1,0,-1,0,0,0,0,0,0,0,0,0,0
5339720,890,1,0,-1,0,0,0,0,0,0,0,0,0,0
5347013,891,1,0,-1,0,0,0,0,0,0,0,0,0,0
5353543,890,1,1,0,0.211417,146.09,191.164,33.7266,77.9219,-4,0,1,1,0
5360274,891,1,1,0,0.211417,146.09,191.164,33.7266,77.9219,0,0,0,0,0
5367594,895,1,1,0,0.217171,139.773,185.117,45.2969,89.5469,-7,-2,1,1,0
5374577,891,1,1,1,0.261707,4.00098,49.002,7.93555,10.7852,-23,-19,1,1,0
5381742,892,1,1,1,0.213377,4.71973,48.6855,9.01367,11.4492,-24,-19,1,1,0
5388236,895,1,1,0,0.213541,152.461,193.891,39.0469,71.4062,14,22,1,1,0
5394835,894,1,1,0,0.314471,157.48,200.367,34.8828,58.8281,8,24,1,1,0
5402607,893,1,1,0,0.641983,38.625,104.734,28.25,69.2188,-23,-18,1,1,0
5409983,895,1,1,0,0.583203,30.125,92.2031,29.6562,68.5312,-24,-19,1,1,0
5416207,894,1,1,0,0.332202,26.8281,76.2031,31.125,69.7812,-21,-21,1,1,0
5423424,891,1,1,0,0.317003,41.5234,86.7344,30.4531,68.4688,-22,-20,1,1,0
5430276,894,1,1,0,0.427755,55.6602,99.6875,29.2422,69.875,-22,-20,1,1,0
5437256,894,1,1,0,0.564579,196.293,200.742,42.7891,62.0156,22,19,1,1,0
5443840,894,1,1,0,0.422028,92.75,123.375,28.9375,61.9375,-21,-20,1,1,0
5451249,893,1,1,0,0.201185,101.562,134.109,35.3125,63.5938,-23,-20,1,1,0
5457518,894,1,1,0,0.593609,93.5703,123.797,29.7656,65.5938,-21,-21,1,1,0
5465103,892,1,1,0,0.660611,102.75,136.25,37.625,67.25,-23,-20,1,1,0
5472294,890,1,1,0,0.252752,117.422,148.188,37.3125,68.25,-15,-14,1,1,0
5478661,893,1,1,0,0.776284,130.891,161.055,41.9062,69.1094,-6,-4,1,1,0
5485443,893,1,1,0,0.787278,143.949,173.094,43.9922,69.125,0,2,1,1,0
5492924,896,1,1,0,0.44746,152.32,181.594,40.7969,68.5,2,3,1,1,0
5499467,899,1,1,0,0.76524,156.82,183.797,45.1406,67.2188,2,2,1,1,0
5507123,893,1,1,0,0.236872,156.75,182.609,40.8125,67.8438,0,0,1,1,0
5514369,894,1,1,0,0.527803,156.578,182.789,45.6562,65.1406,0,0,1,1,0
5521229,892,1,1,0,0.263409,154.941,179.297,49.0547,67.7812,-1,0,1,1,0
5527495,893,1,1,0,0.69802,156.219,178.438,49.8125,69.1875,0,-2,1,1,0
5534094,894,1,1,0,0.386763,156.891,178.297,48.5312,68.4062,-1,-1,1,1,0
5540894,894,1,1,0,0.312579,156.883,178.203,51.8906,68.9062,0,-1,1,1,0
5548130,892,1,1,0,0.574633,158.289,180.055,50.0156,70.7969,0,-1,1,1,0
5555614,893,1,1,0,0.578448,160.168,180.484,45.7734,71.0312,0,-1,1,1,0
5562347,893,1,1,0,0.404507,159.969,181.297,49.3125,72.0312,0,-1,1,1,0
5569573,893,1,1,0,0.328746,160.93,181.094,47.3594,72.5625,0,-1,1,1,0
5576130,896,1,1,0,0.708213,162.723,181.328,45.2422,71.4062,0,0,1,1,0
5583514,893,1,1,0,0.259636,163.594,181.469,42.6875,70.1875,1,-1,1,1,0
5589816,894,1,1,0,0.5083,163.68,181.672,46.9844,71.4688,0,0,1,1,0
5596957,892,1,1,0,0.424412,164.996,180.984,48.3828,72.7188,1,-1,1,1,0
5604188,894,1,1,0,0.242566,168.367,180.234,43.6406,77.2188,2,-1,1,1,0
5610786,893,1,1,0,0.504394,169.883,181.094,41.0156,73.3125,3,-1,1,1,0
5618842,894,1,1,0,0.615088,170.039,181.797,43.2344,73.4062,2,-1,1,1,0
5624216,893,1,1,0,0.598312,170.977,184,38.5156,69.25,3,0,1,1,0
5631694,890,1,1,0,0.513668,170.867,184.148,36.1094,69.9219,3,0,1,1,0
5638554,896,1,1,0,0.688888,170.289,184.094,37.2344,70.1875,3,0,1,1,0
5645242,893,1,1,0,0.372961,170.672,183.938,38.2188,71.3125,3,0,1,1,0
5653374,894,1,1,0,0.459561,170.227,184.359,36.7344,71.1562,2,0,1,1,0
5659764,894,1,1,0,0.586996,169.773,184.438,34.9219,69.0625,3,0,1,1,0
5666604,892,1,1,0,0.477554,170.043,184.25,34.8047,68.875,3,0,1,1,0
5673388,894,1,1,0,0.475118,169.5,183.828,34.4375,69.8438,2,0,1,1,0
5680801,893,1,1,0,0.557363,169.238,183.172,33.5234,69.4062,3,0,1,1,0
5687230,894,1,1,0,0.594551,168.648,182.672,32.5781,69.4688,2,0,1,1,0
5694278,892,1,1,0,0.433022,168.695,182.078,32.5781,69.3438,2,0,1,1,0
5701355,893,1,1,0,0.470737,168.703,182.062,31.9688,70.625,2,0,1,1,0
5707985,893,1,1,0,0.70902,168.66,181.828,31.8047,70.0938,2,-1,1,1,0
5715586,894,1,1,0,0.561215,168.914,181.844,34.1719,71.9375,2,0,1,1,0
5721780,890,1,1,0,0.731441,169.406,181.586,34.125,70.4219,3,-1,1,1,0
5729020,892,1,1,0,0.244364,169.293,181.109,32.4609,69.3438,2,0,1,1,0
5736166,894,1,1,0,0.216674,168.785,181.297,31.0703,68.2188,2,0,1,1,0
5743017,894,1,1,0,0.735262,167.652,182.688,31.9297,69.875,2,-1,1,1,0
5749941,893,1,1,0,0.66628,167.789,182.891,32.9219,69.4688,2,0,1,1,0
5757563,891,1,1,0,0.238287,168.133,182.617,34.7969,70.2344,2,0,1,1,0
5764199,892,1,1,0,0.590307,168.336,182.75,33.5469,70,2,0,1,1,0
5770662,892,1,1,0,0.470737,167.984,182.562,32.0312,69.4375,2,0,1,1,0
5778228,893,1,1,0,0.532668,168.031,182.625,32.625,71.1875,2,0,1,1,0
5784257,893,1,1,0,0.578924,167.301,183.141,30.2422,69.4688,1,0,1,1,0
5791115,891,1,1,0,0.567457,166.453,183.344,30.3438,66.5,2,0,1,1,0
5798416,893,1,1,0,0.726425,166.086,183.398,30.6719,67.0781,1,0,1,1,0
5805770,895,1,1,0,0.404507,164.699,184.031,30.0234,66.375,1,0,1,1,0
5812603,891,1,1,0,0.75958,163.922,184.125,30.5312,67.8125,1,0,1,1,0
5819619,894,1,1,0,0.512693,163.062,184.547,31.9375,69.8438,0,0,1,1,0
5826943,893,1,1,0,0.756356,162.418,184.414,31.6953,67.5469,0,0,1,1,0
5833475,893,1,1,0,0.767687,161.637,185.023,30.6641,67.0156,0,0,1,1,0
5840793,894,1,1,0,0.350866,161.711,184.953,31.3281,66.4688,0,0,1,1,0
5847201,892,1,1,0,0.589362,159.543,185.047,31.9297,65.7188,0,0,1,1,0
5854262,891,1,1,0,0.446495,158.055,185.422,32.7344,64.5312,0,1,1,1,0
5860997,891,1,1,0,0.342901,158,186.234,31.75,64.4688,0,0,1,1,0
5868825,893,1,1,0,0.463444,155.148,186.5,36.1719,66.375,-1,1,1,1,0
5874941,892,1,1,0,0.544801,154.891,186.141,35.2188,65.5938,-1,0,1,1,0
5881999,894,1,1,0,0.38445,155.723,185.906,31.3672,65.4375,-1,1,1,1,0
5889449,894,1,1,0,0.430626,154.039,185.891,34.6406,65.2812,-1,0,1,1,0
5895397,895,1,1,0,0.343781,154.016,185.609,36.8438,64.9688,-1,1,1,1,0
5902975,893,1,1,0,0.27591,156.188,185.109,34.1875,66.1562,0,0,1,1,0
5909949,893,1,1,0,0.205934,153.047,184.328,37.5938,65.2812,-2,0,1,1,0
5916657,894,1,1,0,0.420124,153.328,183.969,37.5938,66.625,-1,0,1,1,0
5923506,893,1,1,0,0.262841,151.289,183.891,41.4531,67.5312,-2,0,1,1,0
5930582,892,1,1,0,0.444083,150.891,184.109,42.9375,67.5938,-2,0,1,1,0
5937728,895,1,1,0,0.322526,149.305,184.109,39.3594,67.4688,-3,0,1,1,0
5944738,894,1,1,0,0.497559,149.707,183.695,43.3359,67.4844,-3,0,1,1,0
5951227,892,1,1,0,0.460531,153.234,183.422,49.75,68.0312,-1,0,1,1,0
5958289,892,1,1,0,0.422505,157.107,180.086,23.1523,47.6094,0,0,1,1,0
5966147,893,1,1,0,0.520984,155.664,183.594,49.0469,67.8125,-1,0,1,1,0
5972217,891,1,1,0,0.229019,153.875,184.32,44.375,63.4844,-1,0,1,1,0
5979571,893,1,1,0,0.306735,153.734,184.32,42.9062,67.3281,-1,0,1,1,0
5985888,896,1,1,0,0.359815,153.27,185.312,37.3203,63.8125,-1,0,1,1,0
5993071,893,1,1,0,0.352648,153.117,184.625,39.4219,65.6875,-2,0,1,1,0
6000018,892,1,1,0,0.424889,152.555,184.516,39.4844,65.5312,-1,0,1,1,0
6007270,895,1,1,0,0.469277,150.336,183.734,34.0156,62.5938,-3,1,1,1,0
6014044,895,1,1,0,0.328099,150.164,183.469,33.4844,62.0625,-2,0,1,1,0
6021116,894,1,1,0,0.443118,150.242,182.969,33.4531,65.5,-3,0,1,1,0
6028096,895,1,1,0,0.307358,150.453,182.953,34.4688,64.9062,-2,0,1,1,0
6035664,894,1,1,0,0.265499,151.289,184.016,30.9219,64.9062,-2,0,1,1,0
6041848,895,1,1,0,0.492676,151.328,184.312,32.25,64.4375,-2,0,1,1,0
6048948,894,1,1,0,0.426799,151.715,183.953,30.7578,66.5312,-2,0,1,1,0
6055755,894,1,1,0,0.385837,152.445,184.156,31.3594,65.125,-2,0,1,1,0
6063094,891,1,1,0,0.427277,152.469,184.562,30.7188,61.625,-2,0,1,1,0
6069779,895,1,1,0,0.378,152.465,184.719,30.5703,66.25,-2,0,1,1,0
6076456,894,1,1,0,0.208824,152.727,186.781,29.2656,63.8125,-1,1,1,1,0
6083716,894,1,1,0,0.372048,154.727,184.734,30.9531,63.7188,-1,0,1,1,0
6090225,893,1,1,0,0.375706,155.855,184.234,31.3672,65.0938,-1,1,1,1,0
6097314,893,1,1,0,0.578448,156.5,183.391,33.9375,65.1562,-1,0,1,1,0
6104078,894,1,1,0,0.573201,156.477,183.953,33.8594,64.7812,0,0,1,1,0
6111672,894,1,1,0,0.771498,156.375,181.93,36.9688,66.9844,-1,0,1,1,0
6118252,892,1,1,0,0.318273,154.82,182.422,39.6406,65.2188,0,0,1,1,0
6125056,893,1,1,0,0.223376,155.125,184,33.0938,62.6875,-1,0,1,1,0
6131988,894,1,1,0,0.727588,153.684,180.906,34.9141,69.0625,-1,0,1,1,0
6139097,893,1,1,0,0.754552,151.109,180.75,34.5938,68.75,-2,-1,1,1,0
6146315,894,1,1,0,0.743542,150.395,181.016,34.1641,69.4062,-3,0,1,1,0
6153371,893,1,1,0,0.820182,150.441,180.766,32.8203,68.8438,-2,-1,1,1,0
6160223,893,1,1,0,0.690559,150.398,181.719,30.6094,69.5625,-3,0,1,1,0
6166702,892,1,1,0,0.726037,150.312,181.953,31.6875,67.3438,-2,0,1,1,0
6173486,892,1,1,0,0.747248,151.062,182.25,29.875,67.875,-2,0,1,1,0
6180998,892,1,1,0,0.76524,151.988,182.531,30.1641,67.5625,-2,0,1,1,0
6187545,892,1,1,0,0.517571,152.898,182.078,29.8281,68.0312,-2,0,1,1,0
6194656,894,1,1,0,0.500977,152.242,181.969,28.6719,68.3125,-2,-1,1,1,0
6201714,895,1,1,0,0.523908,153.75,181.828,30.9688,70.0938,-1,0,1,1,0
6208718,892,1,1,0,0.226442,154.18,181.852,31.4844,67.1719,-1,0,1,1,0
6216237,893,1,1,0,0.541894,154.422,181.406,31.2812,67.25,-1,0,1,1,0
6222104,894,1,1,0,0.585101,152.402,181.391,30.0078,69.3438,-2,-1,1,1,0
6229245,894,1,1,0,0.470737,152.047,181.141,29.8438,67.9688,-2,0,1,1,0
6237130,894,1,1,0,0.496094,151.961,181.234,30.0469,69.2188,-1,0,1,1,0
6243669,893,1,1,0,0.227814,152.078,181.109,29.3438,68.7812,-2,-1,1,1,0
6250516,892,1,1,0,0.368859,152.832,181.875,31.6484,69.8125,-2,0,1,1,0
6257399,892,1,1,0,0.557845,152.234,181.703,29.0312,68.2188,-2,0,1,1,0
6264346,893,1,1,0,0.647352,152.562,181.719,28.3125,68.75,-1,-1,1,1,0
6271527,892,1,1,0,0.514156,152.555,181.719,28.4844,69.4375,-2,0,1,1,0
6278624,892,1,1,0,0.651354,153.043,181.422,28.4453,70.7812,-1,0,1,1,0
6285301,891,1,1,0,0.31658,152.141,181.547,27.5312,66.3438,-2,-1,1,1,0
6291783,893,1,1,0,0.623836,152.457,182.531,27.5391,68.4375,-2,0,1,1,0
6298846,891,1,1,0,0.713432,151.727,182.891,28.6875,69.7188,-2,0,1,1,0
6306447,893,1,1,0,0.700485,151.898,182.492,29.875,71.8594,-2,0,1,1,0
6313880,895,1,1,0,0.215846,152.387,184.719,29.7734,69.3125,-1,0,1,1,0
6319777,892,1,1,0,0.818448,152.605,184.461,28.4453,68.4844,-2,0,1,1,0
6326581,894,1,1,0,0.518546,152.641,184.5,28.6562,68.0625,-2,0,1,1,0
6334944,894,1,1,0,0.611382,152.121,184.906,30.5703,69.3125,-1,0,1,1,0
6340342,893,1,1,0,0.67405,152.707,184.734,31.3984,69.5312,-2,0,1,1,0
6347400,892,1,1,0,0.713033,153.281,185.359,32.0938,71.0312,-2,0,1,1,0
6354454,892,1,1,0,0.52683,153.289,185.156,32.4531,70.25,-1,0,1,1,0
6361757,893,1,1,0,0.796609,153.266,185.031,31.9688,70.75,-1,0,1,1,0
6368743,893,1,1,0,0.420124,153.227,186.094,32.0469,71.5,-2,0,1,1,0
6375191,895,1,1,0,0.768383,152.703,186.922,33.1562,68.5312,-1,1,1,1,0
6382543,892,1,1,0,0.779322,152.688,187.391,33.2812,67.2812,-2,0,1,1,0
6389275,894,1,1,0,0.78695,152.461,187.359,32.7969,68.5312,-2,1,1,1,0
6396496,894,1,1,0,0.203708,152.547,187.766,34.8438,68.9062,-1,0,1,1,0
6403480,900,1,1,0,0.31195,151.977,187.938,34.0469,67.125,-2,1,1,1,0
6410172,894,1,1,0,0.474631,151.352,187.297,33.6719,67.8438,-2,1,1,1,0
6417443,901,1,1,0,0.410638,150.867,187.641,33.3906,65.9062,-2,0,1,1,0
6424594,894,1,1,0,0.360715,151.219,187.484,33.375,64.8438,-2,1,1,1,0
6431614,893,1,1,0,0.410638,151.684,187.32,33.9297,65.8281,-2,1,1,1,0
6437927,895,1,1,0,0.263978,151.734,187.578,34.2812,66.2188,-2,1,1,1,0
6444593,892,1,1,0,0.268943,152.227,185.953,34.2344,62.3438,-2,1,1,1,0
6452456,892,1,1,0,0.239885,152.43,185.133,38.7344,67.3906,-2,0,1,1,0
6458829,889,1,1,0,0.239885,152.43,185.133,38.7344,67.3906,0,0,0,0,0
6465615,890,1,1,0,0.366136,153.164,183.18,41.3594,66.6094,-1,-1,1,1,0
6472846,893,1,1,0,0.682151,153.461,183.172,42.2344,65.1562,-1,0,1,1,0
6479752,893,1,1,0,0.548674,153.125,183.312,43.5,65.3125,-2,0,1,1,0
6486652,892,1,1,0,0.737538,152.734,183.32,44.4062,64.4531,-1,0,1,1,0
6493697,892,1,1,0,0.668014,152.895,183.016,45.3359,66.0312,-2,0,1,1,0
6500410,893,1,1,0,0.58747,152.898,183.094,49.0781,65.5,-2,0,1,1,0
6507573,894,1,1,0,0.492188,152.641,184.242,40.1562,58.7344,-1,0,1,1,0
6514828,892,1,1,0,0.521959,152.445,185.266,44.6719,61.4688,-2,1,1,1,0
6521343,893,1,1,0,0.32595,154.594,185.047,42.875,61.4688,-1,0,1,1,0
6528350,890,1,1,0,0.438304,153.859,184.125,41.8438,57.25,-1,1,1,1,0
6535364,892,1,1,0,0.340704,153.906,186.461,45.0625,62.0469,-1,1,1,1,0
6542462,892,1,1,0,0.406862,152.562,185.312,43.125,63.625,-2,0,1,1,0
6549001,891,1,1,0,0.692226,156.281,182.25,48.25,66.125,0,0,1,1,0
6555752,895,1,1,0,0.511229,156.125,182.375,53.7188,68.125,-1,0,1,1,0
6563683,892,1,1,0,0.372733,157.734,182.406,52.1875,69.0625,0,-1,1,1,0
6570189,891,1,1,0,0.38122,156.75,183.156,49.5625,67.8125,-1,0,1,1,0
6577102,892,1,1,0,0.538498,156.758,183.203,48.6094,68.3438,0,0,1,1,0
6584151,896,1,1,0,0.235111,156.305,183.672,47.8906,66.6562,0,0,1,1,0
6590737,893,1,1,0,0.81048,154.758,183.281,45.1094,66.8125,-1,0,1,1,0
6597843,890,1,1,0,0.641534,154.402,183.625,47.5078,66.75,-1,0,1,1,0
6605222,893,1,1,0,0.578924,154.492,183.719,46.6406,66.0625,-1,0,1,1,0
6612185,893,1,1,0,0.525369,154.281,183.625,46.875,64.4375,-1,0,1,1,0
6618953,894,1,1,0,0.808371,153.973,183.523,44.5547,66.1094,-1,0,1,1,0
6625941,893,1,1,0,0.764889,153.145,183.359,45.5859,65.9062,-2,0,1,1,0
6632885,892,1,1,0,0.770808,152.906,183.43,44.375,66.0156,-1,0,1,1,0
6639684,895,1,1,0,0.755636,152.551,183.938,44.7734,64.8125,-2,0,1,1,0
6646703,893,1,1,0,0.769771,153.469,184.031,42.5,65.8125,-1,0,1,1,0
6653189,892,1,1,0,0.558327,153.586,183.906,42.0469,67.3125,-1,0,1,1,0
6660364,894,1,1,0,0.648243,154.203,183.742,40.6562,66.5156,-2,0,1,1,0
6667411,893,1,1,0,0.791176,154.031,184.242,40,66.1406,-1,0,1,1,0
6674529,893,1,1,0,0.690977,153.75,185.438,37.5625,66.875,-1,0,1,1,0
6681451,894,1,1,0,0.350866,153.266,184.094,33.2188,66.6875,-1,0,1,1,0
6687910,892,1,1,0,0.278257,153.367,183.828,34.3281,63.0938,-2,0,1,1,0
6694934,894,1,1,0,0.468304,154.551,184.125,30.6484,64.9375,-1,1,1,1,0
6702449,892,1,1,0,0.532182,154.672,184.891,31.4375,67.4688,-1,0,1,1,0
6709344,891,1,1,0,0.622459,155.648,184.328,30.8594,67.9062,-1,0,1,1,0
6716871,891,1,1,0,0.438304,156.594,184.547,27.0312,57.8438,0,0,1,1,0
6722668,892,1,1,0,0.68342,156.355,184.43,28.6641,62.4219,-1,1,1,1,0
6730061,893,1,1,0,0.553505,158.145,185.453,25.1484,58.0938,0,1,1,1,0
6736451,891,1,1,0,0.454714,157.666,185.438,25.082,57.125,0,1,1,1,0
6743899,892,1,1,0,0.357568,160.844,186.391,21.3438,53.5938,0,2,1,1,0
6750935,892,1,1,0,0.291787,158.047,181.641,28.7188,65.0312,0,0,1,1,0
6757430,893,1,1,0,0.283384,159.422,180.75,25.3438,65.625,0,-1,1,1,0
6764636,894,1,1,0,0.284973,159.438,181.141,28.0312,63.9688,0,0,1,1,0
6771426,893,1,1,0,0.305697,159.773,180.5,28.3906,65.875,0,0,1,1,0
6778613,894,1,1,0,0.413004,159.16,179.969,31.3047,68.25,0,-1,1,1,0
6785786,889,1,1,0,0.413004,159.16,179.969,31.3047,68.25,0,-1,0,0,0
6792386,893,1,1,0,0.265308,158.93,179.352,31.8594,67.2656,0,-1,1,1,0
6799095,892,1,1,0,0.673621,159.273,179.578,31.5781,69.0938,0,-1,1,1,0
6806638,892,1,1,0,0.248535,158.531,181.578,31.625,66.3438,0,0,1,1,0
6813937,894,1,1,0,0.693888,158.43,181.906,32.2344,64.4375,0,0,1,1,0
6820474,891,1,1,0,0.322739,158.176,184.523,29.8359,60.9531,0,0,1,1,0
6827073,892,1,1,0,0.519034,157.43,184.156,30.8906,61.75,0,1,1,1,0
6834545,892,1,1,0,0.600188,157.367,184.125,30.7969,62.5312,-1,0,1,1,0
6841582,894,1,1,0,0.600657,157.711,184.281,31.0156,61.125,0,0,1,1,0
6849080,893,1,1,0,0.445529,157.711,182.375,31.3281,66.1875,0,0,1,1,0
6855175,892,1,1,0,0.766641,157.992,181.336,30.6094,67.1719,0,0,1,1,0
6862091,892,1,1,0,0.781997,157.609,182.031,30.625,65.375,0,0,1,1,0
6869196,892,1,1,0,0.814053,157.727,181.961,30.8281,66.5156,-1,0,1,1,0
6875496,892,1,1,0,0.733738,158.375,182.219,29.6875,66.25,0,0,1,1,0
6882959,894,1,1,0,0.656219,158.168,181.977,29.8203,66.4531,0,0,1,1,0
6889304,894,1,1,0,0.408749,159.219,181.938,29.6875,66.625,0,-1,1,1,0
6896599,894,1,1,0,0.669312,159.012,182,29.5391,65.625,0,0,1,1,0
6903706,893,1,1,0,0.485844,159.07,182.188,30.6719,65.375,0,0,1,1,0
6910524,891,1,1,0,0.677901,159.031,182.906,28.7812,66.125,0,0,1,1,0
6917891,894,1,1,0,0.668447,158.957,182.688,28.3203,65.625,0,0,1,1,0
6924416,899,1,1,0,0.787604,158.77,182.727,30.2734,66.4531,0,0,1,1,0
6931621,895,1,1,0,0.817283,158.633,182.656,29.4219,66,0,0,1,1,0
6938597,893,1,1,0,0.775945,158.43,183.031,29.4844,66.0625,0,0,1,1,0
6945210,893,1,1,0,0.69181,157.977,183.164,30.2969,64.7969,0,0,1,1,0
6952383,893,1,1,0,0.653569,157.578,184.289,30.6562,62.9219,-1,0,1,1,0
6959123,893,1,1,0,0.657099,158.047,184.688,29.2188,61.125,0,0,1,1,0
6966309,893,1,1,0,0.686371,157.438,183.797,31.8438,65.0938,0,0,1,1,0
6972854,892,1,1,0,0.226442,157.934,183.891,32.2422,63.3438,0,1,1,1,0
6979995,893,1,1,0,0.461017,158.102,185.945,32.2656,59.4844,0,1,1,1,0
6987442,894,1,1,0,0.557845,157.773,185.609,32.6406,61.9062,-1,0,1,1,0
6994204,894,1,1,0,0.345546,157.5,185.234,34.125,64.0938,0,1,1,1,0
7001020,894,1,1,0,0.258886,157.062,182.031,35.9062,66.3125,0,0,1,1,0
7008097,894,1,1,0,0.572723,157.062,183.188,36.3125,67.8125,-1,0,1,1,0
7015035,893,1,1,0,0.281998,155.977,184.336,40.0156,64.3906,0,0,1,1,0
7021885,893,1,1,0,0.412057,157.914,183,38.0781,67.5,0,0,1,1,0
7028687,894,1,1,0,0.373875,157.945,183.352,43.4219,67.9219,-1,0,1,1,0
7036486,894,1,1,0,0.635223,157.656,182.109,45.7188,69.4688,0,0,1,1,0
7042684,892,1,1,0,0.510253,157.902,181.289,41.9297,67.5156,0,0,1,1,0
7050265,892,1,1,0,0.251096,157.539,179.352,39.8906,63.3281,0,-1,1,1,0
7056403,892,1,1,0,0.211906,157.715,178.531,39.3047,63.5625,0,0,1,1,0
7063272,893,1,1,0,0.213213,159.312,172.664,32.7812,50.8281,0,-1,1,1,0
7070420,889,1,1,0,0.213213,159.312,172.664,32.7812,50.8281,0,-1,0,0,0
7077720,893,1,1,0,0.243284,156.117,169.797,30.0156,51.8438,0,-2,1,1,0
7085246,892,1,1,0,0.220342,148.605,165.312,26.2734,47.5,-4,-4,1,1,0
7091186,891,1,1,0,0.220342,148.605,165.312,26.2734,47.5,-3,-2,0,0,0
7098013,893,1,1,1,0.31195,129.662,127.771,8.83203,9.83984,-18,-17,1,1,0
7105322,892,1,1,0,0.496094,116.062,144.352,48.625,66.0781,-22,-21,1,1,0
7112488,888,1,1,0,0.496094,116.062,144.352,48.625,66.0781,-9,-8,0,0,0
7119538,890,1,1,0,0.496094,116.062,144.352,48.625,66.0781,-8,-6,0,0,0
7125842,891,1,1,0,0.496094,116.062,144.352,48.625,66.0781,-7,-6,0,0,0
7133046,894,1,1,0,0.340704,42.9141,99.9531,30.9531,49.2188,-25,-17,1,1,0
7140217,894,1,1,0,0.736781,298.336,204.508,43.2969,118.516,29,4,1,1,0
7147133,891,1,1,0,0.782663,280.641,193.922,41.2812,114.531,30,1,1,1,0
7154291,892,1,1,0,0.782663,280.641,193.922,41.2812,114.531,-3,3,0,0,0
7161381,893,1,1,0,0.804713,227.406,169.852,43,94.3281,14,-11,1,1,0
7168059,894,1,1,0,0.751648,188.898,170.867,43.8594,113.391,-8,-16,1,1,0
7175081,893,1,1,0,0.841567,170.172,164.5,44.9062,116.562,-11,-21,1,1,0
7181896,892,1,1,0,0.861302,146.125,165.125,44.8125,117.375,-22,-20,1,1,0
7188538,892,1,1,0,0.830867,137.078,170.266,44.6562,116.719,-20,-14,1,1,0
7195712,892,1,1,0,0.834676,131.633,175.836,44.3906,107.953,-18,-7,1,1,0
7202754,894,1,1,0,0.819605,135.992,178.906,44.6094,99.6875,-12,-4,1,1,0
7209815,893,1,1,0,0.818448,143.66,183.039,45.2266,91.9531,-6,-1,1,1,0
7216275,893,1,1,0,0.808371,141.375,183.203,45.2188,92.3438,-6,-2,1,1,0
7223093,893,1,1,0,0.86408,149.297,184.438,46.7188,93.125,-3,-1,1,1,0
7230266,894,1,1,0,0.74577,153.359,183.898,49.9062,91.8281,-1,-2,1,1,0
7237554,894,1,1,0,0.717408,159.27,186.258,49.1016,92.4844,1,-1,1,1,0
7244442,891,1,1,0,0.578924,161.828,186.992,49.5,92.7656,1,-2,1,1,0
7251920,892,1,1,0,0.830318,164.266,187.055,50.1562,90.2344,1,0,1,1,0
7257931,889,1,1,0,0.811378,164.621,186.867,50.0078,89.2344,1,-1,1,1,0
7265343,892,1,1,0,0.814349,166.672,188.578,50.5938,86.9688,1,0,1,1,0
7272140,893,1,1,0,0.797557,166.969,189.328,51.25,86.3438,2,0,1,1,0
7278673,893,1,1,0,0.830318,167.742,188.984,51.1406,86.3438,1,0,1,1,0
7286057,892,1,1,0,0.787604,168.891,189.266,51.8438,86.6562,2,0,1,1,0
7292940,893,1,1,0,0.76524,168.996,188.984,52.1328,86.2188,3,0,1,1,0
7300023,892,1,1,0,0.804406,170.32,188.469,55.8594,87.4375,2,0,1,1,0
7306916,892,1,1,0,0.804406,171.156,188.211,56.5312,86.3281,3,0,1,1,0
7314258,897,1,1,0,0.809879,171.016,188.375,54.9062,86.5625,3,0,1,1,0
7320634,892,1,1,0,0.818448,172.039,188.266,56.0469,86.5312,3,0,1,1,0
7327534,895,1,1,0,0.813165,173.469,188.148,52.75,86.4531,4,-1,1,1,0
7334614,890,1,1,0,0.847717,173.297,188.391,54.9062,86.1562,4,0,1,1,0
7341337,893,1,1,0,0.834676,173.488,188.438,52.2266,86.3125,4,0,1,1,0
7348517,893,1,1,0,0.823043,173.539,188.75,53.0469,86.5,4,0,1,1,0
7354940,892,1,1,0,0.716616,172.984,189.125,54.2812,87.25,4,0,1,1,0
7362495,893,1,1,0,0.716219,172.391,189.562,54.4688,86.25,4,0,1,1,0
7369046,893,1,1,0,0.82699,169.867,189.25,51.5469,87.25,3,0,1,1,0
7377062,892,1,1,0,0.759937,171.398,188.711,53.0469,87.4531,3,0,1,1,0
7383731,892,1,1,0,0.797872,171.324,188.781,52.2109,86.9375,3,0,1,1,0
7389761,892,1,1,0,0.811975,171.5,188.602,52.3438,87.2969,3,0,1,1,0
7396840,895,1,1,0,0.702938,172.418,188.375,53.2266,87.75,4,0,1,1,0
7403936,893,1,1,0,0.736022,172.23,188.508,51.5859,88.0156,3,-1,1,1,0
7411109,893,1,1,0,0.808975,172.305,188.578,51.2031,87.3438,4,0,1,1,0
7418114,893,1,1,0,0.808068,172.352,188.617,53.0469,86.3906,3,0,1,1,0
7424797,894,1,1,0,0.713831,172.035,188.312,51.9922,87,4,0,1,1,0
7432362,892,1,1,0,0.72448,172.027,188.023,53.0703,86.7344,3,0,1,1,0
7439267,891,1,1,0,0.736402,171.938,187.609,51.25,88.2188,4,-1,1,1,0
7445480,901,1,1,0,0.7773,171.961,187.406,50.0156,88.6875,3,0,1,1,0
7453105,893,1,1,0,0.766291,171.918,186.891,50.7109,88.5938,3,-1,1,1,0
7459403,894,1,1,0,0.799755,171.93,186.898,52.1719,89.4219,4,-1,1,1,0
7466709,891,1,1,0,0.794704,171.953,186.773,51.5312,89.8281,3,-1,1,1,0
7473841,892,1,1,0,0.809277,172.133,186.773,50.0469,89.5469,4,0,1,1,0
7480367,894,1,1,0,0.750918,172.203,186.742,47.7188,90.0156,3,-1,1,1,0
7487656,890,1,1,0,0.656219,171.578,186.719,47.9375,90.1875,4,-1,1,1,0
7493842,894,1,1,0,0.744657,171.055,186.773,48.3281,89.8281,3,-1,1,1,0
7501255,892,1,1,0,0.84364,170.848,186.969,48.3203,90.4375,3,-1,1,1,0
7508001,892,1,1,0,0.84822,170.727,187.008,48.1719,88.3594,3,-1,1,1,0
7515262,894,1,1,0,0.721743,170.961,187.172,47.3594,87.6562,3,0,1,1,0
7521617,894,1,1,0,0.501465,170.344,187.508,46.6875,87.8594,3,-1,1,1,0
7528967,893,1,1,0,0.805633,170.418,188.391,45.2734,86.3438,3,0,1,1,0
7535951,893,1,1,0,0.840523,170.438,187.812,46.25,89.375,2,-1,1,1,0
7543410,894,1,1,0,0.778986,170.875,188.961,43.0625,87.1719,3,0,1,1,0
7549583,893,1,1,0,0.769771,171.059,189.055,42.8672,87.8594,3,0,1,1,0
7557151,891,1,1,0,0.21305,171.758,189.531,44.6406,87.3125,3,0,1,1,0
7563546,894,1,1,0,0.744657,171.781,189.656,42.25,86,4,0,1,1,0
7571543,893,1,1,0,0.759223,171.715,189.562,41.5547,86.75,3,0,1,1,0
7578063,893,1,1,0,0.75958,171.824,189.797,42.0234,85.5938,3,0,1,1,0
7584439,893,1,1,0,0.356672,170.664,193.977,40.9531,78.0469,3,2,1,1,0
7591981,892,1,1,0,0.401688,170.82,195.383,39.7656,74.3594,3,3,1,1,0
7599177,893,1,1,0,0.25423,172.547,197.266,42.9062,70.0312,4,5,1,1,0
7605395,893,1,1,0,0.238641,171.594,196.578,41.4375,71.4062,3,3,1,1,0
7612663,897,1,1,0,0.319758,171.188,189.156,42.25,85.6875,3,-1,1,1,0
7620198,891,1,1,0,0.567457,170.555,187.281,42.2031,89,3,-2,1,1,0
7626234,890,1,1,0,0.818448,170.328,186.359,41.1875,90.7188,3,-1,1,1,0
7633403,893,1,1,0,0.765591,170.258,186.07,41.9844,90.4844,3,-2,1,1,0
7641317,895,1,1,0,0.708213,170.57,187.008,41.4531,89.1094,3,0,1,1,0
7647025,893,1,1,0,0.710227,170.055,188.031,41.6094,85.9375,2,-1,1,1,0
7654769,894,1,1,0,0.616012,170.078,188.297,42.3125,85.6562,3,0,1,1,0
7661334,892,1,1,0,0.637031,170.055,188.422,42.0469,84.6562,3,0,1,1,0
7668699,892,1,1,0,0.81582,169.836,188.875,42.1406,86.375,2,0,1,1,0
7675637,894,1,1,0,0.811677,169.891,188.891,41.7812,86.3438,3,0,1,1,0
7681517,893,1,1,0,0.453262,169.836,188.766,43.2031,85.2188,2,0,1,1,0
7688527,894,1,1,0,0.801936,170.039,189.094,42.7656,86.3125,3,0,1,1,0
7695498,892,1,1,0,0.810179,170.125,189.109,43.25,86.9688,3,0,1,1,0
7702863,893,1,1,0,0.823611,170.98,189.547,44.9609,85.7812,3,0,1,1,0
7710215,893,1,1,0,0.86408,170.773,189.922,45.3281,86.4688,2,0,1,1,0
7716578,892,1,1,0,0.847717,170.191,189.844,46.2578,86.4375,3,0,1,1,0
7723468,898,1,1,0,0.844154,169.934,190.188,45.9297,85.4375,3,0,1,1,0
7731693,895,1,1,0,0.815233,169.973,190.117,47.4453,85.5156,3,0,1,1,0
7737789,893,1,1,0,0.822474,170.594,190.172,46.8125,86.3438,2,0,1,1,0
7744972,894,1,1,0,0.814938,170.504,190.125,47.6328,85.75,3,0,1,1,0
7752305,894,1,1,0,0.845179,170.176,190.172,46.8516,85.0938,3,0,1,1,0
7758733,891,1,1,0,0.772873,169.953,190.094,46.9688,84.8125,2,0,1,1,0
7765632,893,1,1,0,0.81048,169.887,189.891,47.8984,86.5312,3,0,1,1,0
7772229,893,1,1,0,0.840523,170.297,189.734,48.5312,86.5312,3,0,1,1,0
7779695,893,1,1,0,0.843124,171.008,189.664,48.8906,85.5781,3,0,1,1,0
7785894,892,1,1,0,0.773558,170.797,189.594,48.7188,84.9375,3,0,1,1,0
7793188,892,1,1,0,0.79053,170.941,189.609,49.1172,85.5312,2,0,1,1,0
7799859,892,1,1,0,0.846199,171.227,189.773,48.9844,85.5469,4,0,1,1,0
7806981,894,1,1,0,0.846199,171.422,189.75,48.7188,85.125,3,0,1,1,0
7814639,892,1,1,0,0.854156,172.117,189.328,47.4531,85.9062,3,0,1,1,0
7820760,894,1,1,0,0.858953,171.207,189.438,48.4141,85.3125,3,0,1,1,0
7828061,892,1,1,0,0.852201,171.152,189.391,48.5547,85.1562,3,0,1,1,0
7834785,889,1,1,0,0.849722,171.602,189.422,49.3281,85.7188,4,0,1,1,0
7842296,893,1,1,0,0.844154,172.266,189.25,49.75,85.75,3,0,1,1,0
7848265,894,1,1,0,0.774924,172.301,189.148,48.9766,85.5781,3,0,1,1,0
7855493,894,1,1,0,0.814938,171.434,189.844,48.2422,85.1875,4,0,1,1,0
7862773,893,1,1,0,0.739047,171.766,189.891,48.8438,86.4688,3,0,1,1,0
7869435,893,1,1,0,0.698843,171.699,190.016,51.1484,86.4688,3,0,1,1,0
7876941,892,1,1,0,0.620622,171.457,189.75,51.0859,83.875,4,0,1,1,0
7883568,891,1,1,0,0.698432,170.527,189.219,53.0547,86.3125,3,0,1,1,0
7890413,893,1,1,0,0.70619,170.973,189.281,50.9453,86.4375,3,0,1,1,0
7897754,892,1,1,0,0.4436,170.105,189.508,54.0859,86.2344,3,0,1,1,0
7904414,892,1,1,0,0.575588,170.039,189.445,52.3594,84.9531,2,0,1,1,0
7911946,894,1,1,0,0.335895,169.305,189.141,52.5469,85.7188,3,0,1,1,0
7918465,893,1,1,0,0.74872,169.25,188.844,52.1562,86.6875,2,0,1,1,0
7925210,893,1,1,0,0.607663,169.324,188.414,51.3516,86.1406,3,0,1,1,0
7932679,894,1,1,0,0.644672,169.32,188.406,51.0469,85.9375,2,0,1,1,0
7939108,892,1,1,0,0.814053,169.852,187.758,50.2344,86.7656,2,0,1,1,0
7946373,895,1,1,0,0.652684,169.699,187.68,50.3359,86.6094,3,-1,1,1,0
7952823,894,1,1,0,0.404037,169.723,187.664,50.5703,86.6719,2,0,1,1,0
7960119,892,1,1,0,0.743169,170.152,187.141,49.0703,87.8438,3,0,1,1,0
7966388,889,1,1,0,0.800692,168.453,187.875,49.5,87.25,2,-1,1,1,0
7973589,893,1,1,0,0.710227,170.883,187.828,48.0469,85.9062,3,0,1,1,0
7980708,892,1,1,0,0.479016,171.613,187.523,47.4766,87.9531,3,-1,1,1,0
7988014,893,1,1,0,0.819605,172.109,187.656,46,86.25,3,0,1,1,0
7994515,893,1,1,0,0.789233,171.887,188.344,45.3984,87.3125,4,0,1,1,0
8001513,893,1,1,0,0.404507,172,188.25,45.75,87.25,3,0,1,1,0
8008756,892,1,1,0,0.730675,172.094,188.133,45.2188,87.7656,3,-1,1,1,0
8015573,894,1,1,0,0.622459,170.812,188.359,45,87.4062,4,0,1,1,0
8022462,893,1,1,0,0.760293,170.828,187.273,44.9375,89.0469,3,0,1,1,0
8029658,893,1,1,0,0.79534,170.461,187.656,47.1719,87.3125,3,-1,1,1,0
8036369,893,1,1,0,0.754552,170.477,187.859,44.9844,87.6562,2,0,1,1,0
8043296,892,1,1,0,0.655778,170.32,187.938,42.9844,87.25,3,-1,1,1,0
8050118,895,1,1,0,0.737159,170.359,187.844,42.8438,87.4375,3,0,1,1,0
8057924,895,1,1,0,0.478041,170.875,188.258,41.5625,87.3906,3,0,1,1,0
8064019,894,1,1,0,0.648243,171.16,188.539,43.0703,86.8281,3,0,1,1,0
8070962,893,1,1,0,0.779322,171.172,188.641,43.5938,86.6562,3,-1,1,1,0
8078520,893,1,1,0,0.531696,170.953,189,43.6562,85.25,3,0,1,1,0
8085291,893,1,1,0,0.502441,169.141,189.875,42.4062,83.25,2,0,1,1,0
8091769,894,1,1,0,0.302804,170.109,190.453,43.4062,83.0938,3,0,1,1,0
8098571,893,1,1,0,0.47025,169.844,190.438,43.6562,82.875,3,0,1,1,0
8105640,891,1,1,0,0.811677,169.688,191.188,44.625,81.6875,2,0,1,1,0
8113439,892,1,1,0,0.769078,169.914,191.578,43.0156,81.9062,3,1,1,1,0
8119482,900,1,1,0,0.802556,169.688,191.586,43.7188,82.3281,2,0,1,1,0
8126622,890,1,1,0,0.839998,170.645,192.039,42.7891,82.5781,3,1,1,1,0
8133361,891,1,1,0,0.645119,169.98,192.328,45.4766,81.9062,3,0,1,1,0
8140530,894,1,1,0,0.796925,170.375,192.43,45.9375,81.3906,2,1,1,1,0
8147868,892,1,1,0,0.781331,170.289,192.094,44.9844,81.1875,3,0,1,1,0
8154788,892,1,1,0,0.801626,169.766,192.234,45.0938,80.2188,3,1,1,1,0
8161661,892,1,1,0,0.66628,169.164,192.328,46.0469,80.1562,2,1,1,1,0
8168572,891,1,1,0,0.635675,168.109,192.414,47.4062,80.6406,2,1,1,1,0
8175439,891,1,1,0,0.721743,167.695,192.297,47.3906,80.5312,2,0,1,1,0
8182624,891,1,1,0,0.776963,167.328,192.352,50.4688,80.9531,2,1,1,1,0
8189556,892,1,1,0,0.703753,167.352,192.32,50.7969,83.0156,2,1,1,1,0
8196417,894,1,1,0,0.539954,167.016,193.312,51.2188,82.25,1,0,1,1,0
8203332,892,1,1,0,0.61832,168.359,191.906,51.4062,81.4375,2,1,1,1,0
8210385,891,1,1,0,0.676192,167.141,191.055,52.8438,81.3281,2,0,1,1,0
8217074,894,1,1,0,0.768731,167.816,191.055,54.3047,82.1094,1,0,1,1,0
8223806,893,1,1,0,0.742049,168.277,190.703,51.6953,80.9062,2,1,1,1,0
8231654,893,1,1,0,0.271059,168.199,190.594,53.9766,81.6875,2,0,1,1,0
8237794,892,1,1,0,0.305076,167.375,192.508,55.5,77.8594,2,1,1,1,0
8245480,894,1,1,0,0.740551,168.355,191.398,54.0234,79.5469,2,1,1,1,0
8251710,891,1,1,0,0.81048,167.406,191.078,55.375,81.4062,1,0,1,1,0
8258597,892,1,1,0,0.814938,167.125,190.656,52.9062,81.5625,2,0,1,1,0
8265705,893,1,1,0,0.201971,167.074,189.719,53.3516,80.9375,2,0,1,1,0
8272512,895,1,1,0,0.764889,167.094,189.641,53,79.9688,1,0,1,1,0
8279954,893,1,1,0,0.710227,167.562,189.609,54.5625,80.9688,2,0,1,1,0
8286801,893,1,1,0,0.658857,167.578,190.172,54.2812,78.7188,1,1,1,1,0
8293303,894,1,1,0,0.775265,168.207,189.406,53.2891,79.5625,2,0,1,1,0
8300358,892,1,1,0,0.74651,169.207,188.891,54.3359,79.6562,2,0,1,1,0
8307344,893,1,1,0,0.794066,169.055,188.891,54.5469,80.0312,3,0,1,1,0
8314564,895,1,1,0,0.727975,169.008,188.617,55.9844,78.9219,2,0,1,1,0
8321046,894,1,1,0,0.771842,169.617,188.82,59.6094,80.4844,2,0,1,1,0
8328426,893,1,1,0,0.784979,169.508,188.844,57.9219,80.1875,2,0,1,1,0
8335187,892,1,1,0,0.838945,169.68,189,58.1406,81.125,3,0,1,1,0
8342137,892,1,1,0,0.775605,169.77,189.055,57.7734,81.2344,2,0,1,1,0
8349329,895,1,1,0,0.813165,170.109,189.172,58,81.3438,3,0,1,1,0
8355896,891,1,1,0,0.865451,169.512,189.32,56.5234,82.3906,2,0,1,1,0
8363211,890,1,1,0,0.68595,169.379,189.203,56.6172,80.7188,3,0,1,1,0
8369805,890,1,1,0,0.853669,167.43,189.555,54.6719,82.3594,2,0,1,1,0
8376837,891,1,1,0,0.819605,168.336,189.555,55.2031,82.4219,2,0,1,1,0
8383755,891,1,1,0,0.838945,168.266,189.656,55.3438,84.5625,2,0,1,1,0
8390958,891,1,1,0,0.80502,167.656,189.359,54.0312,85.4688,2,0,1,1,0
8397477,893,1,1,0,0.799129,168.18,189.312,54.6406,86.0625,1,0,1,1,0
8405044,893,1,1,0,0.819027,168.383,189.359,53.9219,86.0938,2,0,1,1,0
8411763,893,1,1,0,0.75274,168.156,188.867,51.9375,84.7344,2,0,1,1,0
8418600,894,1,1,0,0.609059,168.676,188.188,52.3359,83.625,2,0,1,1,0
8425363,893,1,1,0,0.768036,168.984,188.406,52.6562,85.4375,2,0,1,1,0
8432457,892,1,1,0,0.693058,169.242,187.977,52.1406,84.5781,3,0,1,1,0
8439238,893,1,1,0,0.834136,169.781,187.938,51.75,86.125,2,0,1,1,0
8446231,891,1,1,0,0.851211,170.508,187.648,49.0781,85.7969,3,-1,1,1,0
8453875,892,1,1,0,0.852201,170.633,187.984,48.3906,86.7812,3,0,1,1,0
8460488,892,1,1,0,0.814053,170.645,188.031,46.9766,86.6875,2,0,1,1,0
8467180,894,1,1,0,0.726425,170.887,188.008,46.6016,86.2656,3,0,1,1,0
8474013,894,1,1,0,0.638384,171,187.969,45.8438,85.9375,3,-1,1,1,0
8481147,893,1,1,0,0.811378,171.02,187.93,45.1641,86.7656,3,0,1,1,0
8487874,894,1,1,0,0.829767,171.117,187.891,44.6094,86.1562,3,0,1,1,0
8494811,894,1,1,0,0.820757,170.32,187.516,44.1094,84.7188,3,0,1,1,0
8501832,893,1,1,0,0.689306,169.914,187.641,44.6094,85.2188,3,-1,1,1,0
8508865,894,1,1,0,0.743169,170.25,187.82,40.625,87.0156,3,0,1,1,0
8515929,892,1,1,0,0.82133,170.594,187.898,39.4375,85.9219,2,0,1,1,0
8522594,903,1,1,0,0.774924,169.086,188.766,40.4219,84.7188,3,0,1,1,0
8529692,893,1,1,0,0.788583,170.016,188.586,41.8438,84.7344,2,0,1,1,0
8536938,894,1,1,0,0.742423,168.805,189.297,41.5781,86.9062,3,0,1,1,0
8543648,892,1,1,0,0.842606,169.523,189.391,41.5156,86.0938,2,0,1,1,0
8550623,893,1,1,0,0.775605,170.199,188.938,43.3984,85.6875,3,0,1,1,0
8557864,893,1,1,0,0.733356,169.852,189.062,43.0469,85.125,2,0,1,1,0
8564849,894,1,1,0,0.733356,168.352,189.547,41.5781,86.9062,2,0,1,1,0
8571897,894,1,1,0,0.814349,169.102,189.227,41.4219,84.8281,3,0,1,1,0
8578904,895,1,1,0,0.330688,169.805,188.984,40.5469,85.4688,2,0,1,1,0
8585307,892,1,1,0,0.803483,169.367,189.781,40.7344,81,2,0,1,1,0
8592119,894,1,1,0,0.841567,166.664,190.438,42.7031,82.5,2,0,1,1,0
8599010,893,1,1,0,0.824743,164.953,191.078,43.6875,83.6562,1,0,1,1,0
8606161,892,1,1,0,0.390011,163.5,191.625,44.375,82.625,0,0,1,1,0
8613429,893,1,1,0,0.76699,161.766,192.453,44.25,84.4688,0,1,1,1,0
8620350,892,1,1,0,0.698843,161.711,192.641,44.4219,83.8438,0,0,1,1,0
8626948,892,1,1,0,0.637031,161.426,192.938,42.7891,83,0,1,1,1,0
8634323,892,1,1,0,0.74614,161.203,193.078,45.8438,83.8438,0,1,1,1,0
8640794,896,1,1,0,0.727975,162.824,192.625,45.0391,84,1,0,1,1,0
8647808,894,1,1,0,0.726037,162.453,192.891,43.3125,84.3438,0,1,1,1,0
8654613,896,1,1,0,0.617397,162.875,192.266,44.9375,83.2812,0,0,1,1,0
8661776,892,1,1,0,0.74651,162.602,191.859,44.1094,81.7188,1,1,1,1,0
8668595,894,1,1,0,0.57081,162.852,191.031,44.6094,81.4375,0,0,1,1,0
8675905,892,1,1,0,0.764186,162.82,191.016,45.6094,81.9688,0,0,1,1,0
8682230,892,1,1,0,0.75274,162.922,191.297,44.6562,82.8438,1,0,1,1,0
8689103,893,1,1,0,0.206414,163.023,191.422,45.9219,82.4688,0,1,1,1,0
8696128,892,1,1,0,0.847212,162.117,191.047,45.8281,82.3438,0,0,1,1,0
8703496,893,1,1,0,0.762775,161.906,191.016,44.5625,81.1562,0,0,1,1,0
8711027,893,1,1,0,0.393269,162.953,191.023,44.5938,83.4531,1,0,1,1,0
8716879,893,1,1,0,0.244004,161.078,191.07,44.5,83.8594,0,1,1,1,0
8723881,893,1,1,0,0.705785,161.434,190.906,44.1484,82.5625,0,0,1,1,0
8731113,894,1,1,0,0.714628,161.648,190.945,45.3281,83.0156,0,0,1,1,0
8738030,894,1,1,0,0.743169,159.738,190.625,46.0859,83.4375,0,0,1,1,0
8744917,895,1,1,0,0.822474,158.312,190.188,47.75,83.25,0,0,1,1,0
8751977,890,1,1,0,0.648243,156.742,190.422,49.8281,83.9688,0,0,1,1,0
8758923,893,1,1,0,0.721743,155.984,190.219,47.9062,83.75,-1,0,1,1,0
8765547,893,1,1,0,0.735642,154.953,189.938,46.2812,83.1875,-1,0,1,1,0
8772726,893,1,1,0,0.837355,155.031,189.859,47.5,83.0938,-1,0,1,1,0
8779771,892,1,1,0,0.72448,154.078,190.625,49.0938,84.4375,-1,0,1,1,0
8786826,893,1,1,0,0.728748,152.207,190.906,48.7109,83.6875,-1,0,1,1,0
8793437,894,1,1,0,0.799442,150.375,190.375,53.5625,84,-3,0,1,1,0
8800454,896,1,1,0,0.704567,147.758,190.266,53.1719,82.9062,-3,1,1,1,0
8807412,893,1,1,0,0.38769,146.195,190.25,49.2344,81.75,-4,0,1,1,0
8814723,891,1,1,0,0.342901,146.039,189.984,48.6719,81.4688,-4,0,1,1,0
8821246,891,1,1,0,0.739424,149.445,189.047,46.6406,83.0312,-4,0,1,1,0
8828355,894,1,1,0,0.610454,148.008,189.156,45.5469,82.5625,-3,0,1,1,0
8835233,892,1,1,0,0.69181,151.605,189.438,48.9609,84,-2,0,1,1,0
8842264,893,1,1,0,0.781997,149.438,189.156,47.0938,84,-3,0,1,1,0
8849673,894,1,1,0,0.731441,150.898,189.219,44.8906,83.3125,-3,0,1,1,0
8856476,893,1,1,0,0.761359,150.098,189.312,43.3672,83.25,-2,0,1,1,0
8863272,893,1,1,0,0.82643,152.977,189.602,44.5781,84.5156,-2,0,1,1,0
8870189,895,1,1,0,0.435421,150.453,189,43.0938,83.125,-2,0,1,1,0
8877139,892,1,1,0,0.819027,150.195,189.055,44.1406,83.1406,-2,0,1,1,0
8883856,895,1,1,0,0.788257,151.117,189.938,43.8906,84.625,-3,0,1,1,0
8890801,893,1,1,0,0.560253,149.977,189.234,43.7031,83.6562,-2,0,1,1,0
8897751,893,1,1,0,0.821903,151.445,189.398,43.7344,84.9219,-2,0,1,1,0
8903068,894,1,1,0,0.81582,150.949,188.812,41.2266,85.5625,-3,0,1,1,0
8909097,891,1,1,0,0.81582,150.922,188.719,42.0312,84.25,-2,0,1,1,0
8916536,893,1,1,0,0.839472,150.781,188.625,40.6875,84.1875,-2,0,1,1,0
8922249,892,1,1,0,0.831416,151.344,188.625,40.875,84.375,-2,0,1,1,0
8928880,894,1,1,0,0.680879,151.102,188.281,39.5781,86.125,-2,0,1,1,0
8936391,893,1,1,0,0.663669,149.438,188.297,38.6875,86.4062,-3,0,1,1,0
8942996,891,1,1,0,0.823043,149.469,188.273,40.6562,85.9531,-3,0,1,1,0
8951262,893,1,1,0,0.858004,149.719,188.336,39.625,86.5469,-3,-1,1,1,0
8956557,893,1,1,0,0.851705,150.086,188.125,39.4844,86.75,-2,0,1,1,0
8963533,896,1,1,0,0.838945,150.195,188.516,40.5469,87.5312,-3,0,1,1,0
8971116,893,1,1,0,0.835215,150.484,188.344,39.8438,86.9375,-2,0,1,1,0
8977768,893,1,1,0,0.837886,150.367,188.188,40.5156,86.4375,-3,0,1,1,0
8986162,898,1,1,0,0.761004,150.406,188.234,38.9375,88.2812,-2,-1,1,1,0
8991376,894,1,1,0,0.774242,150.359,188.219,38.4062,89.125,-3,0,1,1,0
8998883,893,1,1,0,0.798501,150.641,188.172,40.9688,87.2188,-2,0,1,1,0
9006804,894,1,1,0,0.757793,150.57,188.297,40.6406,88.0312,-3,-1,1,1,0
9012740,893,1,1,0,0.610454,150.977,187.938,38.3594,87.875,-2,0,1,1,0
9020503,891,1,1,0,0.780663,150.094,188.797,41.1875,87.9062,-2,0,1,1,0
9026867,892,1,1,0,0.840523,150.695,188.352,40.3594,87.7031,-3,-1,1,1,0
9034317,893,1,1,0,0.769078,150.582,189.242,39.6484,88.5156,-2,0,1,1,0
9040692,899,1,1,0,0.810779,150.66,189,40.8047,86.375,-2,0,1,1,0
9047818,894,1,1,0,0.718594,150.523,189.266,41.0156,86.9688,-3,0,1,1,0
9053876,892,1,1,0,0.830318,150.227,189.125,42.5156,86.375,-2,0,1,1,0
9060897,893,1,1,0,0.760293,150.703,189.18,42.3438,85.5156,-3,0,1,1,0
9067879,895,1,1,0,0.824178,150.723,189.219,43.3672,85.6875,-2,0,1,1,0
9076674,893,1,1,0,0.837355,151.469,189.375,45,86,-2,0,1,1,0
9081904,891,1,1,0,0.784979,151.25,189.125,45.1875,85.25,-2,0,1,1,0
9089304,891,1,1,0,0.566019,151.047,189.391,45,84.9688,-3,0,1,1,0
9095514,893,1,1,0,0.505859,150.18,189.719,45.5469,83.5625,-2,0,1,1,0
9102477,893,1,1,0,0.841567,150.109,189.781,44.0938,83.4375,-3,0,1,1,0
9109712,892,1,1,0,0.816991,150.125,189.914,45.75,83.7969,-2,0,1,1,0
9117372,893,1,1,0,0.85022,150.242,189.906,47.5469,84.1875,-3,0,1,1,0
9123370,892,1,1,0,0.831963,150.148,190.109,47.0156,82.7812,-2,0,1,1,0
9130313,894,1,1,0,0.831416,150.344,191.32,47.0625,84.3594,-3,0,1,1,0
9137082,893,1,1,0,0.841046,149.984,191.203,46.4688,84.3438,-2,0,1,1,0
9144255,893,1,1,0,0.82133,149.422,191.5,44.9688,84.5,-3,0,1,1,0
9152796,895,1,1,0,0.709422,149.387,191.281,45.4766,84.6875,-3,1,1,1,0
9158611,893,1,1,0,0.806853,149.297,191.555,46.4688,85.1406,-3,0,1,1,0
9164988,893,1,1,0,0.772529,149.113,191.031,45.2734,82.6875,-3,0,1,1,0
9173000,893,1,1,0,0.544801,149.562,190.93,46.75,83.7656,-2,0,1,1,0
9178847,894,1,1,0,0.861302,148.656,191.25,49.6875,84.375,-3,0,1,1,0
9185833,893,1,1,0,0.81582,150.035,191.453,50.3672,84.6562,-3,0,1,1,0
9192736,893,1,1,0,0.803483,151.965,190.766,49.0703,83.4688,-2,0,1,1,0
9199690,894,1,1,0,0.823611,152.203,190.695,49.4062,82.4219,-2,1,1,1,0
9208069,894,1,1,0,0.841567,152.836,190.188,49.8906,83.625,-2,0,1,1,0
9213635,893,1,1,0,0.817868,154.391,190.031,51.8438,84.3125,-1,0,1,1,0
9220480,893,1,1,0,0.845179,155.398,188.805,51.6406,85.1406,-1,0,1,1,0
9227404,893,1,1,0,0.842606,155.711,188.867,52.2656,85.5156,0,0,1,1,0
9234477,892,1,1,0,0.836288,156.477,188.656,50.4844,85.5625,-1,0,1,1,0
9242534,893,1,1,0,0.853669,156.922,188.602,49.125,86.0469,0,0,1,1,0
9248254,895,1,1,0,0.847717,157.891,188.742,48.6562,85.9531,-1,0,1,1,0
9255246,894,1,1,0,0.834676,158.562,188.68,47.625,86.1406,0,0,1,1,0
9263805,895,1,1,0,0.733356,159.219,188.625,48.1875,87.625,0,-1,1,1,0
9269346,892,1,1,0,0.834136,159.625,188.445,46.7188,87.8906,0,0,1,1,0
9276170,891,1,1,0,0.70619,159.508,188.406,44.9844,87.4375,0,0,1,1,0
9283614,895,1,1,0,0.670176,159.414,188.781,43.7344,88.9375,0,0,1,1,0
9290954,894,1,1,0,0.661486,159.438,188.828,44.3438,90.0938,0,-1,1,1,0
9296755,893,1,1,0,0.613237,159.469,189.125,43.6875,90,0,0,1,1,0
9304034,894,1,1,0,0.741675,159.52,189.281,44.7266,87.6875,0,0,1,1,0
9312376,894,1,1,0,0.606731,159.469,189.344,43.75,87.0625,0,0,1,1,0
9317806,894,1,1,0,0.652684,159.32,190.062,43.6094,88.375,0,0,1,1,0
9324642,891,1,1,0,0.468791,159.465,190.016,43.4766,87.9688,0,0,1,1,0
9331624,892,1,1,0,0.755275,160.531,190.297,42.6875,87.0312,0,0,1,1,0
9340205,894,1,1,0,0.756716,161.836,190.031,43.7031,86.8125,0,0,1,1,0
9346452,893,1,1,0,0.727201,162.996,190.828,43.4453,85.5312,0,0,1,1,0
9352415,894,1,1,0,0.745029,163.719,190.875,44.1875,85.5,1,0,1,1,0
9359361,892,1,1,0,0.823611,165.484,191.172,44.1562,86.0312,1,0,1,1,0
9366702,895,1,1,0,0.397938,166,191.438,44,84.375,1,0,1,1,0
9375121,891,1,1,0,0.74614,166.875,191.453,43.625,85.4062,1,0,1,1,0
9380263,893,1,1,0,0.833052,167.602,191.984,42.8906,85.4062,2,0,1,1,0
9387228,894,1,1,0,0.220678,168.609,191.875,41.9062,86.125,2,1,1,1,0
9394230,893,1,1,0,0.664541,169.305,192.047,43.6406,86.0938,2,0,1,1,0
9401246,894,1,1,0,0.811975,169.242,192.406,43.1719,85.8125,2,0,1,1,0
9409210,893,1,1,0,0.781331,169.625,192.828,42.9375,85.1562,2,0,1,1,0
9414970,894,1,1,0,0.819605,169.648,192.578,43.4219,84.0312,3,1,1,1,0
9421832,893,1,1,0,0.414899,169.438,192.352,45.25,83.4531,2,0,1,1,0
9428775,893,1,1,0,0.232313,169.352,191.984,45.5781,84.2188,3,1,1,1,0
9435745,892,1,1,0,0.746879,169.707,191.633,47.8516,81.2344,2,0,1,1,0
9443471,901,1,1,0,0.857049,169.172,191.297,47.2188,80.7188,2,1,1,1,0
9450668,892,1,1,0,0.798501,170.289,190.727,48.7344,79.6719,3,0,1,1,0
9456697,894,1,1,0,0.771842,170.352,190.734,48.7344,80.2188,3,0,1,1,0
9463547,893,1,1,0,0.854156,170.129,190.867,49.3828,81.1094,2,1,1,1,0
9471070,893,1,1,0,0.851211,168.949,191.625,50.9609,82.9375,3,0,1,1,0
9479168,893,1,1,0,0.844154,169.828,191.031,52,83.125,2,0,1,1,0
9484811,892,1,1,0,0.851705,169.773,190.891,53.0469,82.7812,3,0,1,1,0
9491485,892,1,1,0,0.774924,169.961,190.664,52.4844,81.7969,2,1,1,1,0
9498370,892,1,1,0,0.811378,168.793,190.906,53.7109,82.0625,3,0,1,1,0
9507065,894,1,1,0,0.734882,169.379,191,54.4922,83.5,2,0,1,1,0
9512137,894,1,1,0,0.778986,168.969,191.516,55.3125,82.5938,2,0,1,1,0
9519099,891,1,1,0,0.764889,169.758,190.828,55.2344,82.3438,3,0,1,1,0
9526116,893,1,1,0,0.799755,171.176,190.688,55.3359,83.5,3,1,1,1,0
9533393,900,1,1,0,0.859425,170.898,190.82,55.7969,83.7656,2,0,1,1,0
9541316,893,1,1,0,0.797241,170.516,190.484,56.9688,84.0938,3,0,1,1,0
9548229,891,1,1,0,0.845179,171.617,189.203,55.6094,84.0312,3,0,1,1,0
9554471,893,1,1,0,0.771842,172.125,189.102,55.375,83.5156,4,0,1,1,0
9560678,893,1,1,0,0.778313,172.719,188.953,55.4375,84.5312,3,0,1,1,0
9568820,892,1,1,0,0.823043,172.605,188.891,53.8359,84.2812,4,0,1,1,0
9575392,892,1,1,0,0.81582,171.527,188.438,53.9922,83.75,3,0,1,1,0
9582219,892,1,1,0,0.824178,171.734,188.453,52.5938,82.8438,4,0,1,1,0
9589972,893,1,1,0,0.845179,171.793,188.375,53.3359,84.5,3,0,1,1,0
9596541,893,1,1,0,0.874724,171.391,188.641,52.9062,86.9688,3,0,1,1,0
9602939,892,1,1,0,0.870819,170.984,189,53.5938,87.375,4,0,1,1,0
9611079,892,1,1,0,0.853669,170.883,189.203,52.6406,87.2812,3,0,1,1,0
9617041,893,1,1,0,0.718199,170.023,189.016,53.9531,87.5938,2,-1,1,1,0
9623319,893,1,1,0,0.487795,170.023,188.984,52.4844,89.0312,3,0,1,1,0
9630140,892,1,1,0,0.788908,169.844,188.492,53.4375,86.5469,3,0,1,1,0
9637331,894,1,1,0,0.860366,169.812,188.117,51.7188,86.3594,2,0,1,1,0
9645480,894,1,1,0,0.876002,170.625,187.703,50,86.0312,3,0,1,1,0
9651046,895,1,1,0,0.755636,170.75,187.812,50,86.625,3,-1,1,1,0
9657940,894,1,1,0,0.857049,170.945,187.367,49.4531,86.6406,3,0,1,1,0
9665361,895,1,1,0,0.830867,170.574,187.336,49.0234,88.2969,3,-1,1,1,0
9673684,894,1,1,0,0.782995,170.586,187.328,47.7031,86.9688,3,0,1,1,0
9678788,894,1,1,0,0.84364,170.211,187.516,49.8281,87.7812,2,-1,1,1,0
9685796,893,1,1,0,0.81257,169.977,187.375,49.7031,87,3,0,1,1,0
9692747,893,1,1,0,0.824743,169.805,187.461,49.2344,88.9219,3,-1,1,1,0
9699806,895,1,1,0,0.675336,170.18,187.711,48.6406,88.3281,2,0,1,1,0
9707922,892,1,1,0,0.789558,171.031,187.609,47.5625,87.7812,3,-1,1,1,0
9713511,893,1,1,0,0.743542,171.266,187.57,47.5,88.1094,3,0,1,1,0
9720575,892,1,1,0,0.495117,171,187.906,44.4062,85.4375,3,0,1,1,0
9727483,893,1,1,0,0.857049,170.871,187.945,43.9297,86.8281,3,-1,1,1,0
9734433,895,1,1,0,0.596903,170.891,188.188,44.5938,86.5,3,0,1,1,0
9742498,894,1,1,0,0.286967,170.602,187.984,43.4219,85.2812,3,0,1,1,0
9748756,891,1,1,0,0.854642,170.32,187.922,42.1406,85.2812,3,0,1,1,0
9755164,893,1,1,0,0.84569,170.328,187.938,41.0938,85,3,0,1,1,0
9762319,893,1,1,0,0.861768,170.219,187.922,40.375,84.6562,2,0,1,1,0
9769053,892,1,1,0,0.734882,170.172,187.875,41.0312,85.25,3,-1,1,1,0
9776213,892,1,1,0,0.698432,170.156,188.219,40.5625,85.5625,3,0,1,1,0
9784082,894,1,1,0,0.462958,169.789,188.594,40.9531,84.3125,2,0,1,1,0
9789848,894,1,1,0,0.674908,169.391,188.734,40.6562,84.0312,3,0,1,1,0
9797510,893,1,1,0,0.29747,169.492,189.031,40.7969,84.1875,2,0,1,1,0
9804498,893,1,1,0,0.836288,169.586,189.594,41.1719,83.6875,3,0,1,1,0
9810879,893,1,1,0,0.620622,169.57,189.609,40.5156,83.2812,2,0,1,1,0
9819430,892,1,1,0,0.838945,169.281,189.891,41.4375,83.4688,3,0,1,1,0
9824913,894,1,1,0,0.835215,169.266,189.953,41.2188,81.4688,2,0,1,1,0
9831588,894,1,1,0,0.701713,169.258,189.922,40.7344,81.4062,2,0,1,1,0
9839536,895,1,1,0,0.852201,169.25,189.945,40.2812,80.5156,3,0,1,1,0
9845939,893,1,1,0,0.823611,169.414,189.906,40.7031,80.4375,2,0,1,1,0
9852387,894,1,1,0,0.734882,169.422,189.875,40.4688,79.9375,2,1,1,1,0
9859380,893,1,1,0,0.425844,169.555,189.938,40.4844,79.5,3,0,1,1,0
9866478,893,1,1,0,0.840523,169.906,189.844,39.375,80.3125,2,0,1,1,0
9874488,894,1,1,0,0.833595,170.18,189.977,40.8594,80.7969,3,0,1,1,0
9880181,893,1,1,0,0.844154,170.273,190.133,41.2344,80.7344,3,0,1,1,0
9887135,892,1,1,0,0.859425,170.094,190.297,41.0625,80.5938,2,0,1,1,0
9894091,892,1,1,0,0.338077,170.047,190.266,42.7188,80.9688,3,1,1,1,0
9901100,893,1,1,0,0.814053,170.281,190.391,42.125,81.6562,3,0,1,1,0
9909134,893,1,1,0,0.846706,169.656,190.203,43.4688,81.1562,2,0,1,1,0
9915221,893,1,1,0,0.838416,168.852,190.398,44.3906,83.1719,3,0,1,1,0
9921905,894,1,1,0,0.814053,169.312,190.07,45.625,81.4844,2,0,1,1,0
9928764,894,1,1,0,0.773215,169.32,190.094,44.2656,82.1875,2,0,1,1,0
9935804,891,1,1,0,0.28279,167.695,190.234,46.6406,78.7812,2,1,1,1,0
9944381,894,1,1,0,0.783326,170.574,188.844,50.4766,84.25,3,0,1,1,0
9950203,891,1,1,0,0.840523,171.871,187.25,46.7422,88.625,3,0,1,1,0
9956597,896,1,1,0,0.747985,172.387,186.953,41.7109,90.0938,4,-1,1,1,0
9964175,902,1,1,0,0.86408,170.941,188.258,44.1328,86.0156,3,-1,1,1,0
9971439,893,1,1,0,0.750918,166.828,190.062,52.2812,80.4375,1,0,1,1,0
9977647,894,1,1,0,0.535099,166.602,190.039,52.3594,83.4219,2,0,1,1,0
9986082,904,1,1,0,0.800068,167.117,188.109,49.8594,86.5312,1,0,1,1,0
9991380,897,1,1,0,0.267217,166.055,188.016,50.9219,85.7188,1,0,1,1,0
9998727,893,1,1,0,0.838945,164.594,188.75,50.25,87.0625,1,0,1,1,0
10005480,893,1,1,0,0.823043,164.391,188.844,51.5938,86.8125,1,0,1,1,0
10012310,896,1,1,0,0.602997,163.547,189.031,47.9062,87.0625,1,0,1,1,0
10020450,895,1,1,0,0.816113,163.453,189.031,49.5938,86.6875,0,0,1,1,0
10026326,892,1,1,0,0.729134,163.109,189.898,48.3438,86.1719,0,0,1,1,0
10033908,893,1,1,0,0.642432,163.078,190.094,49.1562,86.4375,1,0,1,1,0
10040032,892,1,1,0,0.753466,163.008,190.016,48.4844,85.2188,0,0,1,1,0
10046961,894,1,1,0,0.627496,163.027,189.812,46.0078,85.125,1,0,1,1,0
10055606,892,1,1,0,0.417271,162.344,189.75,48.0938,82.625,0,0,1,1,0
10060936,893,1,1,0,0.44071,162.125,189.484,47.125,82.0312,0,0,1,1,0
10069294,895,1,1,0,0.367723,162.164,189.969,47.0781,83.125,0,0,1,1,0
10074740,892,1,1,0,0.522933,161,189.891,45.1875,83.2812,0,0,1,1,0
10082547,892,1,1,0,0.533155,161.484,190.086,47.0312,82.5781,0,0,1,1,0
10089197,893,1,1,0,0.73029,160.656,189.633,47.3125,80.6719,0,0,1,1,0
10096062,892,1,1,0,0.766291,160.039,189.578,48.0156,81.0938,0,0,1,1,0
10102345,894,1,1,0,0.787278,159.344,190.023,48.8125,81.9531,0,0,1,1,0
10109460,893,1,1,0,0.753103,159.258,189.953,47.8594,81.4062,0,0,1,1,0
10118082,893,1,1,0,0.740926,159.445,190.023,48.5156,81.9531,0,1,1,1,0
10124059,892,1,1,0,0.715822,160.445,189.695,45.3281,81.3906,0,0,1,1,0
10130332,892,1,1,0,0.752376,159.93,189.695,48.9531,82.9219,0,0,1,1,0
10137046,894,1,1,0,0.689306,157.406,190.5,50.75,84.125,0,0,1,1,0
10144225,893,1,1,0,0.622918,155.254,190.219,50.8672,82.8125,-1,0,1,1,0
10152581,895,1,1,0,0.520984,155.004,190.344,50.0703,82.5625,0,0,1,1,0
10157999,894,1,1,0,0.733356,154.637,190.719,49.2266,83.9375,-1,0,1,1,0
10164927,893,1,1,0,0.726425,152.656,190.242,46.8125,82.4844,-2,0,1,1,0
10173139,893,1,1,0,0.801004,152.391,190.836,50.8125,83.3281,-1,0,1,1,0
10178863,891,1,1,0,0.839998,152.422,190.828,50.4688,83.5312,-2,0,1,1,0
10185687,893,1,1,0,0.835752,152.625,191.078,51.8125,83.7812,-2,1,1,1,0
10192799,892,1,1,0,0.696784,152.359,191.297,51.9062,83.4062,-1,0,1,1,0
10199666,891,1,1,0,0.671039,151.766,190.953,51.4688,82.7188,-2,0,1,1,0
10207889,894,1,1,0,0.759223,148.438,189.734,47.25,81.5312,-3,0,1,1,0
10213537,889,1,1,0,0.793426,148.441,189.766,46.7422,81.5938,-3,0,1,1,0
10220398,894,1,1,0,0.727975,149.891,189.711,46.4062,81.1094,-3,0,1,1,0
10227409,892,1,1,0,0.783326,150.035,190.078,46.5547,81.7188,-3,0,1,1,0
10234483,894,1,1,0,0.678754,149.758,190,44.0156,80.25,-3,0,1,1,0
10242526,893,1,1,0,0.814053,150.039,190.125,44.0469,81,-2,1,1,1,0
10248827,894,1,1,0,0.831416,150.68,190.195,43.9531,81.0156,-3,0,1,1,0
10255148,893,1,1,0,0.757793,153.801,190.922,49.1016,83.3438,-1,0,1,1,0
10262076,893,1,1,0,0.723309,153.832,191,49.9141,83.125,-1,0,1,1,0
10269745,893,1,1,0,0.68595,150.211,189.969,43.7969,81.25,-3,0,1,1,0
10276329,893,1,1,0,0.216343,149.5,189.984,42.0625,81.6562,-2,0,1,1,0
10284124,892,1,1,0,0.584627,149.227,189.547,41.8594,82.2812,-3,0,1,1,0
10290691,894,1,1,0,0.689724,149.188,189.578,42.625,82.2188,-3,0,1,1,0
10296880,892,1,1,0,0.652684,149.25,189.648,42.6875,83.0469,-3,0,1,1,0
10303775,893,1,1,0,0.696371,149.926,189.57,43.1484,83.7656,-2,0,1,1,0
10311488,892,1,1,0,0.697196,150.836,189.406,43.6719,83.75,-3,0,1,1,0
10319136,895,1,1,0,0.655778,150.938,189.016,43.0312,84.4688,-2,0,1,1,0
10325522,891,1,1,0,0.801626,150.879,188.922,41.6797,84.2812,-3,0,1,1,0
10333049,892,1,1,0,0.835752,150.812,188.906,41.1875,84.1875,-2,0,1,1,0
10339573,892,1,1,0,0.788257,150.812,188.945,40.3125,85.1094,-2,0,1,1,0
10345531,893,1,1,0,0.683843,150.875,188.797,38.875,85.6562,-2,0,1,1,0
10353409,891,1,1,0,0.744286,151.117,188.391,40.2656,84.9688,-3,0,1,1,0
10360256,889,1,1,0,0.808068,151.016,188.422,40.5938,85.0938,-2,0,1,1,0
10366388,890,1,1,0,0.793106,151.68,188.141,38.9844,85.9688,-2,0,1,1,0
10374322,894,1,1,0,0.765591,151.359,187.781,41.5625,85.8125,-2,-1,1,1,0
10380360,893,1,1,0,0.773215,150.812,187.844,41.875,86.3125,-2,0,1,1,0
10388009,893,1,1,0,0.775945,150.625,187.969,41.75,86.3125,-3,0,1,1,0
10394083,895,1,1,0,0.805938,150.555,187.625,40.5469,85.5,-2,0,1,1,0
10401027,891,1,1,0,0.796609,150.777,187.68,40.8203,86.1406,-2,-1,1,1,0
10409291,892,1,1,0,0.767687,150.195,187.797,39.1719,85.9062,-3,0,1,1,0
10415875,890,1,1,0,0.836822,150.148,187.781,39.7031,86.3125,-2,0,1,1,0
10422398,893,1,1,0,0.809879,150.727,188.391,41.3281,87.1562,-3,0,1,1,0
10428717,892,1,1,0,0.788583,150.727,188.594,39.8906,87.5,-2,-1,1,1,0
10435922,891,1,1,0,0.78233,151.02,188.625,39.5859,87.25,-2,0,1,1,0
10442938,892,1,1,0,0.835215,150.898,188.547,40.7031,85.3438,-3,0,1,1,0
10450698,893,1,1,0,0.86362,150.281,188.391,41.875,84.7188,-2,0,1,1,0
10456533,892,1,1,0,0.831416,150.742,188.656,40.9219,85.5625,-2,0,1,1,0
10463569,891,1,1,0,0.821903,150.781,188.703,41.7812,84.6562,-3,0,1,1,0
10471148,893,1,1,0,0.79534,151.109,189.234,40.4688,85.0938,-2,0,1,1,0
10478192,893,1,1,0,0.703346,150.891,189.234,41.4062,84.9062,-2,0,1,1,0
10485597,892,1,1,0,0.694717,149.688,189.531,43.5,86.1875,-3,0,1,1,0
10491433,894,1,1,0,0.759223,149.695,189.672,43.8906,85.6562,-2,0,1,1,0
10498910,893,1,1,0,0.794704,149.859,190.266,43.3438,87.2812,-3,0,1,1,0
10506518,891,1,1,0,0.810179,150.004,190.906,43.3047,86.1875,-3,0,1,1,0
10512507,892,1,1,0,0.805327,151.031,190.859,43.25,86.7188,-2,0,1,1,0
10519044,892,1,1,0,0.807461,151.398,190.312,42.3906,82.75,-2,0,1,1,0
10526155,893,1,1,0,0.475118,150.82,190.453,43.6406,83.8438,-3,0,1,1,0
10533102,892,1,1,0,0.84822,150.523,191.359,44.6719,84.4062,-2,0,1,1,0
10541067,893,1,1,0,0.845179,150.594,191.312,45.1875,84.375,-2,0,1,1,0
10546837,894,1,1,0,0.69802,150.352,191.117,44.6719,83.3906,-3,0,1,1,0
10553845,892,1,1,0,0.238641,150.156,191.266,45.0312,84.4688,-2,1,1,1,0
10560706,893,1,1,0,0.836822,150.039,191.328,45.3281,82.9688,-3,0,1,1,0
10568966,895,1,1,0,0.82133,147.57,191.109,51.2969,84.4062,-3,0,1,1,0
10575474,902,1,1,0,0.816406,147.375,190.797,50.5,82.8438,-4,0,1,1,0
10582450,892,1,1,0,0.800692,148.531,189.961,49.5,81.2969,-3,0,1,1,0
10588453,893,1,1,0,0.849223,150.102,190.008,48.7656,83.3906,-3,0,1,1,0
10595420,893,1,1,0,0.86681,150.742,190.219,47.7969,83.6875,-2,0,1,1,0
10603673,895,1,1,0,0.833052,150.219,190.188,50.0625,81.625,-3,0,1,1,0
10609468,892,1,1,0,0.812868,149.617,190.305,50.0469,81.6406,-3,1,1,1,0
10617137,893,1,1,0,0.786623,148.742,190.188,53.1719,81.6875,-2,0,1,1,0
10623156,893,1,1,0,0.805633,150.242,189.914,49.8281,80.4219,-3,0,1,1,0
10630172,893,1,1,0,0.820182,149.266,190.203,49.8125,79.8438,-3,0,1,1,0
10637120,893,1,1,0,0.578924,150.344,190.266,48.3125,81.2812,-3,0,1,1,0
10644762,892,1,1,0,0.256644,150.57,189.906,48.0156,80.9375,-2,0,1,1,0
10652082,895,1,1,0,0.378459,151.109,189.711,48.5938,81.7969,-2,0,1,1,0
10658102,891,1,1,0,0.753828,150.758,189.68,48.8281,81.6094,-3,1,1,1,0
10665720,893,1,1,0,0.73029,151.039,189.562,48.7656,81.375,-2,0,1,1,0
10672033,893,1,1,0,0.76524,151.492,188.406,49.5156,82.3125,-2,0,1,1,0
10678973,891,1,1,0,0.827548,151.625,188.328,50,82.2812,-2,0,1,1,0
10687431,891,1,1,0,0.779993,150.93,188.094,49.5156,82.75,-2,0,1,1,0
10693420,891,1,1,0,0.801315,150.086,187.742,50.0469,82.1406,-3,0,1,1,0
10699688,894,1,1,0,0.816699,150.109,187.828,48.7188,83.0938,-2,0,1,1,0
10708634,891,1,1,0,0.734882,150.125,187.758,48,84.5156,-3,0,1,1,0
10714149,894,1,1,0,0.767339,150.125,187.656,49.7188,83.4375,-2,0,1,1,0
10720442,893,1,1,0,0.649134,150.109,187.859,49.7812,82.5312,-3,0,1,1,0
10727483,894,1,1,0,0.678754,150.172,188.594,49.0938,83.0625,-2,0,1,1,0
10735279,893,1,1,0,0.801936,150.141,188.602,48.2188,82.3906,-3,0,1,1,0
10742974,894,1,1,0,0.767687,149.723,188.75,49.1797,82.9375,-3,0,1,1,0
10748222,894,1,1,0,0.811677,149.68,188.742,48.1094,83.3594,-2,0,1,1,0
10755114,893,1,1,0,0.80502,149.789,188.695,48.2031,84.0156,-3,0,1,1,0
10762269,892,1,1,0,0.767687,149.543,188.734,48.6641,83.3438,-3,0,1,1,0
10769096,892,1,1,0,0.799755,149.75,188.992,49.125,83.9219,-3,0,1,1,0
10776256,892,1,1,0,0.713033,150,188.977,49.8438,84.2031,-2,0,1,1,0
10784215,890,1,1,0,0.629776,148.82,189.125,48.4219,83.4375,-3,0,1,1,0
10790879,891,1,1,0,0.804099,149.586,189.094,46.4219,83.9375,-3,0,1,1,0
10796853,892,1,1,0,0.771153,151.312,188.891,46.625,84.9062,-2,0,1,1,0
10803907,895,1,1,0,0.809578,152.438,188.898,45.75,84.9531,-2,0,1,1,0
10811853,893,1,1,0,0.842606,153.469,188.695,45.9375,84.7344,-2,0,1,1,0
10818803,892,1,1,0,0.834136,154.781,188.57,47.0312,85.4844,-1,0,1,1,0
10824850,893,1,1,0,0.833595,155.953,188.656,45.25,85.375,0,0,1,1,0
10831649,893,1,1,0,0.750918,157.066,188.344,45.3828,87.5625,-1,0,1,1,0
10839448,892,1,1,0,0.871696,156.922,188.297,45.375,87.2188,0,0,1,1,0
10845365,893,1,1,0,0.855609,157.711,188.234,44.4219,87.7188,0,-1,1,1,0
10852629,894,1,1,0,0.777638,157.918,187.172,44.9609,88.4062,0,0,1,1,0
10860648,893,1,1,0,0.647352,158.555,187.312,42.8281,86.375,0,-1,1,1,0
10866753,893,1,1,0,0.808975,158.406,187.297,42.625,88.1562,-1,0,1,1,0
10875221,894,1,1,0,0.404978,158.91,187.625,41.2109,86,0,-1,1,1,0
10880972,893,1,1,0,0.624752,159.609,187.812,42.0312,88.5625,0,0,1,1,0
10887130,894,1,1,0,0.799129,159.684,187.859,41.7734,86.4062,0,0,1,1,0
10894131,893,1,1,0,0.761713,159.641,187.742,42.0938,86.6094,0,-1,1,1,0
10900984,896,1,1,0,0.838945,159.727,187.906,42.1406,87.0625,0,0,1,1,0
10909153,894,1,1,0,0.542863,159.551,188.531,41.4609,87.8125,0,0,1,1,0
10915103,894,1,1,0,0.827548,159.535,188.547,41.1328,86.9062,0,0,1,1,0
10921785,892,1,1,0,0.61231,159.625,188.781,41.0938,86.6875,0,0,1,1,0
10929149,892,1,1,0,0.691393,159.332,188.891,41.5859,87.2188,0,-1,1,1,0
10935685,894,1,1,0,0.580352,159.895,189.328,40.7422,87.5938,0,0,1,1,0
10943836,893,1,1,0,0.710227,160.941,189.812,40.1484,86.625,0,0,1,1,0
10950779,892,1,1,0,0.616936,162.938,189.625,40.3125,86,0,0,1,1,0
10956624,892,1,1,0,0.855126,163.984,190.531,40.375,86.0625,1,0,1,1,0
10963534,894,1,1,0,0.861302,165.422,191.047,40.5312,86.4688,0,0,1,1,0
10970916,892,1,1,0,0.355776,166.656,191.992,40.9062,88.2344,2,0,1,1,0
10978592,892,1,1,0,0.795658,168.367,191.844,40.1406,86.0625,2,0,1,1,0
10984954,896,1,1,0,0.830318,168.32,192.047,39.7656,86.5938,2,0,1,1,0
10991918,896,1,1,0,0.85657,168.391,192.047,41.5312,87.5938,2,0,1,1,0
10998470,895,1,1,0,0.82643,168.336,192.047,42.1094,85.2812,2,1,1,1,0
11006770,894,1,1,0,0.852692,168.57,192.172,43.0156,85.2188,2,0,1,1,0
11012840,895,1,1,0,0.830318,169.664,192.391,46.0781,86.0938,2,0,1,1,0
11026568,892,1,1,0,0.413004,169.836,191.992,46.6094,84.8594,2,0,1,1,0
11035166,892,1,1,0,0.829767,171.258,191.742,50.3594,84.5156,3,1,1,1,0
11040138,893,1,1,0,0.851211,171.273,191.625,50.3906,84.625,3,0,1,1,0
11046930,894,1,1,0,0.846706,170.867,191.805,50.1094,82.1094,3,0,1,1,0
11054457,894,1,1,0,0.858479,170.66,191.672,50.8203,83.8438,3,1,1,1,0
11060900,893,1,1,0,0.825869,171.023,190.914,50.9219,81.4531,3,0,1,1,0
11069330,893,1,1,0,0.809879,170.605,190.562,50.9609,83.5,3,0,1,1,0
11076117,893,1,1,0,0.804406,170.492,190.047,48.9844,82.5938,3,0,1,1,0
11082981,893,1,1,0,0.802865,169.789,190.578,50.5781,81.5312,3,0,1,1,0
11088916,894,1,1,0,0.771153,169.434,190.156,51.6328,83.1875,2,0,1,1,0
11095546,892,1,1,0,0.836822,169.531,190.117,52.8125,83.3594,3,0,1,1,0
11102573,893,1,1,0,0.797241,171.398,189.719,52.2656,83.125,2,0,1,1,0
11110523,890,1,1,0,0.749087,170.273,190.516,55.1719,82.7812,3,0,1,1,0
11116445,893,1,1,0,0.858953,170.371,190.305,56.1172,83.8594,3,0,1,1,0
11123189,893,1,1,0,0.855609,169.125,190.781,58.5625,84.5625,2,0,1,1,0
11130443,893,1,1,0,0.824743,170.117,190.484,57.8281,83.9688,3,0,1,1,0
11138705,892,1,1,0,0.844667,171.203,190.094,57.6562,83.4375,3,0,1,1,0
11144787,892,1,1,0,0.677474,171.852,189.203,55.2969,83.3438,3,0,1,1,0
11151607,891,1,1,0,0.842087,171.867,189.125,56.7656,84.125,3,0,1,1,0
11158052,891,1,1,0,0.813757,171.91,189.031,55.4453,83.5625,4,0,1,1,0
11166232,894,1,1,0,0.802556,171.664,189,57.2031,84.8125,3,0,1,1,0
11172037,893,1,1,0,0.777638,170.883,189.047,57.6406,84.9062,3,0,1,1,0
11178985,893,1,1,0,0.799442,170.332,188.984,57.5391,85.7188,3,0,1,1,0
11192721,894,1,1,0,0.781664,170.633,188.406,56.4844,85.75,3,0,1,1,0
11199627,893,1,1,0,0.68805,172.773,188.688,55.5781,86.25,4,0,1,1,0
11207628,893,1,1,0,0.227299,173.477,188.469,53.8281,87.5625,3,0,1,1,0
11214111,895,1,1,0,0.680029,172.805,188.094,52.6094,87.0625,4,-1,1,1,0
11220947,892,1,1,0,0.851705,172.512,187.734,53.3984,86.1562,4,0,1,1,0
11227415,894,1,1,0,0.809879,172.32,187.914,53.0469,86.7969,4,0,1,1,0
11234775,892,1,1,0,0.765941,172.418,187.469,50.9609,85.8125,3,-1,1,1,0
11242838,894,1,1,0,0.841046,171.492,187.078,50.6094,86.5938,4,0,1,1,0
11248979,891,1,1,0,0.86362,171.336,187.953,50.1719,87.0938,3,0,1,1,0
11255750,892,1,1,0,0.741301,171.055,187.242,50.2344,87.0156,3,-1,1,1,0
11262266,892,1,1,0,0.788908,170.055,187.141,51.7344,87.0938,3,0,1,1,0
11269097,892,1,1,0,0.74651,171.297,187.516,48.5625,87.9062,3,-1,1,1,0
11277517,892,1,1,0,0.847212,171.145,187.344,48.7891,87.1875,3,0,1,1,0
11284161,892,1,1,0,0.811975,171.098,187.289,49.8047,87.0781,3,-1,1,1,0
11289840,894,1,1,0,0.785308,170.508,187.75,48.2344,88.25,3,0,1,1,0
11296838,893,1,1,0,0.846199,170.375,188.281,48.4375,89.25,3,-1,1,1,0
11303733,892,1,1,0,0.804099,170.543,187.773,47.8359,87.4531,3,0,1,1,0
11310871,896,1,1,0,0.754914,170.496,187.844,46.9922,87.625,2,0,1,1,0
11325106,893,1,1,0,0.742796,170.387,187.891,45.7891,87.4688,3,-1,1,1,0
11331922,891,1,1,0,0.601594,172.012,187.93,46.0859,86.8906,3,0,1,1,0
11346665,894,1,1,0,0.784649,171.32,187.68,43.2344,86.7656,4,0,1,1,0
11353802,893,1,1,0,0.747616,173.281,187.555,43.25,87.4844,3,-1,1,1,0
11367009,894,1,1,0,0.74872,172.117,187.766,42.4219,85.7188,4,0,1,1,0
11374698,892,1,1,0,0.658857,173.34,188.039,41.6172,86.0781,4,0,1,1,0
11388185,892,1,1,0,0.632957,172.957,188.055,43.2891,86.5156,4,0,1,1,0
11394539,892,1,1,0,0.604399,173.297,188.578,41.9375,85.3438,3,-1,1,1,0
11401933,893,1,1,0,0.514156,171.902,188.688,40.9297,85,4,0,1,1,0
11409127,896,1,1,0,0.585101,171.715,188.594,41.4297,83.375,3,0,1,1,0
11421924,892,1,1,0,0.506347,170.195,188.844,40.9531,83.0625,3,0,1,1,0
11428785,888,1,1,0,0.506347,170.195,188.844,40.9531,83.0625,0,0,0,0,0
11436570,893,1,1,0,0.223546,170.938,192.664,39.625,76.2031,2,2,1,1,0
11443922,893,1,1,0,0.414899,172.758,190.164,41.8906,83.3281,4,0,1,1,0
11450907,895,1,1,0,0.646013,172.883,189.578,41.5781,84.1562,4,0,1,1,0
11456884,894,1,1,0,0.21767,172.211,189.203,41.0469,82.9688,3,0,1,1,0
11470814,893,1,1,0,0.319334,170.734,189.75,42.9062,82.125,3,0,1,1,0
11485027,893,1,1,0,0.354881,171.82,189.031,43.7656,83.3125,4,0,1,1,0
11491957,892,1,1,0,0.700485,172.582,189.219,47.1641,82.6875,3,0,1,1,0
11498650,891,1,1,0,0.814053,172.125,188.672,45.3125,83.4062,4,0,1,1,0
11506304,892,1,1,0,0.780328,173.164,188.438,45.2031,83.375,3,0,1,1,0
11520276,893,1,1,0,0.833595,172.953,188.398,44.8438,83.0469,4,0,1,1,0
11526150,893,1,1,0,0.800068,172.531,187.984,43.875,84.0938,4,0,1,1,0
11533900,893,1,1,0,0.704567,173.105,188.062,45.6484,84.25,4,0,1,1,0
11541693,893,1,1,0,0.751648,171.668,188.109,49.0859,85.3438,3,0,1,1,0
11547564,893,1,1,0,0.737159,172.129,187.438,50.6328,85.25,4,0,1,1,0
11553899,891,1,1,0,0.835752,172.523,186.734,47.2344,90.7812,3,-1,1,1,0
11561014,892,1,1,0,0.814644,173.234,186.508,41,90.5781,4,-1,1,1,0
11569324,893,1,1,0,0.700075,166.688,189.375,55.625,81.125,2,0,1,1,0
11582080,892,1,1,0,0.700075,166.688,189.375,55.625,81.125,-2,2,0,0,0
11588782,891,1,1,0,0.352202,166.113,190.094,49.3984,82.8125,1,0,1,1,0
11595580,891,1,1,0,0.679604,165.984,188.938,49.5312,88.0625,1,0,1,1,0
11603475,900,1,1,0,0.416797,166.664,188.656,48.0781,85.25,1,0,1,1,0
11609623,892,1,1,0,0.593609,166.562,188.547,48.9375,88.5312,2,0,1,1,0
11617291,892,1,1,0,0.77865,165.609,188.344,49.5,88.6875,1,0,1,1,0
11623243,895,1,1,0,0.824178,164.922,188.062,49.4375,86,1,-1,1,1,0
11630195,894,1,1,0,0.490236,164.344,188.562,47.5625,86.875,0,0,1,1,0
11637168,892,1,1,0,0.265499,163.711,189.219,47.2031,86.0625,1,0,1,1,0
11652364,893,1,1,0,0.579401,162.539,190.109,46.6406,86.6562,0,0,1,1,0
11666101,894,1,1,0,0.583203,162.055,189.766,46.4219,85.4688,0,0,1,1,0
11672033,892,1,1,0,0.569374,161.859,190.156,47.875,85.4375,1,0,1,1,0
11679411,891,1,1,0,0.619241,160.969,190.75,45.875,80,0,0,1,1,0
11686745,893,1,1,0,0.619241,160.969,190.75,45.875,80,0,1,0,0,0
11692878,892,1,1,0,0.285571,160.141,190.312,46.4375,80.125,0,0,1,1,0
11700601,892,1,1,0,0.498047,159.613,190.633,47.2891,79.0469,0,1,1,1,0
11708640,893,1,1,0,0.731057,159.5,189.609,49.25,84.4688,0,0,1,1,0
11713814,892,1,1,0,0.795658,160,189.453,48.125,84.4688,0,0,1,1,0
11721033,893,1,1,0,0.84569,159.594,188,48.6875,83.375,0,0,1,1,0
11727436,892,1,1,0,0.84822,159.125,188.203,50.1875,83.8438,0,0,1,1,0
11734405,892,1,1,0,0.849722,159.625,188.438,48.3125,83.9375,0,0,1,1,0
11743427,893,1,1,0,0.841046,159.008,189.133,47.2031,84.9844,-1,0,1,1,0
11748479,892,1,1,0,0.835215,158.484,189.266,48.3438,85.4688,0,0,1,1,0
11755176,891,1,1,0,0.789558,157.902,189.039,49.3047,85.2969,0,0,1,1,0
11762605,892,1,1,0,0.793426,155.438,188.836,47.25,85.6719,-1,0,1,1,0
11769326,894,1,1,0,0.803174,155.363,188.906,50.5391,84.6875,0,0,1,1,0
11777483,892,1,1,0,0.791176,153.477,188.875,49.8906,85.125,-1,0,1,1,0
11784323,893,1,1,0,0.82866,153.773,189.492,50.6406,86.2344,-2,0,1,1,0
11790494,891,1,1,0,0.808975,152.617,189.719,52.6406,85.9375,-1,0,1,1,0
11797011,893,1,1,0,0.778986,152.414,189.578,52.1406,85.3438,-2,0,1,1,0
11804426,894,1,1,0,0.786623,152.004,189.312,51.0078,84.125,-2,0,1,1,0
11810943,893,1,1,0,0.703753,152.062,189.805,51.875,82.5156,-1,0,1,1,0
11818679,892,1,1,0,0.496094,151.852,189.938,51.7656,82.875,-2,0,1,1,0
11825561,893,1,1,0,0.706595,146.496,189.766,42.5859,81.0312,-4,0,1,1,0
11831903,894,1,1,0,0.524395,145.457,189.773,42.2266,79.7969,-5,0,1,1,0
11839130,894,1,1,0,0.72448,145.473,189.664,41.7734,80.2031,-4,0,1,1,0
11846855,893,1,1,0,0.63205,147.48,189.539,44.8516,80.2969,-4,0,1,1,0
11852491,893,1,1,0,0.782663,151.961,190.516,49.7344,81.6562,-2,1,1,1,0
11859462,894,1,1,0,0.786623,153.051,190.609,47.5391,82.9688,-2,0,1,1,0
11866870,895,1,1,0,0.848722,154.188,191.109,47.5,83.4062,-1,0,1,1,0
11874371,893,1,1,0,0.790206,154.324,190.703,47.2734,82.9062,-1,0,1,1,0
11880898,894,1,1,0,0.603464,154.172,190.398,45.7812,83.0469,-1,0,1,1,0
11887680,894,1,1,0,0.509276,154.324,190.055,46.6016,83.9844,-1,0,1,1,0
11894616,893,1,1,0,0.793426,152.664,189.625,46.4219,83.9375,-2,0,1,1,0
11901649,892,1,1,0,0.804406,151.781,189.312,45.9375,83.9375,-1,0,1,1,0
11909238,894,1,1,0,0.547222,149.305,189.156,43.4844,83.4375,-3,0,1,1,0
11915213,894,1,1,0,0.68595,148.508,189.016,39.5781,83.9688,-3,0,1,1,0
11921875,892,1,1,0,0.790853,146.621,188.641,38.1797,83.3438,-4,0,1,1,0
11929355,893,1,1,0,0.772529,146.746,188.25,37.9922,83.5,-4,0,1,1,0
11936204,895,1,1,0,0.569374,146.766,188.234,37.6875,83.5312,-4,0,1,1,0
11945113,893,1,1,0,0.837355,148.754,188.805,39.4922,85.3594,-3,0,1,1,0
11951261,893,1,1,0,0.768731,149.547,188.07,37.7188,85.2656,-3,0,1,1,0
11956717,893,1,1,0,0.775945,151.023,188.094,38.4531,84.875,-3,0,1,1,0
11963711,894,1,1,0,0.774924,152.117,187.688,38.9219,84.9375,-2,-1,1,1,0
11971432,894,1,1,0,0.825869,152.195,187.766,38.8906,84.6562,-1,0,1,1,0
11979288,894,1,1,0,0.771842,152.578,187.844,39.0938,85.4375,-2,0,1,1,0
11984523,895,1,1,0,0.752376,152.609,187.922,40.8438,85.9062,-2,0,1,1,0
11992074,894,1,1,0,0.697608,151.227,187.422,39.9844,86.9062,-2,-1,1,1,0
11998284,900,1,1,0,0.730675,151.398,187.359,40.1094,86.9062,-2,0,1,1,0
12006782,895,1,1,0,0.783326,151.336,187.156,41.4844,87.3125,-2,0,1,1,0
12012413,894,1,1,0,0.664976,151.594,187.203,41.1875,85.4688,-2,-1,1,1,0
12019781,893,1,1,0,0.82643,150.828,187.281,42.4062,87.1875,-2,0,1,1,0
12027742,894,1,1,0,0.838416,150.945,187.469,42.2344,87.9375,-2,-1,1,1,0
12034412,893,1,1,0,0.659296,151.953,187.547,43.5312,86.6562,-2,0,1,1,0
12041442,894,1,1,0,0.638835,152.414,187.578,44.0469,86.7188,-2,-1,1,1,0
12048193,894,1,1,0,0.452294,152.535,187.727,44.0547,86.7656,-2,0,1,1,0
12054187,892,1,1,0,0.221182,153.773,187.93,45.2656,87.1094,-1,0,1,1,0
12061131,893,1,1,0,0.530236,150.891,188.711,40.5938,86.5781,-2,0,1,1,0
12068416,893,1,1,0,0.714628,150.672,188.812,40.2188,86.625,-2,0,1,1,0
12075852,894,1,1,0,0.37182,150.195,189.25,40.7969,86,-3,0,1,1,0
12082394,890,1,1,0,0.400749,149.555,189.266,41.7344,85.7188,-3,0,1,1,0
12089149,894,1,1,0,0.2227,148.852,188.93,42.7031,85.0781,-2,0,1,1,0
12095582,895,1,1,0,0.733738,149.273,188.883,43.2656,84.5469,-3,0,1,1,0
12102445,892,1,1,0,0.556882,149.801,189.07,42.6484,83.4531,-3,0,1,1,0
12110759,894,1,1,0,0.687211,149.664,189.344,43.6094,82.875,-3,0,1,1,0
12117332,893,1,1,0,0.431584,149.328,189.609,44.5312,82.2812,-3,0,1,1,0
12123633,893,1,1,0,0.649579,149.297,189.609,44.3438,82.9688,-3,0,1,1,0
12130869,894,1,1,0,0.540439,149.551,189.781,45.2734,83.5,-2,0,1,1,0
12137622,893,1,1,0,0.68595,149.812,189.875,46.1875,83.125,-3,0,1,1,0
12145587,893,1,1,0,0.597843,149.848,189.883,46.1172,83.4531,-3,0,1,1,0
12151679,894,1,1,0,0.699665,149.68,190.07,46.1406,82.3906,-3,0,1,1,0
12158252,892,1,1,0,0.753828,149.742,190.289,45.9844,82.6406,-2,0,1,1,0
12165528,893,1,1,0,0.279435,149.867,190.555,46.9844,81.9844,-3,0,1,1,0
12173276,893,1,1,0,0.669744,149.945,190.578,47.5156,81.2188,-3,0,1,1,0
12179425,893,1,1,0,0.582254,149.539,190.898,47.8594,82.2031,-2,1,1,1,0
12185761,893,1,1,0,0.547222,149.695,190.688,49.3281,82.25,-3,0,1,1,0
12192923,893,1,1,0,0.786623,148.844,190.969,50.9688,82.0625,-3,0,1,1,0
12199733,892,1,1,0,0.633864,148.938,191.047,51.125,82.8438,-3,0,1,1,0
12207838,893,1,1,0,0.584153,149.227,191.078,50.9844,82.4062,-3,1,1,1,0
12214234,894,1,1,0,0.784979,149.52,190.984,51.0234,82.5312,-3,0,1,1,0
12220800,893,1,1,0,0.728748,150.031,190.594,50.0625,81.5625,-3,0,1,1,0
12227503,891,1,1,0,0.84364,149.344,190.148,51.9062,83.5469,-3,0,1,1,0
12235238,893,1,1,0,0.760648,149.195,190.125,53.8594,82,-2,0,1,1,0
12241919,894,1,1,0,0.825307,150.219,189.336,49.6875,81.6094,-3,0,1,1,0
12248696,893,1,1,0,0.781331,150.055,189.43,49.3281,80.2969,-3,0,1,1,0
12256644,893,1,1,0,0.75958,150.047,189.398,49.0312,80.0469,-2,0,1,1,0
12262524,893,1,1,0,0.811378,149.18,189.188,47.8594,80,-3,0,1,1,0
12269611,894,1,1,0,0.834676,150.188,189.469,47.3125,80.9375,-3,0,1,1,0
12277607,893,1,1,0,0.845179,150.414,189.273,46.8281,80.1719,-2,1,1,1,0
12284108,893,1,1,0,0.838416,150.879,189.125,47.7422,80.8125,-3,0,1,1,0
12290242,893,1,1,0,0.839998,151.492,188.984,49.9844,81.5312,-2,0,1,1,0
12297155,891,1,1,0,0.836822,151.039,188.938,47.3281,81.1875,-2,0,1,1,0
12304213,891,1,1,0,0.862697,151.211,189,48.7656,81.5,-2,0,1,1,0
12312947,894,1,1,0,0.831963,151.031,188.938,49,81.75,-3,0,1,1,0
12318686,894,1,1,0,0.851211,151.086,189,47.2344,83.375,-2,0,1,1,0
12325199,894,1,1,0,0.836288,150.516,188.859,47.3438,84.0312,-2,0,1,1,0
12331948,893,1,1,0,0.834676,150.875,188.75,47.6875,83.875,-2,0,1,1,0
12340016,892,1,1,0,0.819027,150.863,188.75,47.6484,83.625,-3,0,1,1,0
12345996,893,1,1,0,0.803791,150.602,188.625,47.4531,83.5,-2,0,1,1,0
12352770,893,1,1,0,0.743542,150.164,188.328,46.7656,82.5312,-2,0,1,1,0
12359544,891,1,1,0,0.796292,150.156,188.352,45.1875,82.3281,-3,0,1,1,0
12367473,898,1,1,0,0.805938,150.078,188.32,45.7188,82.4844,-2,0,1,1,0
12373955,893,1,1,0,0.710629,148.828,189.328,46.1562,82.2812,-3,0,1,1,0
12382260,893,1,1,0,0.765591,149.488,189.633,47.9609,82.8906,-3,0,1,1,0
12388363,893,1,1,0,0.516108,148.391,188.719,46.0938,82.5625,-3,0,1,1,0
12394276,892,1,1,0,0.558808,147.867,189.5,46.1094,81.375,-4,0,1,1,0
12401645,893,1,1,0,0.796292,147.922,189.453,47.4688,81.5312,-3,0,1,1,0
12410125,894,1,1,0,0.783326,148.496,189.609,44.6328,80.4688,-3,0,1,1,0
12416318,895,1,1,0,0.61832,148.371,189.648,47.7578,80.0156,-4,0,1,1,0
12422597,893,1,1,0,0.752012,148.25,189.312,47.25,80.875,-3,0,1,1,0
12429653,893,1,1,0,0.654454,149.465,189.297,47.8203,80.9688,-3,0,1,1,0
12436361,892,1,1,0,0.574633,149.68,189.711,46.3906,80.7969,-3,0,1,1,0
12443533,894,1,1,0,0.73029,151.078,190.047,46.5,80.4062,-2,0,1,1,0
12451183,892,1,1,0,0.702938,150.945,190.109,46.0781,80.4062,-3,1,1,1,0
12457118,893,1,1,0,0.7739,151.742,190.25,46.0781,81.25,-2,0,1,1,0
12464478,895,1,1,0,0.31658,151.602,190.203,42.9531,80.4688,-2,0,1,1,0
12471920,893,1,1,0,0.293,150.844,190.789,44.8125,80.8906,-2,0,1,1,0
12478761,893,1,1,0,0.210442,151.32,190.523,41.6719,80.7344,-2,0,1,1,0
12485301,889,1,1,0,0.210442,151.32,190.523,41.6719,80.7344,0,0,0,0,0
12492905,894,1,1,0,0.597843,147.961,189.875,44.9219,82.375,-3,1,1,1,0
12499308,893,1,1,0,0.574633,148.234,189.594,43.7812,82.9375,-3,0,1,1,0
12506129,892,1,1,0,0.215186,147.344,189.922,43.375,83.9062,-3,0,1,1,0
12513374,892,1,1,0,0.620622,146.047,189.297,45.5938,86.4062,-5,0,1,1,0
12519584,899,1,1,0,0.850716,145.672,189.25,45.3438,85.875,-4,0,1,1,0
12526726,894,1,1,0,0.847717,146.148,189.07,44.9531,85.6406,-4,0,1,1,0
12533565,893,1,1,0,0.825307,147.324,188.547,45.7891,85.0312,-4,0,1,1,0
12541417,894,1,1,0,0.802865,148.043,188.484,45.9141,85.2812,-4,0,1,1,0
12547542,893,1,1,0,0.7739,149.516,186.734,44.8438,85.0938,-3,-1,1,1,0
12554290,893,1,1,0,0.343121,153.062,189.625,45.2812,81.375,-1,0,1,1,0
12561721,892,1,1,0,0.829214,151.336,189.562,49.1094,80.6875,-2,0,1,1,0
12568888,891,1,1,0,0.646906,150.496,189.406,52.6953,80.3125,-2,0,1,1,0
12576280,891,1,1,0,0.501465,147.762,189.164,48.7266,81.0469,-4,0,1,1,0
12582981,893,1,1,0,0.839998,148.891,186.703,44.6562,84.8438,-3,0,1,1,0
12589543,893,1,1,0,0.626582,151.844,188.5,48.1875,81.75,-2,0,1,1,0
12596344,892,1,1,0,0.579401,151.922,188.109,43.2188,83.9062,-2,0,1,1,0
12603526,893,1,1,0,0.661049,153.414,187.836,42.8594,84.3594,-1,0,1,1,0
12610974,894,1,1,0,0.338295,155.047,188.633,42.6562,84.8281,-1,0,1,1,0
12618124,893,1,1,0,0.276105,156.223,190.109,42.5703,82.4688,-1,0,1,1,0
12623902,893,1,1,0,0.710629,156.812,188.57,43.5938,86.6406,0,0,1,1,0
12630962,893,1,1,0,0.741301,157.613,188.234,42.7109,87.7188,0,0,1,1,0
12638158,894,1,1,0,0.487307,159.207,189.375,42.8516,83.0625,0,0,1,1,0
12644935,894,1,1,0,0.727201,159.176,188.469,43.9297,86.8125,0,0,1,1,0
12652881,893,1,1,0,0.727975,159.223,187.945,43.6172,87.1406,0,0,1,1,0
12658836,895,1,1,0,0.769425,159.234,187.578,43.625,86.1562,0,0,1,1,0
12666581,894,1,1,0,0.649134,159.164,187.531,45.6406,86.1875,0,-1,1,1,0
12672659,897,1,1,0,0.789882,159.148,187.641,43.7031,85.9062,0,0,1,1,0
12679629,893,1,1,0,0.30301,158.836,187.664,42.7969,83.8281,0,0,1,1,0
12687372,891,1,1,0,0.700894,159.035,187.875,44.3359,86.875,0,0,1,1,0
12694071,894,1,1,0,0.431105,159.293,187.844,43.3359,86,0,-1,1,1,0
12701045,891,1,1,0,0.715822,159.402,187.75,43.0078,88.375,0,0,1,1,0
12708360,892,1,1,0,0.649134,158.871,188.586,43.0859,87.1719,0,0,1,1,0
12715629,893,1,1,0,0.592195,158.887,188.594,43.0859,88.75,0,-1,1,1,0
12721412,892,1,1,0,0.692642,158.707,188.562,42.7109,89,0,0,1,1,0
12727885,892,1,1,0,0.759223,158.75,188.531,41.5,87.1875,0,0,1,1,0
12735645,894,1,1,0,0.617858,158.574,188.375,41.2578,85.25,0,0,1,1,0
12742506,893,1,1,0,0.72448,158.598,188.297,41.1328,84.4688,0,0,1,1,0
12749607,893,1,1,0,0.537527,160.586,188.484,40.9219,84.7188,0,0,1,1,0
12756167,893,1,1,0,0.352648,161.945,188.016,40.3281,83.7812,0,0,1,1,0
12762771,892,1,1,0,0.614163,163.812,188.844,41.625,84.8125,0,0,1,1,0
12769951,895,1,1,0,0.788257,165.68,189.25,41.2031,85.1875,1,0,1,1,0
12777606,894,1,1,0,0.798501,166.531,191.531,40.875,82.8125,2,0,1,1,0
12784426,893,1,1,0,0.831963,167.895,191.188,41.7109,85.375,2,0,1,1,0
12790811,894,1,1,0,0.857049,168.922,192.031,41.3438,86.1875,2,0,1,1,0
12797451,892,1,1,0,0.726813,169.5,192,41.375,85.125,2,1,1,1,0
12805569,893,1,1,0,0.805938,169.867,191.906,41.7656,83.375,2,0,1,1,0
12812118,894,1,1,0,0.780663,170.133,192.117,42.7656,83.2656,3,0,1,1,0
12819150,893,1,1,0,0.823611,170.531,191.891,44.0625,84.2188,3,1,1,1,0
12825406,892,1,1,0,0.82699,170.52,192.266,43.5391,83.2812,3,0,1,1,0
12833281,893,1,1,0,0.781997,170.688,192.695,47.1875,85.3594,2,0,1,1,0
12840614,892,1,1,0,0.609059,169.992,193.422,48.1406,83.1562,3,1,1,1,0
12847050,893,1,1,0,0.261707,168.469,195.117,48.0625,79.1406,2,2,1,1,0
12853243,892,1,1,0,0.735642,168.508,194.547,48.3906,81.2812,2,1,1,1,0
12860643,893,1,1,0,0.561215,168.008,193.57,49.4219,83.7656,2,1,1,1,0
12867604,894,1,1,0,0.256272,169.688,191.258,51.0938,86.1406,3,0,1,1,0
12874796,894,1,1,0,0.697196,170.586,190.844,49.1719,81.4375,2,0,1,1,0
12881525,894,1,1,0,0.823611,171.094,190.266,51.1875,83.9062,3,0,1,1,0
12888854,893,1,1,0,0.801936,171.121,189.992,53.6328,83.9844,3,0,1,1,0
12895173,894,1,1,0,0.837886,171.531,189.625,53.3125,83.125,3,0,1,1,0
12902052,893,1,1,0,0.834676,171.422,189.789,54.5,84.1719,4,0,1,1,0
12909448,894,1,1,0,0.82699,171.453,189.922,55.3438,84.0938,3,0,1,1,0
12916446,892,1,1,0,0.851211,171.703,189.938,53.9688,84.4375,3,0,1,1,0
12923076,892,1,1,0,0.84569,171.309,189.938,57.1797,86.625,3,0,1,1,0
12929736,894,1,1,0,0.763834,170.766,189.906,56.2812,83.75,3,0,1,1,0
12937165,892,1,1,0,0.851211,170.57,189.844,57.2344,85.9375,3,0,1,1,0
12944194,893,1,1,0,0.847717,170.742,189.773,56.7344,86.2969,3,0,1,1,0
12950709,893,1,1,0,0.82866,170.73,189.773,54.5859,86.5469,3,0,1,1,0
12957789,895,1,1,0,0.796609,169.934,189.445,55.7422,85.8906,3,0,1,1,0
12964672,893,1,1,0,0.72952,169.98,189.391,57.2109,85.7188,2,0,1,1,0
12971583,895,1,1,0,0.784979,170.703,189.227,56.875,85.9219,3,0,1,1,0
12979024,894,1,1,0,0.804713,171.195,188.812,55.0781,83.5,3,0,1,1,0
12986124,896,1,1,0,0.763128,171.977,188.406,54.1719,83.5625,3,0,1,1,0
12992526,892,1,1,0,0.82699,172.078,188.469,53.4062,83.875,4,0,1,1,0
13000041,893,1,1,0,0.738293,171.578,188.711,54.5938,85.7969,3,0,1,1,0
13006718,895,1,1,0,0.728748,171.41,188.688,54.3047,84.375,3,0,1,1,0
13013524,895,1,1,0,0.820182,171.727,188.336,52.7969,87.1094,4,0,1,1,0
13020647,892,1,1,0,0.809879,171.484,188.414,52.8438,86.9531,3,0,1,1,0
13028081,892,1,1,0,0.828105,171.602,188.273,52.9844,88.0469,3,-1,1,1,0
13035049,892,1,1,0,0.848722,170.906,187.93,51.625,88.6094,3,0,1,1,0
13041576,891,1,1,0,0.758151,171.07,187.711,52.3594,87.3594,3,0,1,1,0
13048191,893,1,1,0,0.84364,171.102,187.562,51.8594,87.875,3,-1,1,1,0
13055081,893,1,1,0,0.802865,171.164,187.734,52.0156,86.9062,4,0,1,1,0
13062655,896,1,1,0,0.844667,171.086,187.719,51.3594,88.9375,3,-1,1,1,0
13069073,892,1,1,0,0.685108,171.289,187.766,50.9844,88.2188,3,0,1,1,0
13075843,893,1,1,0,0.837886,170.305,186.789,49.7656,89.0781,3,-1,1,1,0
13083543,895,1,1,0,0.851211,170.383,187.078,50.4219,89.4688,2,-1,1,1,0
13089453,893,1,1,0,0.860366,170.453,186.828,50.5312,90.7188,3,-1,1,1,0
13096594,893,1,1,0,0.833595,170.648,187.844,49.4844,91.4375,3,0,1,1,0
13104084,893,1,1,0,0.84569,171.488,187.797,48.4766,88.0312,3,-1,1,1,0
13111809,893,1,1,0,0.855126,171.477,187.57,48.2656,87.7031,3,0,1,1,0
13117616,894,1,1,0,0.85609,171.68,187.398,46.5469,87.2969,4,-1,1,1,0
13124517,892,1,1,0,0.82699,171.684,187.406,46.3672,86.5,3,0,1,1,0
13131595,893,1,1,0,0.74872,172.039,187.523,46.0781,87.7031,3,-1,1,1,0
13138667,894,1,1,0,0.837886,171.344,188.094,45.1875,85.0625,3,0,1,1,0
13145567,894,1,1,0,0.808975,170.867,188.438,44.6719,86,4,0,1,1,0
13152758,894,1,1,0,0.433981,171.016,188.391,43.2812,86.9688,3,0,1,1,0
13159155,893,1,1,0,0.543832,170.93,189.141,44.6094,87.3438,3,0,1,1,0
13166665,893,1,1,0,0.768383,170.016,189.227,42.0312,85.1094,2,0,1,1,0
13173525,893,1,1,0,0.814053,169.922,189.281,42.1562,85.3125,3,0,1,1,0
13180920,893,1,1,0,0.813165,169.641,188.867,43.2188,86.7656,3,0,1,1,0
13187109,892,1,1,0,0.715424,169.688,188.797,41.375,86.8438,2,0,1,1,0
13193737,894,1,1,0,0.819027,169.797,188.984,42.4062,85.7188,3,0,1,1,0
13201276,892,1,1,0,0.715822,169.773,189,42.1406,85.375,2,0,1,1,0
13208202,894,1,1,0,0.206574,171.203,189.023,39.9062,85.7031,3,0,1,1,0
13215368,893,1,1,0,0.616474,170.789,189.469,40.9531,82.5625,3,0,1,1,0
13222309,890,1,1,0,0.616474,170.789,189.469,40.9531,82.5625,0,0,0,0,0
13228737,893,1,1,0,0.587943,170.016,189.641,42.7188,82.9062,3,0,1,1,0
13236590,893,1,1,0,0.840523,170.328,189.766,41.3125,82.2812,3,0,1,1,0
13243203,895,1,1,0,0.588889,171.383,190.453,41.2344,81.5938,3,1,1,1,0
13249203,893,1,1,0,0.776963,171.328,190.383,40.9688,82.8281,3,0,1,1,0
13256744,892,1,1,0,0.844154,171.133,190.445,40.8594,81.8906,3,0,1,1,0
13264086,892,1,1,0,0.81048,170.781,190.125,41.375,81.125,3,0,1,1,0
13271268,892,1,1,0,0.645119,170.477,190.125,42.0469,80.875,3,0,1,1,0
13277424,892,1,1,0,0.650468,170.367,190.25,43.2656,81.5625,3,0,1,1,0
13284600,893,1,1,0,0.595022,169.859,190.391,43.9375,81.0938,2,1,1,1,0
13291132,892,1,1,0,0.593138,169.383,190.641,43.2969,80.5312,3,0,1,1,0
13298506,893,1,1,0,0.709825,169.203,190.5,42.7188,79.9375,2,0,1,1,0
13305762,893,1,1,0,0.821903,169.742,190.133,42.7656,81.2656,3,0,1,1,0
13312930,892,1,1,0,0.741675,169.734,190.266,42.7812,81.2812,2,0,1,1,0
13319002,891,1,1,0,0.751283,169.727,190.25,43.4844,80.5625,3,1,1,1,0
13326424,894,1,1,0,0.82866,169.695,190.281,43.1094,80.125,2,0,1,1,0
13333042,893,1,1,0,0.69802,170.078,190.148,43.4062,82.2969,3,0,1,1,0
13340413,893,1,1,0,0.517083,168.672,189.656,42.5938,81.4375,2,0,1,1,0
13346666,893,1,1,0,0.637933,168.609,189.68,47.5312,83.8594,2,0,1,1,0
13353720,895,1,1,0,0.709825,168.637,190.109,47.5234,82.1562,2,0,1,1,0
13361118,893,1,1,0,0.827548,169.82,189.602,48.6406,82.3281,3,0,1,1,0
13368224,889,1,1,0,0.827548,169.82,189.602,48.6406,82.3281,0,0,0,0,0
13374799,890,1,1,0,0.827548,169.82,189.602,48.6406,82.3281,0,0,0,0,0
13381945,891,1,1,0,0.827548,169.82,189.602,48.6406,82.3281,1,0,0,0,0
13388578,892,1,1,0,0.616012,171.219,189.172,49.9375,82.2188,2,0,1,1,0
13395535,895,1,1,0,0.661486,173.031,189.406,50.625,81.8125,4,0,1,1,0
13402613,894,1,1,0,0.61832,172.996,189.477,52.0078,82.3281,4,0,1,1,0
13409736,893,1,1,0,0.446495,173.777,189.648,52.4453,82.1094,4,0,1,1,0
13416453,893,1,1,0,0.318697,173.766,189.594,49.6875,81.6875,4,0,1,1,0
13423318,893,1,1,0,0.309858,173.695,189.531,50.6094,82,4,0,1,1,0
13430415,893,1,1,0,0.529263,172.688,190.008,51.625,82.6719,4,0,1,1,0
13437626,892,1,1,0,0.611846,171.414,190.328,50.8281,82.9688,3,0,1,1,0
13444865,892,1,1,0,0.525369,171.039,190.203,49.2969,82.5938,4,0,1,1,0
13451558,895,1,1,0,0.66628,169.867,190.242,49.9219,82.3594,2,0,1,1,0
13458416,893,1,1,0,0.347759,169.352,190.109,50.0156,82.3438,3,0,1,1,0
13465230,893,1,1,0,0.363873,168.891,190.375,50.7188,83.6875,2,0,1,1,0
13472167,891,1,1,0,0.610918,169.137,190.297,50.8516,84.3438,3,0,1,1,0
13478804,894,1,1,0,0.292595,169.594,190.469,51.25,84.75,2,0,1,1,0
13486252,894,1,1,0,0.237402,171.613,190.172,46.9766,84.7188,3,0,1,1,0
13492571,893,1,1,0,0.352871,171.977,190.141,46.2656,84.3438,3,0,1,1,0
13499352,893,1,1,0,0.652241,171.957,189.383,49.2891,86.1094,4,0,1,1,0
13506499,893,1,1,0,0.759937,170.719,189.203,49.9375,85.8438,3,0,1,1,0
13513883,891,1,1,0,0.741675,170.113,189,49.8516,86.375,2,0,1,1,0
13520705,892,1,1,0,0.501953,169.73,188.75,49.2891,87.8125,3,0,1,1,0
13527421,892,1,1,0,0.74651,169.039,188.156,49.0781,87.1875,2,0,1,1,0
13535924,891,1,1,0,0.74651,169.039,188.156,49.0781,87.1875,0,-1,0,0,0
13541765,893,1,1,0,0.740176,168.168,187.219,48.7109,88.1875,2,0,1,1,0
13548401,892,1,1,0,0.66236,168.172,187.109,46.5938,88.6562,2,-1,1,1,0
13555244,894,1,1,0,0.597373,169.633,186.719,45.6719,88.8125,2,-1,1,1,0
13562322,892,1,1,0,0.695131,169.633,186.789,45.4219,88.4219,2,0,1,1,0
13570171,894,1,1,0,0.389082,170.066,187.062,44.0078,87.375,3,-1,1,1,0
13576206,892,1,1,0,0.658857,170.566,187.75,43.0078,88,2,0,1,1,0
13584055,893,1,1,0,0.52683,170.32,187.688,43.4844,86.75,3,-1,1,1,0
13590576,893,1,1,0,0.713033,169.789,187.812,43.2656,84.25,3,0,1,1,0
13597374,892,1,1,0,0.233359,166.312,192.234,37.5,76.4062,1,1,1,1,0
13604064,892,1,1,0,0.249813,165.953,193.766,36.7188,74.9688,1,3,1,1,0
13611632,894,1,1,0,0.628864,167.102,188.531,39.8281,85.5625,2,0,1,1,0
13617784,894,1,1,0,0.68342,164.926,188.023,38.4609,84.3281,1,0,1,1,0
13624855,893,1,1,0,0.803483,165.367,186.844,38.1719,88.625,1,-1,1,1,0
13632121,892,1,1,0,0.835752,164.012,186.648,38.8359,88.0781,0,-1,1,1,0
13639079,894,1,1,0,0.855126,163.441,186.43,40.3516,88.7656,1,-1,1,1,0
13646063,892,1,1,0,0.819605,162.797,186.75,39.0938,87,0,-1,1,1,0
13652700,892,1,1,0,0.787604,162.516,187.266,39.2812,85.8438,0,0,1,1,0
13660471,892,1,1,0,0.818448,162.426,187.781,39.1328,84.5625,0,0,1,1,0
13666735,894,1,1,0,0.838416,161.934,188.156,39.9922,84.6875,1,0,1,1,0
13673913,889,1,1,0,0.847212,161.66,188.156,39.1172,84.375,0,0,1,1,0
13680908,894,1,1,0,0.840523,161.785,188.156,39.2266,84.8125,0,-1,1,1,0
13687345,890,1,1,0,0.837355,160.848,188.531,37.6953,84.0625,0,0,1,1,0
13694310,891,1,1,0,0.807461,160.711,189.211,38.2969,84.2969,0,0,1,1,0
13701730,891,1,1,0,0.837886,160.559,189.938,38.4453,82.875,0,0,1,1,0
13708753,893,1,1,0,0.861768,160.508,190.016,38.4844,83.2812,0,0,1,1,0
13715818,893,1,1,0,0.849722,160.305,190.312,38.8594,82.875,0,0,1,1,0
13722233,891,1,1,0,0.842606,160.289,190.328,38.6094,82.5312,0,0,1,1,0
13729314,892,1,1,0,0.831416,159.816,190.359,38.5078,82.7812,0,0,1,1,0
13736584,892,1,1,0,0.835215,160.066,190.664,40.6328,82.3281,0,0,1,1,0
13743384,891,1,1,0,0.852201,159.703,190.789,42.25,81.8281,0,1,1,1,0
13750403,893,1,1,0,0.837355,159.633,191.586,42.3281,81.1719,0,0,1,1,0
13756913,893,1,1,0,0.829214,159.562,191.75,42.625,80.75,0,1,1,1,0
13763932,891,1,1,0,0.834136,158.922,191.852,44.9688,80.4219,0,0,1,1,0
13771119,894,1,1,0,0.84364,158.84,191.812,44.3203,79.8125,0,1,1,1,0
13778368,893,1,1,0,0.837355,158.758,191.797,44.5156,79.7188,0,0,1,1,0
13785370,893,1,1,0,0.799442,158.469,192.102,46.6875,79.1094,0,1,1,1,0
13791773,893,1,1,0,0.830867,158.668,192.312,46.0859,81,0,1,1,1,0
13798850,892,1,1,0,0.824178,157.938,192.141,48.125,80.0938,0,1,1,1,0
13806461,893,1,1,0,0.811677,158.098,191.859,48.1953,81.4062,0,0,1,1,0
13813377,892,1,1,0,0.200245,157.227,191.094,50.0469,80.875,-1,1,1,1,0
13820544,893,1,1,0,0.654012,157.438,191.453,51.9375,84.0312,0,0,1,1,0
13826985,892,1,1,0,0.821903,157.469,191.422,49.5,83.7812,0,0,1,1,0
13834414,893,1,1,0,0.394668,160.688,191.156,42.125,82.6875,0,0,1,1,0
13841280,893,1,1,0,0.475118,160.867,191.031,41.2969,82.4375,0,0,1,1,0
13847893,894,1,1,0,0.404978,160.633,190.609,42.7031,81.5312,0,1,1,1,0
13854553,893,1,1,0,0.352871,161.379,190.844,41.8047,82.0625,0,0,1,1,0
13861505,891,1,1,0,0.62932,160.504,190.68,45.7891,81.3906,0,0,1,1,0
13868442,892,1,1,0,0.64646,159.02,190.875,48.1016,81,0,0,1,1,0
13875422,894,1,1,0,0.663233,157.887,190.789,50.2109,80.9219,0,1,1,1,0
13882104,892,1,1,0,0.607663,158.375,190.969,48.6875,81.875,0,0,1,1,0
13889231,891,1,1,0,0.383526,161.32,190.266,40.9219,80.7188,0,0,1,1,0
13896502,892,1,1,0,0.567457,162.453,189.812,40.1562,81.125,0,0,1,1,0
13903340,894,1,1,0,0.422028,162.273,189.828,40.7969,80.9688,0,0,1,1,0
13910569,892,1,1,0,0.634317,162.387,189.805,42.2266,81.1406,0,0,1,1,0
13917119,893,1,1,0,0.356224,162.137,189.656,41.5078,80.4375,1,1,1,1,0
13923779,892,1,1,0,0.231964,161.902,189.344,42.2891,80.0625,0,0,1,1,0
13930536,893,1,1,0,0.404978,162.242,189.953,40.9531,80.8438,0,0,1,1,0
13938009,893,1,1,0,0.219337,162.062,189.391,39.3125,77.4062,0,0,1,1,0
13944964,893,1,1,0,0.525369,156.184,189,51.9922,80.875,0,0,1,1,0
13951480,898,1,1,0,0.205615,156.984,188.781,47.8438,80.4375,-1,0,1,1,0
13959071,893,1,1,0,0.456652,154.473,189.141,54.3203,81.3438,-1,0,1,1,0
13965214,893,1,1,0,0.654012,154.328,188.969,54.5938,82.3125,-1,0,1,1,0
13972402,893,1,1,0,0.841046,155.078,189.219,53.9688,81.9375,-1,0,1,1,0
13979567,893,1,1,0,0.841567,155.531,189.453,53.4375,83.4688,0,0,1,1,0
13986037,894,1,1,0,0.622,155.734,188.914,52.0938,84.3281,-1,0,1,1,0
13993941,892,1,1,0,0.657979,159.344,188.625,47.25,84.625,0,0,1,1,0
14000446,892,1,1,0,0.220846,157.469,188.594,50.3125,85.5625,0,0,1,1,0
14008006,893,1,1,0,0.769771,157.738,188.422,50.0391,85.4062,0,0,1,1,0
14014496,894,1,1,0,0.603932,157.52,187.969,49.1641,85.8125,0,0,1,1,0
14021103,894,1,1,0,0.520496,158.023,188.078,48.7969,86.2188,0,0,1,1,0
14028076,894,1,1,0,0.767687,157.797,187.844,47.4062,85.3125,-1,-1,1,1,0
14035794,894,1,1,0,0.433502,158.023,188.109,46.9219,87.0312,0,0,1,1,0
14042061,893,1,1,0,0.651798,158.078,187.953,47.7812,86.8438,0,0,1,1,0
14048810,892,1,1,0,0.760293,158.598,187.672,46.0078,85.9062,0,0,1,1,0
14055745,892,1,1,0,0.755996,159.625,187.594,44.5625,85.5625,0,-1,1,1,0
14063264,893,1,1,0,0.66888,160.074,187.609,44.1484,85.5312,0,0,1,1,0
14069797,893,1,1,0,0.653127,160.195,187.391,41.8594,86.5312,0,0,1,1,0
14077969,895,1,1,0,0.804099,160.633,187.156,42.5156,86.1875,0,-1,1,1,0
14084766,892,1,1,0,0.787931,160.648,187.055,42.5156,86.1094,0,0,1,1,0
14090900,892,1,1,0,0.771498,160.836,186.766,42.2656,85.1562,0,-1,1,1,0
14097494,891,1,1,0,0.563618,160.852,187.156,41.4531,85.1875,0,0,1,1,0
14105038,894,1,1,0,0.704974,160.285,187.344,40.2578,84.0625,0,0,1,1,0
14111780,893,1,1,0,0.669312,159.902,188.219,39.1172,84.9375,0,0,1,1,0
14118822,893,1,1,0,0.743914,160.039,188.266,38.9844,85.5312,0,0,1,1,0
14125579,893,1,1,0,0.783326,159.961,188.352,38.8281,85.5469,0,-1,1,1,0
14132617,893,1,1,0,0.765591,159.945,188.383,39.1719,85.2656,0,0,1,1,0
14139500,893,1,1,0,0.269902,159.742,188.469,38.6406,84.3125,0,0,1,1,0
14146365,893,1,1,0,0.206414,159.336,188.414,38.3594,85.0156,0,0,1,1,0
14153292,891,1,1,0,0.206414,159.336,188.414,38.3594,85.0156,0,0,0,0,0
14160305,890,1,1,0,0.206414,159.336,188.414,38.3594,85.0156,0,0,0,0,0
14167140,891,1,1,0,0.206414,159.336,188.414,38.3594,85.0156,0,0,0,0,0
14174214,889,1,0,-1,0,0,0,0,0,0,0,0,0,0
14181599,891,1,1,0,0.284576,159.395,188.391,38.1641,83.9688,0,0,1,1,0
14187658,892,1,1,0,0.785966,159,189.266,39,82.4688,0,0,1,1,0
14194652,892,1,1,0,0.676192,158.668,189.867,39.5078,82.8281,0,0,1,1,0
14202158,893,1,1,0,0.830318,158.523,189.82,40.8281,83.8906,0,0,1,1,0
14209190,894,1,1,0,0.771153,158.445,189.781,40.0781,81.3125,0,0,1,1,0
14216124,893,1,1,0,0.766291,158.25,190.195,41.5,81.4844,0,0,1,1,0
14222745,895,1,1,0,0.806853,158.293,190.75,40.7109,80,0,0,1,1,0
14229391,894,1,1,0,0.785637,157.938,191.742,41.5,78.0469,0,1,1,1,0
14237060,893,1,1,0,0.759937,157.629,192.078,42.9609,79.0938,-1,1,1,1,0
14243335,894,1,1,0,0.806853,157.707,192.062,43.1484,79.375,0,1,1,1,0
14250497,892,1,1,0,0.732208,158.211,191.789,41.5469,78.7031,0,0,1,1,0
14257478,894,1,1,0,0.789882,158.586,191.344,44.4844,80.25,0,1,1,1,0
14264268,892,1,1,0,0.822474,158.621,191.242,43.8203,81.9844,0,0,1,1,0
14271287,894,1,1,0,0.828105,157.945,191.828,45.8906,82.4062,0,1,1,1,0
14278195,893,1,1,0,0.833595,158.977,190.688,45.7656,80.875,0,0,1,1,0
14285224,892,1,1,0,0.717408,159.141,191.109,47.1875,82.1562,0,0,1,1,0
14292231,893,1,1,0,0.761359,160.336,191.531,42.2969,83.0625,0,1,1,1,0
14298728,894,1,1,0,0.228847,160.094,190.312,39.6875,81.25,0,0,1,1,0
14306312,891,1,1,0,0.72409,160.289,190.898,44.0156,82.5781,0,0,1,1,0
14313196,892,1,1,0,0.795022,159.496,190.789,47.6797,82.0469,0,0,1,1,0
14319917,896,1,1,0,0.801315,159.582,190.734,48.1641,82.1562,0,0,1,1,0
14326700,893,1,1,0,0.814938,159.227,190.766,50.0781,82.2188,0,1,1,1,0
14334147,894,1,1,0,0.823043,159.383,190.812,49.3906,82.625,0,0,1,1,0
14340741,893,1,1,0,0.781664,159.953,191.039,47.3438,82.5781,0,0,1,1,0
14347619,893,1,1,0,0.764538,159.82,190.969,50.2969,84.1875,0,0,1,1,0
14354744,893,1,1,0,0.696371,157.406,190.773,50.6875,83.3281,0,0,1,1,0
14362381,894,1,1,0,0.530236,155.82,191.289,47.9219,79.9219,0,1,1,1,0
14369045,893,1,1,0,0.735642,155.004,190.508,52.5547,81.8906,-1,0,1,1,0
14375863,893,1,1,0,0.789233,155.012,190.484,51.5234,82.7188,-1,0,1,1,0
14382896,894,1,1,0,0.664976,153.32,189.812,50.2344,82.125,-1,0,1,1,0
14389307,893,1,1,0,0.589362,152.68,189.531,52.5156,82.125,-2,0,1,1,0
14396064,893,1,1,0,0.465873,150.359,189.188,49.4688,81.25,-2,0,1,1,0
14403499,894,1,1,0,0.405449,148.82,188.594,45.6406,79.75,-3,0,1,1,0
14410658,893,1,1,0,0.416797,148.859,189.047,45.0938,79.4062,-3,0,1,1,0
14417471,892,1,1,0,0.714628,147.023,189.195,41.7656,79.0156,-4,0,1,1,0
14424395,893,1,1,0,0.766291,146.969,189.062,42.0625,79.375,-4,0,1,1,0
14431341,894,1,1,0,0.775265,147.691,189.352,43.9922,79.5156,-3,0,1,1,0
14438288,894,1,1,0,0.799129,147.609,189.32,43.4062,79.0469,-4,0,1,1,0
14445323,893,1,1,0,0.739424,148.77,189.828,43.9609,80.3438,-3,0,1,1,0
14451970,893,1,1,0,0.786295,149.547,190,43.5312,79.9375,-3,0,1,1,0
14459129,892,1,1,0,0.769771,150.773,190.078,44.5469,81.4062,-3,1,1,1,0
14465840,893,1,1,0,0.834676,150.938,190.359,44.2188,81.0938,-2,0,1,1,0
14473193,894,1,1,0,0.79053,151.906,189.93,43.0625,80.1719,-2,0,1,1,0
14480598,895,1,1,0,0.817868,154.316,190.766,45.0703,82.2188,-1,0,1,1,0
14486635,892,1,1,0,0.774583,154.359,190.461,44.6562,81.0469,-1,0,1,1,0
14494296,893,1,1,0,0.796925,152.25,190.016,42.1875,79.5938,-2,1,1,1,0
14500491,893,1,1,0,0.652241,151.293,189.75,40.7891,79.6875,-2,0,1,1,0
14507863,894,1,1,0,0.429669,150.914,189.828,40.4219,81.5938,-2,0,1,1,0
14514605,895,1,1,0,0.847717,150.984,189.82,42.375,80.2656,-2,0,1,1,0
14521173,894,1,1,0,0.569374,151.078,189.422,41.6875,81.4062,-2,0,1,1,0
14528538,895,1,1,0,0.639736,150.742,189.328,41.2344,82.0938,-2,0,1,1,0
14536006,893,1,1,0,0.586049,149.93,189.141,38.8281,82.2188,-3,0,1,1,0
14542707,893,1,1,0,0.594551,149.352,189.219,38.2969,82.4375,-3,0,1,1,0
14549174,892,1,1,0,0.732591,148.766,189.062,39.1562,83.125,-3,0,1,1,0
14556080,895,1,1,0,0.831963,149.012,189.141,39.6016,83.4062,-3,0,1,1,0
14563210,892,1,1,0,0.82699,149.383,188.945,39.6094,83.8906,-3,0,1,1,0
14570819,893,1,1,0,0.794385,150.066,188.812,38.3672,84.375,-2,0,1,1,0
14576973,892,1,1,0,0.627496,150.195,188.531,38.7656,83.1875,-3,0,1,1,0
14584300,893,1,1,0,0.786295,150.953,188.344,39.3438,84,-2,0,1,1,0
14590662,893,1,1,0,0.819027,151.156,188.062,39.875,83.75,-3,0,1,1,0
14597696,894,1,1,0,0.814644,151.508,188.383,39.5781,84.9844,-2,0,1,1,0
14605987,894,1,1,0,0.828105,151.562,188.562,39.75,85.25,-2,0,1,1,0
14612002,894,1,1,0,0.801626,152.789,188.25,40.0469,85.75,-1,0,1,1,0
14618698,894,1,1,0,0.840523,151.867,188.391,40.2344,84.8438,-2,0,1,1,0
14625918,893,1,1,0,0.859425,151.656,188.609,41.5625,85.4062,-2,-1,1,1,0
14632630,892,1,1,0,0.754191,150.75,188.328,40.375,84.5938,-2,0,1,1,0
14639981,894,1,1,0,0.717012,150.547,188.234,40.7812,84.2812,-3,0,1,1,0
14646776,893,1,1,0,0.554953,150.547,188.141,39.7188,83.9688,-2,0,1,1,0
14653392,892,1,1,0,0.770117,150.301,188.32,39.8984,84.7031,-2,0,1,1,0
14660417,893,1,1,0,0.725648,151.047,188.875,39.3438,83.5,-3,0,1,1,0
14667800,893,1,1,0,0.835215,150.867,189.258,39.6406,85.7656,-2,0,1,1,0
14674502,893,1,1,0,0.76699,150.867,189.344,39.5781,84.5,-2,0,1,1,0
14681534,894,1,1,0,0.750187,150.984,189.289,39.3438,84.0469,-3,0,1,1,0
14688308,894,1,1,0,0.710629,150.926,189.766,39.3359,83.9062,-2,0,1,1,0
14695044,891,1,1,0,0.597843,150.906,189.75,42.2188,84.625,-2,0,1,1,0
14702430,893,1,1,0,0.481454,150.348,189.734,41.8047,83.0938,-3,0,1,1,0
14710000,893,1,1,0,0.783657,149.797,189.797,42.5938,82.2188,-2,0,1,1,0
14716343,894,1,1,0,0.425367,149.875,189.844,42.8125,81.6875,-3,0,1,1,0
14722987,892,1,1,0,0.538013,150.234,189.727,42.4688,81.8906,-2,0,1,1,0
14729992,893,1,1,0,0.677901,149.805,189.688,43.0781,81.75,-3,0,1,1,0
14737157,894,1,1,0,0.844154,149.859,189.984,43.2812,80.9062,-3,0,1,1,0
14744310,892,1,1,0,0.760648,149.086,190.25,44.8281,81.625,-2,0,1,1,0
14750871,893,1,1,0,0.85657,148.602,190.531,46.5469,81.1875,-3,1,1,1,0
14757723,894,1,1,0,0.213213,149.027,190.953,46.0703,81.2188,-3,0,1,1,0
14764729,893,1,1,0,0.855126,149.312,191.453,45,81.8438,-3,0,1,1,0
14771887,893,1,1,0,0.782663,149.68,191.141,44.7969,82.4062,-3,0,1,1,0
14778981,894,1,1,0,0.838945,149.695,191.156,46.3906,81.5625,-3,1,1,1,0
14785666,894,1,1,0,0.70416,149.719,191.203,47.3125,82.1562,-3,0,1,1,0
14792528,893,1,1,0,0.580352,149.883,191.258,47.1406,81.0156,-3,0,1,1,0
14799429,893,1,1,0,0.786623,150.5,190.938,45.8438,81.25,-2,1,1,1,0
14806843,891,1,1,0,0.821903,150.562,190.75,46.5,80.5,-3,0,1,1,0
14813747,890,1,1,0,0.854156,150.039,190.391,47.7656,81.0938,-2,0,1,1,0
14820276,892,1,1,0,0.796609,149.953,190.266,48.4062,81.8438,-3,0,1,1,0
14827203,895,1,1,0,0.209794,150.578,189.984,47.2812,82.2188,-2,1,1,1,0
14834400,892,1,1,0,0.825307,150.539,189.828,48.9219,80.8438,-3,0,1,1,0
14841481,893,1,1,0,0.497559,150.43,189.422,48.0469,81.2188,-2,0,1,1,0
14847918,892,1,1,0,0.210767,150.25,189.141,47.75,80.0938,-3,0,1,1,0
14855002,892,1,1,0,0.858479,151.07,189.461,48.1406,81.4219,-2,0,1,1,0
14861979,892,1,1,0,0.868158,151.188,189.391,47.375,81.2188,-2,0,1,1,0
14869154,891,1,1,0,0.811677,150.914,189.344,48.7344,80.5625,-2,0,1,1,0
14876695,893,1,1,0,0.741675,151.211,189.406,48.9844,79.9375,-3,0,1,1,0
14883067,892,1,1,0,0.73867,151.445,189.336,47.7031,79.3281,-2,0,1,1,0
14889792,891,1,1,0,0.797872,151.289,189.453,47.2031,80.2812,-2,0,1,1,0
14896676,894,1,1,0,0.52975,151.305,189.68,47.5469,81.6094,-2,0,1,1,0
14904498,892,1,1,0,0.844154,151,189.055,46.25,79.4844,-2,0,1,1,0
14910723,891,1,1,0,0.817283,151.125,188.93,46.6875,80.8594,-2,0,1,1,0
14917530,892,1,1,0,0.795022,150.551,188.734,46.8984,80.5312,-3,0,1,1,0
14924493,893,1,1,0,0.805327,151.066,189.133,49.2422,81.6406,-2,0,1,1,0
14931350,895,1,1,0,0.796925,150.719,189.031,47.625,81.3125,-2,0,1,1,0
14938562,893,1,1,0,0.805327,150.727,189.125,46.3594,81.5,-2,0,1,1,0
14945671,891,1,1,0,0.801626,149.914,188.781,45.9531,81.9375,-3,0,1,1,0
14952110,893,1,1,0,0.801936,149.641,188.766,44.7812,82.4688,-3,0,1,1,0
14959248,897,1,1,0,0.778313,149.844,188.484,45.3125,82.1562,-2,0,1,1,0
14966442,893,1,1,0,0.371592,149.445,188.625,44.6094,81.625,-3,0,1,1,0
14973371,893,1,1,0,0.773215,149.355,188.547,43.4766,81.5312,-3,0,1,1,0
14980525,895,1,1,0,0.645566,148.875,189.281,45.375,81.1875,-3,0,1,1,0
14987053,898,1,1,0,0.787278,149.254,189.25,45.1172,81.875,-3,0,1,1,0
14994012,893,1,1,0,0.798815,149.312,189.031,42.3438,80.6875,-3,0,1,1,0
15001159,894,1,1,0,0.824743,148.953,189.047,44.4688,80.9688,-3,0,1,1,0
15008412,893,1,1,0,0.797557,149.02,188.969,43.7109,81.3125,-3,0,1,1,0
15015032,893,1,1,0,0.755636,149.238,188.984,46.2109,81.1562,-3,0,1,1,0
15021762,894,1,1,0,0.806549,150.188,188.805,44.7188,81.2656,-2,0,1,1,0
15028932,895,1,1,0,0.29931,150.176,188.758,46.2734,80.8594,-3,0,1,1,0
15037052,895,1,1,0,0.768383,150.414,189.219,45.2656,81.75,-2,0,1,1,0
15043330,895,1,1,0,0.601125,149.305,189.797,47.1719,80.8438,-3,0,1,1,0
15049544,901,1,1,0,0.780328,149.086,189.68,49.2031,81.5781,-3,0,1,1,0
15056303,893,1,1,0,0.689306,149.281,189.961,47.5625,80.7656,-3,0,1,1,0
15063504,894,1,1,0,0.695545,149.18,190.031,46.8594,82.5,-3,0,1,1,0
15071053,894,1,1,0,0.617397,149.82,190.453,44.9844,82.7188,-3,0,1,1,0
15077808,892,1,1,0,0.50293,150.109,190.641,43.6562,82.0938,-2,0,1,1,0
15085182,892,1,1,0,0.472197,148.59,190.203,45.5078,81.5312,-3,0,1,1,0
15091085,892,1,1,0,0.480479,148.84,190.047,46.6328,82.0312,-3,1,1,1,0
15098000,893,1,1,0,0.493165,147.719,190.219,44.75,82.8125,-4,0,1,1,0
15105370,893,1,1,0,0.571766,147.586,190.328,46.1719,80.9688,-3,0,1,1,0
15112533,893,1,1,0,0.252199,147.555,190,44.3281,84,-4,0,1,1,0
15118774,895,1,1,0,0.539469,147.781,189.438,44.9375,84.125,-3,0,1,1,0
15125701,894,1,1,0,0.674479,147.723,189.305,45.9922,84.9844,-4,0,1,1,0
15132625,892,1,1,0,0.296858,149.902,188.32,41.6953,84.2656,-3,0,1,1,0
15141248,893,1,1,0,0.432063,152.199,188.18,42.9766,84.9844,-2,0,1,1,0
15146556,894,1,1,0,0.445529,149.594,188.016,43.9375,84.9688,-2,0,1,1,0
15153663,893,1,1,0,0.438304,149.219,188.359,45.1875,85.7812,-3,0,1,1,0
15160632,894,1,1,0,0.315103,149.785,188.109,43.3047,85.1562,-3,0,1,1,0
15167727,892,1,1,0,0.52975,149.676,188.32,45.7109,86.3594,-2,-1,1,1,0
15175278,893,1,1,0,0.337421,148.906,188.281,43.1875,85.0625,-3,0,1,1,0
15182018,894,1,1,0,0.522446,149.059,188.188,44.3828,85.625,-3,0,1,1,0
15188315,892,1,1,0,0.637933,148.234,187.438,44.8125,85.25,-4,0,1,1,0
15195127,892,1,1,0,0.497559,148.238,187.422,45.0859,85.5312,-3,-1,1,1,0
15202222,893,1,1,0,0.408277,148.316,187.383,45.8672,84.5156,-3,0,1,1,0
15209939,893,1,1,0,0.754552,149.488,187.844,45.1484,85.0625,-3,0,1,1,0
15216164,895,1,1,0,0.482917,149.473,189.07,46.1172,86.2344,-3,0,1,1,0
15222759,892,1,1,0,0.521471,149.484,188.93,43.5,83.1094,-3,0,1,1,0
15230227,894,1,1,0,0.349754,150.504,189.359,43.7422,84.1562,-2,0,1,1,0
15237205,890,1,1,0,0.349754,150.504,189.359,43.7422,84.1562,0,0,0,0,0
15244379,892,1,1,0,0.349754,150.504,189.359,43.7422,84.1562,0,0,0,0,0
15250709,894,1,1,0,0.368859,150.773,190.125,43.3906,85.75,-2,0,1,1,0
15258199,890,1,1,0,0.368859,150.773,190.125,43.3906,85.75,0,1,0,0,0
15264534,893,1,1,0,0.373875,149.68,190.781,43.2969,84.3125,-2,0,1,1,0
15271703,893,1,1,0,0.491212,148.242,190.609,42.6719,84.0312,-3,0,1,1,0
15279404,894,1,1,0,0.222531,145.828,190.93,42.1562,82.1094,-4,0,1,1,0
15285235,894,1,1,0,0.321673,149.23,190.453,41.5391,81.9688,-4,0,1,1,0
15292230,892,1,1,0,0.306112,146.781,190.445,44.1562,81.4219,-3,1,1,1,0
15299254,895,1,1,0,0.481941,147.809,190.25,43.1328,81.5625,-4,0,1,1,0
15306461,893,1,1,0,0.631141,147.859,190.234,43.7188,81.4062,-4,0,1,1,0
15314189,894,1,1,0,0.479504,147.906,190.312,44.625,81.875,-3,0,1,1,0
15320375,894,1,1,0,0.756716,148.359,190.57,44.2812,82.0156,-3,0,1,1,0
15327817,894,1,1,0,0.702121,149.426,190.422,44.0234,81.7188,-3,0,1,1,0
15334466,892,1,1,0,0.45181,148.883,190.234,44.3281,80.7812,-4,1,1,1,0
15341762,894,1,1,0,0.405449,148.906,191.062,44.75,81.875,-3,0,1,1,0
15347952,892,1,1,0,0.658418,148.547,190.797,45.7812,80.6562,-3,0,1,1,0
15354953,894,1,1,0,0.782663,149.91,189.75,44.9922,81.625,-3,0,1,1,0
15362504,895,1,1,0,0.810779,148.875,189.477,48.3125,82.0781,-3,0,1,1,0
15369352,892,1,1,0,0.811079,149.328,189.5,47.4375,82.625,-3,0,1,1,0
15376617,892,1,1,0,0.82643,149.578,189.688,48.0312,82.625,-2,0,1,1,0
15382987,893,1,1,0,0.851211,149.664,189.609,49.1406,83.0938,-3,0,1,1,0
15389559,892,1,1,0,0.804713,149.336,189.328,49.2031,81.7188,-3,0,1,1,0
15396750,893,1,1,0,0.802556,148.234,189.047,52.0938,82.1562,-3,0,1,1,0
15404013,892,1,1,0,0.759223,149.523,189.672,51.9531,83.3438,-3,0,1,1,0
15411234,895,1,1,0,0.787278,149.395,189.469,51.5859,80.9375,-3,0,1,1,0
15418055,895,1,1,0,0.776624,147.246,189.281,51.7578,80.9375,-4,0,1,1,0
15424570,894,1,1,0,0.816991,147.328,189.297,51.1562,82.4688,-3,0,1,1,0
15431775,893,1,1,0,0.842606,148.586,189.602,49.2969,82.6406,-4,0,1,1,0
15439217,893,1,1,0,0.712233,149.59,189.109,50.9453,82.3438,-3,0,1,1,0
15445329,893,1,1,0,0.81048,149.668,189.125,50.6641,83.125,-2,0,1,1,0
15452668,893,1,1,0,0.844667,150.75,189.07,49.625,83.7656,-3,0,1,1,0
15460086,893,1,1,0,0.824178,150.789,189.016,49.4844,83.7812,-2,0,1,1,0
15466351,893,1,1,0,0.853669,150.406,188.844,50.75,82.75,-3,0,1,1,0
15473884,892,1,1,0,0.814349,150.578,188.883,52.0938,84.2656,-2,0,1,1,0
15480975,894,1,1,0,0.839472,150.879,188.523,50.1328,82.8594,-3,0,1,1,0
15487657,893,1,1,0,0.84822,151.086,188.719,50.9219,82.9375,-2,0,1,1,0
15493822,892,1,1,0,0.673191,149.211,188.148,50.0156,82.2031,-3,0,1,1,0
15501204,892,1,1,0,0.758509,148.555,188.516,51.6719,82.7188,-3,0,1,1,0
15508756,893,1,1,0,0.81257,150.883,189.547,51.8594,85.3438,-2,0,1,1,0
15514650,894,1,1,0,0.769771,148.664,188.438,48.7031,82.125,-3,0,1,1,0
15521938,894,1,1,0,0.72487,148.703,188.375,50.0938,83.5,-3,0,1,1,0
15528566,893,1,1,0,0.821903,149.648,189.234,53.4531,85.4688,-3,0,1,1,0
15535917,892,1,1,0,0.821903,148.234,189.703,51.9062,85.2188,-3,0,1,1,0
15543356,893,1,1,0,0.460046,149.445,190.281,53.0156,87.3125,-3,0,1,1,0
15549551,891,1,1,0,0.788257,148.562,190.062,52.5625,87.25,-3,0,1,1,0
15556609,893,1,1,0,0.752376,148.531,190.039,53.1875,86.6719,-3,0,1,1,0
15564281,893,1,1,0,0.816113,148.531,189.938,52.0625,85.625,-3,0,1,1,0
15570710,894,1,1,0,0.827548,149.719,189.508,48.0625,84.0156,-3,0,1,1,0
15578206,893,1,1,0,0.807765,147.828,189.438,50.2188,84.4375,-4,0,1,1,0
15584412,892,1,1,0,0.801315,147.785,189.977,49.6172,85.0781,-3,0,1,1,0
15591266,893,1,1,0,0.261518,148.086,190.25,48.2656,86.875,-3,0,1,1,0
15598166,894,1,1,0,0.833052,148.523,189.75,49.0156,85.5,-4,0,1,1,0
15605330,894,1,1,0,0.844154,149.32,189.594,45.9531,85.0625,-3,0,1,1,0
15612926,893,1,1,0,0.835215,148.758,189.227,45.8906,84.5781,-3,0,1,1,0
15618902,893,1,1,0,0.855126,150.961,188.305,46.7031,84.3594,-2,0,1,1,0
15625985,893,1,1,0,0.639736,150.016,188.234,46.3438,83.5312,-3,0,1,1,0
15632922,891,1,1,0,0.869937,149.945,187.773,45.8906,85.5469,-3,0,1,1,0
15640236,891,1,1,0,0.354881,149.531,187.57,46.25,85.5156,-2,0,1,1,0
15647413,894,1,1,0,0.821903,149.785,187.539,46.5547,85.1406,-3,0,1,1,0
15653890,895,1,1,0,0.851211,150.359,187.898,45.9688,86.6719,-3,-1,1,1,0
15661161,900,1,1,0,0.815233,150.336,187.781,47.5781,86.8125,-2,0,1,1,0
15667691,893,1,1,0,0.801315,150.191,187.25,46.6797,86.125,-3,0,1,1,0
15676555,893,1,1,0,0.308398,150.531,187.531,45.75,86.4375,-2,-1,1,1,0
15682055,895,1,1,0,0.838416,152.594,187.703,45.5,86.5312,-2,0,1,1,0
15689405,894,1,1,0,0.753466,151.336,186.414,47.9531,85.2969,-2,-1,1,1,0
15695420,892,1,1,0,0.868605,151.359,186.625,46.0938,86.625,-2,0,1,1,0
15702666,892,1,1,0,0.740176,151.078,186.68,47.1562,85.6406,-2,-1,1,1,0
15710096,893,1,1,0,0.853669,151.062,186.672,46.375,85.8438,-3,0,1,1,0
15716388,892,1,1,0,0.719778,151.172,186.781,46.6562,85.5625,-2,-1,1,1,0
15723143,893,1,1,0,0.630686,150.703,187.484,45.2812,85.2812,-2,0,1,1,0
15730513,894,1,1,0,0.82133,151,187.656,46.125,86.5625,-2,0,1,1,0
15737463,893,1,1,0,0.851211,151.008,187.805,46.0781,84.9844,-2,0,1,1,0
15744739,894,1,1,0,0.833595,151.008,187.539,45.2656,85.1719,-3,-1,1,1,0
15751037,893,1,1,0,0.833595,151.25,187.805,46.1562,84.7656,-2,0,1,1,0
15758357,893,1,1,0,0.752012,151.57,188.07,46.2031,84.8594,-2,0,1,1,0
15765025,895,1,1,0,0.82643,152.461,188.438,46.6094,85,-2,0,1,1,0
15772199,892,1,1,0,0.770117,153.039,188.742,46.8281,83.8594,-1,0,1,1,0
15779593,890,1,1,0,0.818448,152.895,189.453,48.0391,82.3438,-2,0,1,1,0
15785972,893,1,1,0,0.627952,153.84,189.766,45.4453,82.9688,-1,0,1,1,0
15792815,894,1,1,0,0.392803,151.164,188.812,47.5781,84,-2,0,1,1,0
15799670,893,1,1,0,0.832508,151.844,188.664,47.8125,84.5469,-2,0,1,1,0
15806998,894,1,1,0,0.802865,153.273,188.758,48.3281,85.1719,-2,0,1,1,0
15814371,893,1,1,0,0.824743,154.422,188.469,50.0312,83.9375,-1,0,1,1,0
15820929,894,1,1,0,0.842606,154.449,188.625,49.4609,84.125,-1,0,1,1,0
15827606,893,1,1,0,0.836822,154.609,188.734,51.0312,84.0312,-1,0,1,1,0
15835082,893,1,1,0,0.837355,155.594,189.164,49.25,84.7969,-1,0,1,1,0
15841983,893,1,1,0,0.758151,157.422,188.938,47.3438,85.6875,0,0,1,1,0
15848498,893,1,1,0,0.772529,157.422,189.188,46.5938,85.625,0,0,1,1,0
15855392,894,1,1,0,0.518059,158,189.234,50,87.0312,0,0,1,1,0
15862955,892,1,1,0,0.52975,157.469,189.172,48.625,86.5938,-1,0,1,1,0
15869461,893,1,1,0,0.731057,157.805,188.812,48.4844,86.5,0,0,1,1,0
15876449,892,1,1,0,0.675764,157.582,189.031,46.6016,87.9375,0,0,1,1,0
15883761,891,1,1,0,0.750918,157.477,188.781,48.1406,87.6875,0,0,1,1,0
15890297,893,1,1,0,0.74577,157.465,188.703,46.0547,87.7188,-1,-1,1,1,0
15897307,892,1,1,0,0.839998,157.219,188.234,45.0625,87.9688,0,0,1,1,0
15904262,892,1,1,0,0.84569,157.113,188.141,43.4766,87.2188,0,0,1,1,0
15912353,895,1,1,0,0.823611,157.699,188.219,43.3359,86.8125,0,-1,1,1,0
15918755,894,1,1,0,0.755275,157.797,188.344,41.5625,88.0625,-1,0,1,1,0
15925240,893,1,1,0,0.834676,157.656,188.375,41.5,85.9375,0,0,1,1,0
15932178,893,1,1,0,0.81582,157.973,188.391,40.6016,85.7812,0,0,1,1,0
15938796,891,1,1,0,0.810779,159.293,189.047,40.5859,85.4688,0,0,1,1,0
15946487,893,1,1,0,0.799129,160.598,188.742,42.0547,85.8594,0,0,1,1,0
15954123,894,1,1,0,0.700075,162.027,188.672,40.1953,84.1562,0,0,1,1,0
15960823,894,1,1,0,0.40592,162.934,188.828,39.5703,82.4688,0,0,1,1,0
15966603,893,1,1,0,0.808673,165.16,189.109,39.8047,83.3438,1,0,1,1,0
15974346,890,1,1,0,0.851211,166.391,190.508,41.125,83.7656,1,0,1,1,0
15981182,893,1,1,0,0.84822,167.047,190.477,41.5312,82.7031,2,0,1,1,0
15988285,895,1,1,0,0.875577,169.289,190.492,41.7344,82.6719,2,0,1,1,0
15995233,894,1,1,0,0.819605,169.672,190.609,40.8438,83.0312,3,0,1,1,0
16001685,893,1,1,0,0.816113,170.922,191.055,42.1562,82.8906,2,1,1,1,0
16009035,893,1,1,0,0.823043,171.668,191.695,42.3359,83.1094,4,0,1,1,0
16015910,894,1,1,0,0.422981,168.234,192.062,43.9375,85.5,2,0,1,1,0
16022818,893,1,1,0,0.349754,169.461,193.047,46.7656,81.4062,2,1,1,1,0
16029764,892,1,1,0,0.779993,169.66,191.672,46.1797,84.1562,3,0,1,1,0
16036441,894,1,1,0,0.829214,169.672,191.594,47.0938,84.8125,2,0,1,1,0
16043489,893,1,1,0,0.763481,170.066,191.445,45.9453,84.3906,3,1,1,1,0
16050244,892,1,1,0,0.82866,169.941,191.641,47.1328,85.7812,2,0,1,1,0
16057670,893,1,1,0,0.770808,170.66,190.766,46.9922,83.6562,3,0,1,1,0
16064458,891,1,1,0,0.789558,170.41,190.25,47.8672,84.875,3,0,1,1,0
16071621,895,1,1,0,0.72409,169.031,190.094,46.5625,83.8125,2,0,1,1,0
16078105,893,1,1,0,0.646013,170.047,190.102,49.0938,84.9531,3,0,1,1,0
16085349,895,1,1,0,0.415847,170.234,189.695,49.6562,82.7656,3,0,1,1,0
16090887,894,1,1,0,0.807461,170.195,189.656,49.6406,83.6875,2,0,1,1,0
16097451,893,1,1,0,0.822474,170.266,189.648,50.6875,83.5469,3,0,1,1,0
16103920,894,1,1,0,0.235111,169.766,189.531,49.3438,83.0625,3,0,1,1,0
16109995,891,1,1,0,0.235111,169.766,189.531,49.3438,83.0625,0,0,0,0,0
16116406,894,1,1,0,0.641983,169.316,189.625,50.7422,83.4375,2,0,1,1,0
16124191,893,1,1,0,0.764186,169.961,189.773,51.7031,82.3281,3,0,1,1,0
16131028,893,1,1,0,0.830867,171.016,189.453,51.4688,83.0312,2,0,1,1,0
16137765,893,1,1,0,0.838416,171.664,189.125,50.6719,82.5,3,0,1,1,0
16144525,893,1,1,0,0.854642,172.75,188.891,53,84.0938,4,0,1,1,0
16150959,893,1,1,0,0.839472,173.211,188.484,51.3281,83.5312,4,0,1,1,0
16158544,895,1,1,0,0.669744,172.941,188.656,51.2422,84.8125,4,0,1,1,0
16165632,894,1,1,0,0.665411,172.312,188.617,51.625,83.7969,3,0,1,1,0
16172462,894,1,1,0,0.355328,172.023,188.656,50.2656,84.125,4,0,1,1,0
16179468,900,1,1,0,0.625668,171.207,188.438,51.8359,84.25,3,0,1,1,0
16186502,892,1,1,0,0.702121,171.656,187.836,49.3438,84.2969,3,0,1,1,0
16193931,893,1,1,0,0.720565,171.898,187.375,49.6719,84.75,4,0,1,1,0
16200642,893,1,1,0,0.513181,171.367,187.242,51.7344,84.8906,3,-1,1,1,0
16206942,894,1,1,0,0.717804,171.469,187.289,50.5625,86.3281,3,0,1,1,0
16213718,893,1,1,0,0.751648,171.367,187.18,50.5781,87.0469,4,0,1,1,0
16224200,896,1,1,0,0.461017,171.992,186.742,52.0781,85.0469,3,-1,1,1,0
16231096,893,1,1,0,0.397938,171.281,186.547,49.375,84.6562,3,0,1,1,0
16238633,894,1,1,0,0.592195,172.242,187.016,51.9531,86.2188,3,-1,1,1,0
16244775,892,1,1,0,0.301363,172.289,187.031,51.9844,84.4375,4,0,1,1,0
16251804,895,1,1,0,0.762775,172.711,187.266,53.2031,87.0938,4,-1,1,1,0
16258874,893,1,1,0,0.337858,171.445,187.258,49.7344,84.2344,3,0,1,1,0
16265882,892,1,1,0,0.73412,170.871,187.32,50.6328,85.3281,3,0,1,1,0
16272737,893,1,1,0,0.804406,171.805,187,50.2969,85.9375,3,0,1,1,0
16279844,894,1,1,0,0.85022,171.723,187.695,50.1953,87.0156,4,-1,1,1,0
16286506,892,1,1,0,0.47025,169.727,187.281,49.8594,87.3125,2,0,1,1,0
16293600,895,1,1,0,0.822474,171.453,186.734,49.6562,88.6562,4,-1,1,1,0
16300793,894,1,1,0,0.781997,171.309,186.547,50.1953,90.1562,3,-1,1,1,0
16307475,902,1,1,0,0.85657,171.609,186.578,49.6562,90.3438,3,-1,1,1,0
16314620,893,1,1,0,0.819605,171.359,186.766,49.4062,90.5312,3,-1,1,1,0
16321345,893,1,1,0,0.626582,169.352,187.641,45.1094,89.2188,3,0,1,1,0
16328210,894,1,1,0,0.768731,171.309,187.195,48.1172,88.1094,3,-1,1,1,0
16335110,894,1,1,0,0.315103,171.562,188.5,47.875,87.75,3,0,1,1,0
16341967,893,1,1,0,0.486332,171.93,188.844,47.3594,87.5625,3,-1,1,1,0
16348972,892,1,1,0,0.621081,172.164,188.898,46.1406,85.9531,3,0,1,1,0
16356036,895,1,1,0,0.246353,171.129,191.93,46.5078,79.6406,4,1,1,1,0
16363622,892,1,1,0,0.737916,172.273,189.578,44.5781,85.0312,3,0,1,1,0
16369794,894,1,1,0,0.70619,172.211,189.523,45.3906,86.4531,3,0,1,1,0
16376912,893,1,1,0,0.580828,170.469,189.469,44.5,85.9375,4,0,1,1,0
16383669,893,1,1,0,0.696371,169.422,189.531,43.4062,85.9375,2,0,1,1,0
16391091,893,1,1,0,0.755636,169.18,189.672,43.7656,85.2812,3,0,1,1,0
16397716,893,1,1,0,0.838416,165.812,189.984,42.125,82.4062,1,0,1,1,0
16404843,893,1,1,0,0.469763,165.68,189.953,43.4531,82.8438,1,0,1,1,0
16412018,893,1,1,0,0.44071,163.695,190.719,44.0156,80.5625,0,0,1,1,0
16418502,892,1,1,0,0.7398,163.383,190.844,43.7344,79.9375,1,0,1,1,0
16425427,893,1,1,0,0.807157,162.734,191.297,44.4688,80.6562,0,1,1,1,0
16432573,894,1,1,0,0.838416,162.805,191.344,46.1406,81.8125,0,0,1,1,0
16439502,894,1,1,0,0.834136,162.461,191.484,46.0156,82.2188,1,1,1,1,0
16446578,893,1,1,0,0.757075,162.918,191.266,45.7891,80.5938,0,0,1,1,0
16453259,891,1,1,0,0.703346,162.789,191.781,45.6719,80,0,1,1,1,0
16460491,893,1,1,0,0.760648,162.191,191.625,47.5547,83.375,0,0,1,1,0
16467487,893,1,1,0,0.802556,160.914,191.922,47.7656,83.2188,0,0,1,1,0
16474035,892,1,1,0,0.787931,161.203,191.758,49,82.8594,0,1,1,1,0
16481250,894,1,1,0,0.784649,162.336,191.047,46.0781,80.2812,1,0,1,1,0
16488256,893,1,1,0,0.74614,161.594,191.578,49.5,81.3438,0,0,1,1,0
16494858,892,1,1,0,0.754552,162.297,191.141,46.9062,82.0312,0,1,1,1,0
16501863,892,1,1,0,0.768383,161.359,190.773,49.2188,79.5469,0,0,1,1,0
16509058,893,1,1,0,0.758866,160.672,190.641,50.4062,79.5938,0,1,1,1,0
16516128,892,1,1,0,0.801004,160.266,190.109,48.6562,79.0938,0,0,1,1,0
16523445,893,1,1,0,0.766291,160.047,190.258,49.4688,80.2656,0,0,1,1,0
16529905,894,1,1,0,0.835752,159.938,190.234,50.75,81.4062,0,0,1,1,0
16536542,892,1,1,0,0.811677,158.727,189.82,50.0469,80.8281,0,0,1,1,0
16543604,894,1,1,0,0.712633,156.664,190.445,54.9219,82.2344,0,0,1,1,0
16550852,894,1,1,0,0.822474,154.133,190.578,48.7656,82.4062,-1,1,1,1,0
16557906,893,1,1,0,0.776963,152.445,190.375,50.8281,82.75,-2,0,1,1,0
16564670,894,1,1,0,0.785966,151.609,189.977,50.7812,83.1094,-2,0,1,1,0
16572088,892,1,1,0,0.736781,152.5,190.391,49.8438,83.6562,-2,0,1,1,0
16578597,895,1,1,0,0.700485,153.199,189.781,48.8984,85.1875,-1,0,1,1,0
16585409,894,1,1,0,0.806244,151.758,189.562,52.8594,84.5,-2,0,1,1,0
16592353,895,1,1,0,0.774583,151.402,189.406,53.5703,84.3125,-2,0,1,1,0
16599910,891,1,1,0,0.772186,151.348,188.859,53.3047,83.5938,-2,0,1,1,0
16605996,893,1,1,0,0.82133,151.289,189,53.3281,83.125,-2,0,1,1,0
16613702,894,1,1,0,0.836822,151.289,188.742,54.9844,83.6094,-2,0,1,1,0
16620498,893,1,1,0,0.693058,151.484,188.344,55.6562,83.3125,-2,0,1,1,0
16628386,892,1,1,0,0.728748,150.816,188.25,55.6328,83.25,-2,0,1,1,0
16634489,893,1,1,0,0.600188,148.32,188.078,51.2656,83.5312,-3,0,1,1,0
16640845,892,1,1,0,0.436382,146.883,188.266,48.8906,83.2188,-4,0,1,1,0
16648256,895,1,1,0,0.513668,145.258,187.93,46.7656,82.6094,-5,0,1,1,0
16654857,894,1,1,0,0.75274,145.352,187.844,46.2969,82.6875,-4,0,1,1,0
16661847,892,1,1,0,0.774924,146.219,187.75,47.8125,83.25,-4,0,1,1,0
16669308,895,1,1,0,0.663669,147.453,188.109,45.5938,83.0938,-4,0,1,1,0
16676281,893,1,1,0,0.774242,148.586,188.688,47.2031,84.625,-4,0,1,1,0
16682975,893,1,1,0,0.781331,149.559,188.602,47.3203,84.3906,-3,0,1,1,0
16689820,893,1,1,0,0.364099,149.898,188.539,45.9219,84.8906,-3,-1,1,1,0
16696491,894,1,1,0,0.741301,150.906,188.273,46.1562,84.7969,-2,0,1,1,0
16703528,895,1,1,0,0.564099,150.906,187.828,46.2188,85.3438,-2,0,1,1,0
16710471,893,1,1,0,0.505371,151.695,188.367,47.1719,85.7344,-2,0,1,1,0
16718801,900,1,1,0,0.48438,151.586,188.25,45.5781,85.25,-3,0,1,1,0
16724481,894,1,1,0,0.680454,151.68,187.859,45.6094,85.5312,-2,0,1,1,0
16731646,893,1,1,0,0.657539,150.383,187.781,44.3594,84.4375,-2,0,1,1,0
16738231,893,1,1,0,0.836288,151.031,188.281,45.25,84.75,-2,-1,1,1,0
16745406,893,1,1,0,0.663233,151.039,188.125,40.1719,85.5,-2,0,1,1,0
16752117,893,1,1,0,0.558327,149.977,187.984,42.4531,86.0312,-3,0,1,1,0
16759589,892,1,1,0,0.580828,149.109,188.828,43.4688,84.3438,-3,0,1,1,0
16766003,893,1,1,0,0.753466,150.164,188,43.6094,86.5,-2,0,1,1,0
16773067,894,1,1,0,0.61878,148.734,187.5,42.5938,84.375,-3,0,1,1,0
16780202,892,1,1,0,0.681303,149.363,187.156,44.3359,83.9375,-3,-1,1,1,0
16787068,892,1,1,0,0.660173,148.883,186.938,46.8906,83.625,-3,0,1,1,0
16793901,893,1,1,0,0.542378,149.25,187.453,42.125,86.2188,-3,0,1,1,0
16800820,894,1,1,0,0.831963,149.008,188.062,43.6094,85.5,-3,0,1,1,0
16807809,893,1,1,0,0.626582,149.359,188.344,41.9062,87.3125,-3,-1,1,1,0
16815207,892,1,1,0,0.816406,149.863,186.758,44.5234,87.1406,-3,0,1,1,0
16821784,893,1,1,0,0.838945,150.039,187.758,45.0156,86.7031,-2,-1,1,1,0
16828951,895,1,1,0,0.759937,148.805,187.609,43.1094,85.2812,-3,0,1,1,0
16835511,892,1,1,0,0.857049,149.523,188.484,45.5781,87.8438,-3,0,1,1,0
16843183,892,1,1,0,0.715822,148.008,188.391,43.7969,86.5938,-3,0,1,1,0
16849523,892,1,1,0,0.852692,150.016,189.266,45.0312,89.7812,-3,0,1,1,0
16856349,892,1,1,0,0.746879,149.586,189.016,43.5469,87.7188,-3,-1,1,1,0
16863849,894,1,1,0,0.861302,151.172,189.266,45.3438,88.6562,-2,0,1,1,0
16870302,893,1,1,0,0.859425,151.266,189.469,44.2188,86.6875,-3,0,1,1,0
16877556,892,1,1,0,0.713033,149.906,189.562,44.5312,86.375,-2,0,1,1,0
16884454,893,1,1,0,0.81582,150.992,189.078,44.2969,85.4062,-2,0,1,1,0
16891315,893,1,1,0,0.639285,149.352,190.141,44.6719,85.4688,-3,0,1,1,0
16898251,893,1,1,0,0.606731,149.555,190.219,46.1719,85.0625,-3,0,1,1,0
16905023,892,1,1,0,0.67662,149.703,190.062,45.9062,84.375,-3,0,1,1,0
16913286,893,1,1,0,0.62932,149.391,190.188,45.2812,83.375,-2,0,1,1,0
16919034,893,1,1,0,0.841046,148.797,190.562,45.3438,84,-3,0,1,1,0
16926190,894,1,1,0,0.841046,149.363,190.383,45.8984,82.9531,-3,0,1,1,0
16933005,894,1,1,0,0.86771,148.953,190.797,45.8438,83.9062,-3,0,1,1,0
16939746,894,1,1,0,0.816991,148.832,190.625,45.6484,82.75,-3,0,1,1,0
16946803,893,1,1,0,0.802556,149.262,191.516,45.6016,84.2812,-3,1,1,1,0
16953710,894,1,1,0,0.632957,151.344,190.859,44.625,82.4688,-3,0,1,1,0
16961437,895,1,1,0,0.765941,149.633,191.453,44.2969,83.5312,-2,0,1,1,0
16968179,893,1,1,0,0.841046,151.766,191.516,44.3125,82.9062,-2,0,1,1,0
16974797,894,1,1,0,0.787278,152.25,191.688,41.4375,83.125,-2,1,1,1,0
16981564,894,1,1,0,0.771153,149.422,191.703,46.4375,83.4688,-3,0,1,1,0
16988982,892,1,1,0,0.796609,148.57,191.938,47.1719,83.875,-3,0,1,1,0
16995508,891,1,1,0,0.810779,149.418,192.172,46.4141,84.2812,-3,1,1,1,0
17002177,892,1,1,0,0.700075,147.359,190.992,47.3438,82.2656,-3,0,1,1,0
17009322,894,1,1,0,0.832508,147.562,190.719,51.3125,83.5625,-4,0,1,1,0
17016978,893,1,1,0,0.827548,147.766,190.602,51.5,82.4531,-3,0,1,1,0
17023786,892,1,1,0,0.651354,148.961,190.383,53.2656,83.7656,-3,0,1,1,0
17030761,892,1,1,0,0.770117,148.312,190.156,51,80.4375,-4,0,1,1,0
17037106,893,1,1,0,0.733738,148.156,190.328,52.0625,81.7812,-3,0,1,1,0
17045047,894,1,1,0,0.704974,149.062,190.109,50.375,82.6562,-3,0,1,1,0
17051231,893,1,1,0,0.392803,150.215,190.18,51.8828,82.3594,-3,1,1,1,0
17059025,891,1,1,0,0.407805,150.227,189.766,52.4219,81.7188,-3,0,1,1,0
17065010,893,1,1,0,0.369087,151.641,188.664,51.3438,84.2031,-2,0,1,1,0
17072019,892,1,1,0,0.702121,151.094,189.055,51.5,84.9531,-2,0,1,1,0
17079034,893,1,1,0,0.692226,150.398,188.734,53.2969,85.0312,-2,0,1,1,0
17085839,893,1,1,0,0.761359,150.305,188.656,51.6719,85.1875,-3,0,1,1,0
17092837,892,1,1,0,0.775945,148.703,187.906,53.9688,83.8125,-3,0,1,1,0
17099680,893,1,1,0,0.810779,148.133,187.484,53.9531,83.0312,-3,0,1,1,0
17106541,894,1,1,0,0.775605,148.434,188.195,51.2578,84.7031,-3,0,1,1,0
17113602,893,1,1,0,0.674908,150.797,187.617,49.7812,83.3594,-3,-1,1,1,0
17121175,893,1,1,0,0.663233,150.879,187.664,50.6172,84.3906,-2,0,1,1,0
17127299,892,1,1,0,0.607663,151.324,187.812,48.4141,82.4375,-2,0,1,1,0
17135427,894,1,1,0,0.61231,151.398,188.039,50.0156,83.7656,-2,0,1,1,0
17141897,892,1,1,0,0.734501,151.301,188.828,50.0859,84.4062,-3,0,1,1,0
17149006,895,1,1,0,0.32853,148.938,188.094,53.625,84.5625,-2,0,1,1,0
17155652,893,1,1,0,0.735642,148.727,188.266,51.3906,83.7812,-3,0,1,1,0
17162929,894,1,1,0,0.250729,149.301,188.094,50.6484,83.625,-3,0,1,1,0
17169130,893,1,1,0,0.519034,150.5,188.047,52,82.9062,-3,0,1,1,0
17176078,893,1,1,0,0.200558,147.844,187.5,46,81.8125,-3,0,1,1,0
17183341,892,1,1,0,0.200558,147.844,187.5,46,81.8125,-1,0,0,0,0
17189954,895,1,1,0,0.237755,148.953,188.336,42.4688,82.0469,-3,0,1,1,0
17197264,892,1,1,1,0.239352,154.568,155.562,15.0273,17.2188,-1,0,1,1,0
17203901,892,1,1,1,0.202443,153.795,155.5,14.9102,17.8438,-1,1,1,1,0
17210886,893,1,1,1,0.380299,154.23,155.602,15.9766,17.9219,-1,1,1,1,0
17218552,892,1,1,1,0.331986,153.689,155.496,15.8711,18.4453,-1,1,1,1,0
17224781,890,1,1,1,0.331986,153.689,155.496,15.8711,18.4453,0,1,0,0,0
17232223,892,1,1,1,0.257204,151.361,154.979,16.1289,17.8242,-1,0,1,1,0
17239532,892,1,1,1,0.520496,150.588,154.574,16.2852,17.4453,-3,1,1,1,0
17245957,891,1,1,1,0.367043,149.014,153.631,16.7617,17.3008,-2,0,1,1,0
17253581,893,1,1,1,0.203708,149.34,168.875,11.875,12.2656,-3,7,1,1,0
17260100,894,1,1,1,0.286967,147.859,152.598,15.8438,17.1797,-4,0,1,1,0
17266484,893,1,1,1,0.299515,147.027,152.838,16.1016,17.6055,-4,0,1,1,0
17273353,893,1,1,1,0.281011,147.066,149.74,17.2109,18.3867,-3,0,1,1,0
17280439,894,1,1,1,0.312369,150.463,148.875,15.4648,17.3906,-3,-1,1,1,0
17288379,894,1,1,1,0.244725,150.307,148.779,14.5508,16.6992,-3,0,1,1,0
17294350,893,1,1,1,0.364777,149.918,149.02,14.6016,15.7734,-2,-1,1,1,0
17301214,892,1,1,1,0.282196,148.506,148.812,15.0977,15.9688,-3,0,1,1,0
17308076,894,1,1,1,0.584153,148.195,149.398,15.75,16.4688,-3,-1,1,1,0
17315377,894,1,1,0,0.205456,141.969,190.438,47.4688,76.875,-7,0,1,1,0
17322467,894,1,1,0,0.653569,148.516,185.203,45.4688,87.6562,-3,-1,1,1,0
17329296,893,1,1,0,0.703753,145.57,185.234,39.1406,87.6562,-5,-1,1,1,0
17336120,894,1,1,0,0.606731,148.035,185.477,40.8047,88.9531,-4,-1,1,1,0
17343310,895,1,1,0,0.400749,147.422,186.086,39.375,90.7031,-3,-1,1,1,0
17350409,893,1,1,0,0.505371,146.246,186,44.8828,90.5,-4,-1,1,1,0
17356626,894,1,1,0,0.344222,146.684,186.453,46.9453,89.9062,-4,-1,1,1,0
17362780,894,1,1,0,0.208824,145.426,186.688,48.4609,88.875,-5,-1,1,1,0
17368238,892,1,1,0,0.206574,153.617,187.578,37.9219,88.4062,-1,-1,1,1,0
17373220,894,1,1,0,0.421552,151.648,188.484,46.7969,87.7812,-2,0,1,1,0
17380089,893,1,1,0,0.455199,148.703,187.469,53.1562,86.6875,-3,-1,1,1,0
17388233,893,1,1,0,0.595022,148.359,187.312,49.7188,85.375,-3,0,1,1,0
17393930,894,1,1,0,0.67147,148.922,188.188,47.3125,86.625,-3,0,1,1,0
17401327,894,1,1,0,0.66236,149.535,188.531,47.1172,88.1875,-3,0,1,1,0
17408748,892,1,1,0,0.479991,149.824,188.562,47.8516,86.25,-2,0,1,1,0
17415794,891,1,1,0,0.66236,151.582,188.188,42.3984,87.5,-3,-1,1,1,0
17423589,893,1,1,0,0.509276,150.82,188.797,43.1406,86.7812,-2,0,1,1,0
17428919,895,1,1,0,0.206254,149.055,189.469,48.2344,85.1875,-3,0,1,1,0
17435813,893,1,1,1,0.293,156.805,154.648,15.0156,18.5781,0,1,1,1,0
17443258,892,1,1,1,0.214362,158.004,154.91,13.6953,18.1016,0,0,1,1,0
17450551,893,1,1,1,0.257951,156.256,155.102,15.6758,19.5469,0,1,1,1,0
17457627,894,1,1,1,0.2763,154.377,155.453,14.7695,18.5938,-1,1,1,1,0
17463394,892,1,1,1,0.398406,153.273,154.625,14.9531,18.0625,-1,1,1,1,0
17470339,893,1,1,1,0.404507,152.479,154.055,14.1055,16.9531,-2,0,1,1,0
17477311,894,1,1,1,0.261707,152.523,153.957,13.7344,16.1641,-1,1,1,1,0
17485367,890,1,1,1,0.261707,152.523,153.957,13.7344,16.1641,-1,0,0,0,0
17493329,895,1,1,1,0.231269,150.895,154.287,13.4609,15.9648,-2,0,1,1,0
17498102,891,1,1,1,0.231269,150.895,154.287,13.4609,15.9648,0,0,0,0,0
17506098,890,1,1,1,0.231269,150.895,154.287,13.4609,15.9648,-1,0,0,0,0
17511961,890,1,1,1,0.231269,150.895,154.287,13.4609,15.9648,-1,0,0,0,0
17519190,890,1,0,-1,0,0,0,0,0,0,0,0,0,0
17526975,890,1,0,-1,0,0,0,0,0,0,0,0,0,0
17532893,889,1,0,-1,0,0,0,0,0,0,0,0,0,0
17540150,890,1,0,-1,0,0,0,0,0,0,0,0,0,0
17546678,890,1,0,-1,0,0,0,0,0,0,0,0,0,0
17554996,897,1,0,-1,0,0,0,0,0,0,0,0,0,0
17561660,891,1,0,-1,0,0,0,0,0,0,0,0,0,0
17567980,890,1,0,-1,0,0,0,0,0,0,0,0,0,0
17575121,890,1,0,-1,0,0,0,0,0,0,0,0,0,0
17581788,890,1,0,-1,0,0,0,0,0,0,0,0,0,0
17589511,891,1,0,-1,0,0,0,0,0,0,0,0,0,0
17595284,891,1,1,1,0.211092,131.846,155.623,13.8867,16.543,-11,0,1,1,0
17602752,889,1,1,1,0.211092,131.846,155.623,13.8867,16.543,0,0,0,0,0
17609346,892,1,1,1,0.220678,139.148,153.414,13.875,16.7344,-7,0,1,1,0
17616396,892,1,1,1,0.494141,139.012,153.445,13.9219,16.2031,-8,0,1,1,0
17624123,892,1,1,0,0.202443,135.508,190.133,45.1406,80.8906,-8,0,1,1,0
17630184,893,1,1,0,0.70416,139.93,187.461,49.4844,87.6719,-8,0,1,1,0
17637031,891,1,1,0,0.385837,142.684,187.219,50.5547,87.0625,-6,-1,1,1,0
17643964,897,1,1,0,0.602062,147.055,186.828,50.1719,90.5938,-3,-1,1,1,0
17651384,893,1,1,0,0.417271,149.078,193.328,50.1562,75.5938,-3,2,1,1,0
17658713,893,1,1,0,0.510253,152.668,192.516,46.9766,77.3438,-1,2,1,1,0
17664743,892,1,1,0,0.660611,155.172,193,47.5938,79.1875,0,1,1,1,0
17672151,892,1,1,0,0.518059,154.516,194.43,46.5312,77.8906,-1,2,1,1,0
17679278,891,1,1,0,0.736781,154.727,192.867,47.2344,77.3594,-1,1,1,1,0
17686908,892,1,1,0,0.809277,155.664,185.281,47.7344,92.3125,-1,-3,1,1,0
17693589,892,1,1,0,0.757434,156.445,184.305,47.1719,89.3594,0,-2,1,1,0
17700118,891,1,1,0,0.655337,156.633,191.258,46.4844,77.6094,0,1,1,1,0
17707075,892,1,1,0,0.492188,156.426,193.055,45.3516,74.7656,-1,2,1,1,0
17713730,894,1,1,0,0.367043,155.75,192.844,46.125,72.625,0,2,1,1,0
17721658,893,1,1,0,0.707405,158.195,187.852,46.3281,82.7031,-1,0,1,1,0
17727329,894,1,1,0,0.776284,158.035,182.781,46.2578,91.8125,0,-4,1,1,0
17734157,895,1,1,0,0.7739,159.602,183.688,45.6719,92.0625,0,-3,1,1,0
17741518,894,1,1,0,0.208179,159.398,183.227,47.2969,92.2969,0,-3,1,1,0
17749192,891,1,1,0,0.450843,161.453,185.719,49.0938,90.25,0,-2,1,1,0
17754943,893,1,1,0,0.547706,164.336,188.688,43.9531,87.125,1,0,1,1,0
17762278,894,1,1,0,0.30632,165.289,190.242,43.7344,79.9531,1,0,1,1,0
17768929,893,1,1,0,0.383988,166.578,196.992,41.0312,68.2344,1,7,1,1,0
17775896,893,1,1,0,0.363195,166.625,196.273,42.5625,70.2344,2,5,1,1,0
17782914,890,1,1,0,0.363195,166.625,196.273,42.5625,70.2344,1,3,0,0,0
17791966,890,1,1,0,0.816406,168.496,186.875,42.8828,88.9375,2,-2,1,1,0
17797551,893,1,1,0,0.764538,168.375,185.312,44.6875,92.625,2,-3,1,1,0
17804334,894,1,1,0,0.598312,169.047,187,44.7188,86.625,2,0,1,1,0
17810581,890,1,1,0,0.672331,169.039,186.68,48.5156,89.6406,2,-1,1,1,0
17818036,892,1,1,0,0.591723,169.773,186.961,49.8594,88.3281,2,-1,1,1,0
17825539,891,1,1,0,0.758509,169.562,188.727,47.25,85.9219,3,0,1,1,0
17831575,891,1,1,0,0.758866,169.266,193.188,46.6562,76.1875,2,2,1,1,0
17838847,899,1,1,0,0.683843,168.109,193.297,46.0938,76.7812,2,2,1,1,0
17845525,894,1,1,0,0.732974,169.719,189.703,48.375,85.0312,3,0,1,1,0
17852391,892,1,1,0,0.590779,168.555,187.703,48.8906,89.5938,2,-1,1,1,0
17860746,892,1,1,0,0.568895,168.273,187.203,49.5781,90.3438,2,-1,1,1,0
17866641,890,1,1,0,0.786623,168.633,187.328,49.3906,89.2812,2,0,1,1,0
17873946,893,1,1,0,0.770463,168.359,188.836,49.8438,86.5781,2,0,1,1,0
17880492,892,1,1,0,0.783657,168.246,188.695,50.0078,85.1406,2,-1,1,1,0
17887042,892,1,1,0,0.774924,168.539,188.219,50.4844,84.6875,2,0,1,1,0
17894949,893,1,1,0,0.720565,169.27,188.07,48.6641,83.9844,2,0,1,1,0
17901824,891,1,1,0,0.800692,170.031,188.539,49.875,86.7969,2,0,1,1,0
17908269,890,1,1,0,0.541409,170.164,188.562,50.2031,85.6875,3,0,1,1,0
17916373,892,1,1,0,0.792143,170.336,188.617,50.2031,88.0156,3,0,1,1,0
17921630,892,1,1,0,0.852201,170.203,188.805,51.4688,88.2344,2,0,1,1,0
17928704,889,1,1,0,0.860835,170.211,188.297,51.2969,87.7188,3,-1,1,1,0
17936467,894,1,1,0,0.838945,170.891,188.25,52.1562,87.125,3,0,1,1,0
17942465,892,1,1,0,0.754191,170.93,188.281,53.2656,88.8125,3,0,1,1,0
17950499,895,1,1,0,0.744657,171.477,188.109,52.5469,88.5312,3,-1,1,1,0
17957472,894,1,1,0,0.796609,171.395,188.148,51.6641,87.4219,3,0,1,1,0
17963873,892,1,1,0,0.837886,171.203,188.508,52.875,86.5469,3,0,1,1,0
17970218,892,1,1,0,0.831416,171.578,189,52.1562,86.75,3,0,1,1,0
17977440,893,1,1,0,0.77865,172.223,188.984,51.8203,86.7812,4,0,1,1,0
17985531,898,1,1,0,0.82133,172.219,188.977,51.1875,85.9219,3,0,1,1,0
17991414,892,1,1,0,0.798501,172.031,188.898,51.8125,86.1719,4,0,1,1,0
17998960,893,1,1,0,0.588416,172.328,189.078,48.7188,83.4062,3,0,1,1,0
18005492,893,1,1,0,0.769425,172.258,189.031,50.8594,85.8125,4,0,1,1,0
18011942,893,1,1,0,0.449876,172.629,189.828,51.5547,83.5938,3,0,1,1,0
18019474,900,1,1,0,0.750918,171.883,187.609,51.7656,87.7188,4,0,1,1,0
18028184,894,1,1,0,0.480479,173.082,186.984,51.8359,89.0312,4,-1,1,1,0
18033921,895,1,1,0,0.549157,172.203,186.453,52.4688,91.0938,3,-1,1,1,0
18039763,893,1,1,0,0.679178,172.039,186.156,49.4844,90.4375,4,-1,1,1,0
