t_us,lat_us,aiming,hasTarget,classId,conf,cx,cy,w,h,emit_dx,emit_dy,mscale_x,mscale_y,inject_cum_x
49854,1264,0,1,0,0.86362,239.281,156.047,64.1875,80.8438,27,-10,1,1,0
100040,1178,0,1,0,0.82133,237.125,155.766,65.5,80.6562,28,-11,1,1,0
153026,1177,0,1,0,0.73029,231.281,155.18,56.8125,80.0156,28,-12,1,1,0
206498,1169,0,1,0,0.329177,221.152,154.578,42.3672,78.3438,26,-15,1,1,0
257730,1164,0,1,0,0.551574,209.211,157.109,30.4844,78.2188,18,-14,1,1,0
311402,1161,0,1,0,0.409221,199.766,156.516,31.2812,78.9062,12,-14,1,1,0
363668,1160,0,1,0,0.672331,191.008,154.25,30.5156,83,9,-16,1,1,0
417122,1160,0,1,0,0.688888,181.277,155.859,32.3359,84.4062,3,-16,1,1,0
455966,1161,0,1,0,0.688888,181.277,155.859,32.3359,84.4062,6,-16,1,1,0
469380,893,0,1,0,0.831416,169.898,157.219,37.9219,79.8125,0,-13,1,1,0
524279,1157,0,1,0,0.603464,160.383,156.656,54.2656,80.4375,-2,-15,1,1,0
530332,894,0,1,0,0.804406,158.926,157.086,57.5859,79.4844,-1,-14,1,1,0
537492,892,0,1,0,0.830867,157.828,157.547,59.0938,79.9688,-1,-13,1,1,0
544712,892,0,1,0,0.832508,157.508,159.625,59.4844,74.6875,0,-12,1,1,0
551041,893,0,1,0,0.772186,156.367,159.266,60.8906,74.7812,-1,-12,1,1,0
558143,894,0,1,0,0.823043,154.855,156.484,63.4141,77.7812,-1,-13,1,1,0
565545,892,0,1,0,0.848722,151.18,153.312,64.2656,82.375,-2,-17,1,1,0
571669,890,0,1,0,0.835752,146.562,151.406,65.75,83.25,-5,-19,1,1,0
578569,892,0,1,0,0.833052,141.871,147.633,65.1328,84.6406,-7,-21,1,1,0
585672,893,0,1,0,0.88182,132.906,145.562,67.4375,82.25,-13,-22,1,1,0
592446,892,0,1,0,0.319758,123.652,143.328,67.5703,82.9062,-18,-23,1,1,0
600293,895,0,1,0,0.86905,113.109,139.844,64.0938,85.25,-21,-21,1,1,0
607050,893,0,1,0,0.797557,99.7812,136.133,68.5625,84.3594,-23,-20,1,1,0
613874,894,0,1,0,0.891621,85.7812,131.227,68.0625,87.5781,-24,-18,1,1,0
620585,894,0,1,0,0.88263,71.1016,128.391,69.0469,87.2812,-25,-16,1,1,0
627419,893,0,1,0,0.887006,53.9141,123.547,67.6719,88.0938,-26,-16,1,1,0
634583,894,0,1,0,0.627039,41.4297,118.148,62.1406,86.8281,-26,-15,1,1,0
641352,894,0,1,0,0.771842,28.6016,113.844,57.6094,88.5625,-26,-15,1,1,0
648654,890,0,1,0,0.771842,28.6016,113.844,57.6094,88.5625,-11,-4,0,0,0
656276,892,0,1,0,0.771842,28.6016,113.844,57.6094,88.5625,-10,-3,0,0,0
662604,890,0,1,0,0.771842,28.6016,113.844,57.6094,88.5625,-8,-3,0,0,0
669768,893,0,0,-1,0,0,0,0,0,0,0,0,0,0
675940,892,0,0,-1,0,0,0,0,0,0,0,0,0,0
683212,897,0,0,-1,0,0,0,0,0,0,0,0,0,0
690167,891,0,0,-1,0,0,0,0,0,0,0,0,0,0
696863,892,0,1,0,0.232661,9.75781,119.719,9.45312,17.3125,-28,-8,1,1,0
705103,891,0,1,0,0.232661,9.75781,119.719,9.45312,17.3125,0,0,0,0,0
710812,892,0,1,0,0.232661,9.75781,119.719,9.45312,17.3125,0,0,0,0,0
717791,893,0,1,0,0.572245,18.6992,81.7344,37.4141,87.0312,-19,-23,1,1,0
724760,892,0,1,0,0.687631,23.6562,81.3828,47.8438,86.0156,-21,-22,1,1,0
733365,895,0,1,0,0.838945,33.6328,82.3672,48.3906,85.7344,-21,-22,1,1,0
739701,892,0,1,0,0.871258,45.2578,83.4844,44.1406,84.6562,-19,-22,1,1,0
745482,894,0,1,0,0.838945,53.3203,82.9688,41.0469,83.8125,-19,-24,1,1,0
753054,894,0,1,0,0.510741,55.9688,83.2812,41.1875,83.5625,-20,-23,1,1,0
759990,892,0,1,0,0.849223,54.3281,83.1953,39.5312,84.6094,-19,-22,1,1,0
766549,891,0,1,0,0.835752,52.6016,83.1016,38.5156,83.9219,-21,-22,1,1,0
773115,892,0,1,0,0.806244,50.7578,82.4375,37.8594,84.625,-20,-22,1,1,0
779975,893,0,1,0,0.808068,49.8281,82.5,35.375,84,-20,-22,1,1,0
787376,891,0,1,0,0.77865,48.1328,83.3516,36.4531,84.6719,-21,-22,1,1,0
794897,893,0,1,0,0.842087,47.9141,83.4219,37.4219,86.1562,-21,-22,1,1,0
801620,892,0,1,0,0.835215,46.8047,84.4844,33.6406,85.2188,-21,-21,1,1,0
808155,892,0,1,0,0.846199,44.0078,83.8125,39.4844,81.8125,-21,-21,1,1,0
814878,891,0,1,0,0.864538,43.9766,83.375,69.8281,84.25,-21,-21,1,1,0
822201,892,0,1,0,0.873865,48.6094,82.8672,55.2188,83.8594,-21,-22,1,1,0
828561,892,0,1,0,0.681303,40.5469,81.1719,34.4688,85.3438,-21,-21,1,1,0
837357,892,0,1,0,0.811079,43.5859,82.8047,34.6094,85.1719,-22,-21,1,1,0
843440,894,0,1,0,0.718989,41.2734,83,34.4219,84.75,-21,-21,1,1,0
850434,893,0,1,0,0.356672,41.4414,83.1562,33.4141,84.3125,-21,-22,1,1,0
856609,893,0,1,0,0.709825,41.8672,82.7969,32.3906,83.9062,-22,-21,1,1,0
864516,894,0,1,0,0.816406,42.25,82.6172,31.125,84.2344,-21,-21,1,1,0
872348,896,0,1,0,0.774242,42.5547,82.4375,33.3594,85.375,-21,-21,1,1,0
879081,894,0,1,0,0.802246,42.625,82.3672,32.1875,84.4844,-22,-21,1,1,0
886442,893,0,1,0,0.809879,42.7188,82.375,34.3125,85.3125,-21,-21,1,1,0
892017,890,0,1,0,0.719384,43.1953,82.1484,32.8281,84.7031,-21,-21,1,1,0
898532,892,0,1,0,0.804713,39.2422,81.5078,33.0469,84.9844,-22,-21,1,1,0
905435,892,0,1,0,0.752376,30.875,83.6094,31.5625,85.4688,-22,-20,1,1,0
912537,893,0,1,0,0.842606,27.0391,85,31.6406,84.8125,-23,-19,1,1,0
921011,893,0,1,0,0.547222,23.5273,87.0781,32.0547,81.2812,-24,-19,1,1,0
926651,892,0,1,0,0.622918,24.3672,87.7344,30.5469,79.0938,-23,-19,1,1,0
933114,892,0,1,0,0.413951,26.7148,90.6406,31.4922,82.9062,-24,-18,1,1,0
940926,891,0,1,0,0.729905,31.5234,91.7188,32.0781,81.0625,-23,-19,1,1,0
947067,891,0,1,0,0.804099,35.1562,92.8047,31.3438,81.4531,-23,-19,1,1,0
955172,892,0,1,0,0.474631,38.4883,93.4062,29.4141,80.0625,-23,-19,1,1,0
963072,892,0,1,0,0.474631,38.4883,93.4062,29.4141,80.0625,-23,-20,1,1,0
969379,893,0,1,0,0.836822,50.543,94.6562,32.5859,80.8125,-22,-20,1,1,0
975601,892,0,1,0,0.528777,59.1328,96.2812,30.8906,80.4375,-21,-22,1,1,0
983500,895,0,1,0,0.762775,67.7812,97.4219,34,81.5938,-19,-23,1,1,0
996508,896,0,1,0,0.783988,87.1562,101.477,30.0312,79.7031,-15,-26,1,1,0
1010788,895,0,1,0,0.219003,99.0898,106.375,27.1328,68.625,-14,-26,1,1,0
1018325,893,0,1,0,0.319971,113.281,105.969,29.2188,77.125,-9,-29,1,1,0
1024368,893,0,1,0,0.722918,127.352,107.977,30.8594,78.4531,-4,-30,1,1,0
1032505,894,0,1,0,0.731441,151.633,117.609,27.7656,66.4062,5,-29,1,1,0
1046113,894,0,1,0,0.807765,170.859,119.602,30.3438,74.4531,13,-27,1,1,0
1052099,894,0,1,0,0.786623,176.656,119.75,28.875,74.6875,11,-28,1,1,0
1058861,895,0,1,0,0.236166,181.266,121.641,31.6562,76.3438,10,-28,1,1,0
1073058,894,0,1,0,0.327239,187.992,123.531,35.6094,76.3125,13,-28,1,1,0
1088017,892,0,1,0,0.529263,191.953,123.828,34.625,73.0938,13,-27,1,1,0
1093658,894,0,1,0,0.823043,195.922,127.688,41.4375,75.5,15,-26,1,1,0
1101454,896,0,1,0,0.751648,206.41,132.484,48.3828,77.4688,20,-22,1,1,0
1107866,895,0,1,0,0.269325,214.477,133.625,39.4844,67.9375,23,-19,1,1,0
1122812,894,0,1,0,0.573678,220.938,134.5,50.5625,75.5,23,-19,1,1,0
1136282,892,0,1,0,0.841567,223.641,134.375,52.0312,77.75,23,-19,1,1,0
1142401,892,0,1,0,0.848722,226.086,134.547,54.0469,77.9062,24,-19,1,1,0
1150047,892,0,1,0,0.841567,227.695,134.297,52.6406,76.9688,23,-19,1,1,0
1156370,894,0,1,0,0.835752,228.344,134.094,52.0625,77.1875,23,-19,1,1,0
1163240,890,0,1,0,0.831963,229.727,134.109,53.7031,77.5938,23,-19,1,1,0
1171495,893,0,1,0,0.840523,230.828,134.641,53.2812,77.6562,24,-19,1,1,0
1184815,896,0,1,0,0.820757,230.957,134.695,52.9141,76.4219,23,-18,1,1,0
1191088,895,0,1,0,0.784319,232.09,135.195,51.6172,72.4844,25,-18,1,1,0
1206232,894,0,1,0,0.626125,234.156,134.5,52.8125,77.125,24,-18,1,1,0
1220715,895,0,1,0,0.640185,237.289,137.258,50.8281,71.7656,25,-16,1,1,0
1233970,893,0,1,0,0.800068,241.16,136.039,49.9297,76.8281,25,-17,1,1,0
1239667,893,0,1,0,0.784649,243.508,136.023,50.6094,76.5469,26,-15,1,1,0
1246595,893,0,1,0,0.849722,246.383,135.68,46.2969,76.9844,25,-16,1,1,0
1260639,893,0,1,0,0.787604,248.164,136.469,45.9531,77.9375,26,-15,1,1,0
1268378,894,0,1,0,0.742049,248.32,136.812,46.2031,78.875,26,-15,1,1,0
1274580,895,0,1,0,0.505859,247.477,136.984,46.6406,78.7812,26,-16,1,1,0
1281004,894,0,1,0,0.262084,246.219,137.469,46.5312,80.375,25,-15,1,1,0
1289044,895,0,1,0,0.500977,246.609,139.18,42.3438,76.3594,27,-15,1,1,0
1294926,895,0,1,0,0.233534,245.102,139.5,43.4531,79,26,-15,1,1,0
1303762,894,0,1,0,0.415373,245.906,143.172,36.1875,74.7812,26,-13,1,1,0
1317169,893,0,1,0,0.218502,242.809,145.891,39.1797,79.8438,27,-14,1,1,0
1323075,892,0,1,0,0.452778,243.809,145.914,36.1016,80.6719,27,-13,1,1,0
1329712,895,0,1,0,0.521471,241.133,154.422,32.7969,68.4062,29,-8,1,1,0
1338266,893,0,1,0,0.302804,241.773,154.203,31.0469,72.2812,28,-10,1,1,0
1343763,891,0,1,0,0.48438,241.52,153.375,31.7422,78.75,28,-11,1,1,0
1352192,895,0,1,0,0.474144,241.801,153.719,31.8672,79.5625,28,-11,1,1,0
1358504,894,0,1,0,0.731441,241.984,154.156,31.375,79.6875,28,-11,1,1,0
1364402,893,0,1,0,0.747985,241.957,154.195,30.2734,79.0156,28,-11,1,1,0
1372742,896,0,1,0,0.582254,241.426,154.125,30.8203,77.75,28,-11,1,1,0
1377998,894,0,1,0,0.596433,241.738,154.945,31.0703,75.3906,28,-10,1,1,0
1386412,895,0,1,0,0.560253,242.797,156.078,33.2188,75.8438,28,-10,1,1,0
1392433,896,0,1,0,0.457622,242,156.516,27,70.5312,29,-9,1,1,0
1400437,896,0,1,0,0.804099,242.383,156.031,30.7656,77.6875,28,-10,1,1,0
1406474,893,0,1,0,0.340704,242.242,155.844,26.9844,74.875,29,-10,1,1,0
1421469,895,0,1,0,0.309023,242.715,155.078,27.6016,77.1562,28,-10,1,1,0
1426979,892,0,1,0,0.314892,242.355,155,27.4453,77.4375,28,-10,1,1,0
1435465,892,0,1,0,0.525856,244.438,154.688,26.7812,76.0625,28,-10,1,1,0
1441367,892,0,1,0,0.506347,245.734,155.266,29.6562,79.0938,29,-10,1,1,0
1447670,895,0,1,0,0.73867,246.25,155.461,27.8281,78.0469,28,-10,1,1,0
1455834,895,0,1,0,0.245086,247.398,156.453,26.8906,75.2812,29,-9,1,1,0
1462357,893,0,1,0,0.235814,247.688,157.344,25.9375,76.5,28,-9,1,1,0
1470081,894,0,1,0,0.539469,249.59,157.141,28.8828,75.5938,29,-9,1,1,0
1475326,892,0,1,0,0.82866,249.914,157.031,27.1406,75.8125,29,-8,1,1,0
1484133,895,0,1,0,0.513668,251.742,157.188,27.1406,76.625,28,-9,1,1,0
1490415,893,0,1,0,0.697608,252.387,157.266,28.2266,75.6562,29,-8,1,1,0
1497752,897,0,1,0,0.755275,253.207,157.914,28.9609,74.6094,29,-8,1,1,0
1503900,891,0,1,0,0.447943,253.752,158.031,28.1289,74.3125,29,-8,1,1,0
1510727,894,0,1,0,0.505859,255.484,158.422,28.9688,73.7188,29,-8,1,1,0
1518412,895,0,1,0,0.718199,256.27,158.531,29.8516,73.25,29,-7,1,1,0
1524582,895,0,1,0,0.503906,256.438,158.625,29.1875,72,29,-8,1,1,0
1531725,895,0,1,0,0.449392,256.793,157.859,30.2891,72.7812,29,-7,1,1,0
1539336,893,0,1,0,0.449876,255.195,157.391,32.6406,72.6562,29,-7,1,1,0
1544981,898,1,1,0,0.244364,254.711,156.078,34.3906,72.7812,29,-8,1,1,0
1553218,895,1,1,0,0.490236,253.816,154.547,34.3672,70.8438,29,-9,1,1,0
1558811,893,1,1,0,0.785308,253.965,153.297,37.6641,75.7812,29,-9,1,1,0
1567101,892,1,1,0,0.73867,236.547,157.859,40.8438,74.3438,28,-10,1,1,0
1573145,895,1,1,0,0.252015,220.023,161.797,39.7969,73.6562,21,-10,1,1,0
1579379,893,1,1,0,0.722527,202.82,168.594,43.9219,75.5625,10,-5,1,1,0
1588070,893,1,1,0,0.219672,187.25,172.25,39.625,74.25,1,-3,1,1,0
1593839,893,1,1,0,0.401218,179.738,178.141,28.5703,72.3438,1,0,1,1,0
1601942,896,1,1,0,0.50293,172.359,180.391,29.5938,76.7812,0,0,1,1,0
1608507,894,1,1,0,0.592195,173.273,182.781,30.3281,78.1875,2,0,1,1,0
1614156,894,1,1,0,0.849223,171.93,185.281,44.6094,73.625,2,0,1,1,0
1622972,894,1,1,0,0.764889,164.797,187.133,52.25,73.1406,0,1,1,1,0
1629048,895,1,1,0,0.783657,167.258,186.789,41.9219,82.4531,1,0,1,1,0
1636629,895,1,1,0,0.328099,167.332,186.688,46.2109,82.1875,2,0,1,1,0
1642588,894,1,1,0,0.707,174.695,185.609,33.8281,83.7188,4,-1,1,1,0
1650690,894,1,1,0,0.343781,175.109,186.328,31.3438,86.0938,5,0,1,1,0
1656540,894,1,1,0,0.755996,166.203,187.703,50.8438,85.7812,1,0,1,1,0
1663410,894,1,1,0,0.578924,164.602,187.844,48.2031,85.8125,1,-1,1,1,0
1671618,896,1,1,0,0.720171,159.945,190.562,51.6094,90.75,0,0,1,1,0
1676848,893,1,1,0,0.785966,160.328,189.453,49.8438,86.5938,0,0,1,1,0
1685316,895,1,1,0,0.84822,159.758,189.391,51.0469,88.5312,-1,0,1,1,0
1690770,896,1,1,0,0.811677,158.523,189.859,53.2344,90.9688,0,0,1,1,0
1698249,896,1,1,0,0.510253,159.859,189.984,49.9062,90.1562,0,0,1,1,0
1706049,895,1,1,0,0.733356,160.812,190.82,50.8125,91.4844,0,0,1,1,0
1712376,892,1,1,0,0.751283,159.992,191.398,56.5156,92.0469,0,0,1,1,0
1719843,894,1,1,0,0.873434,159.852,191.703,55.2031,92.5938,0,0,1,1,0
1725604,891,1,1,0,0.800692,159.836,191.93,58.0781,93.1094,0,0,1,1,0
1733899,894,1,1,0,0.841046,159.586,192.172,58.6719,94.9688,0,0,1,1,0
1740107,895,1,1,0,0.887786,159.328,192.203,60.4062,94.2812,0,0,1,1,0
1746298,896,1,1,0,0.708213,159.969,191.422,62.4375,90.8438,0,0,1,1,0
1754726,896,1,1,0,0.433981,160.086,189.859,62.5781,88.2188,0,0,1,1,0
1761181,895,1,1,0,0.797872,160.023,189.625,61.1406,87.625,0,0,1,1,0
1768548,895,1,1,0,0.851211,161.859,188.828,56.5938,86.5938,0,0,1,1,0
1774373,895,1,1,0,0.818448,162,188.766,56.75,84.9062,0,0,1,1,0
1781052,895,1,1,0,0.84364,162.906,187.727,54.8125,83.8281,0,0,1,1,0
1789009,895,1,1,0,0.772186,162.688,188.125,55.25,82.5625,0,0,1,1,0
1795990,892,1,1,0,0.85609,162.984,188.992,56.2188,87.8594,1,0,1,1,0
1803237,896,1,1,0,0.86771,162.93,188.859,55.8906,85.0938,0,0,1,1,0
1808878,896,1,1,0,0.817868,162.664,189.508,57.3906,82.3594,0,0,1,1,0
1817286,896,1,1,0,0.785637,161.602,190.523,59.0469,80.7031,1,0,1,1,0
1823616,894,1,1,0,0.796609,161.125,190.656,59.625,80.5625,0,0,1,1,0
1829627,895,1,1,0,0.756716,160.812,191.344,61.5625,80.875,0,1,1,1,0
1837881,894,1,1,0,0.793106,159.637,189.211,59.0391,84.6719,0,0,1,1,0
1843225,895,1,1,0,0.794704,159.195,188.844,60.1406,83.9375,0,0,1,1,0
1851469,891,1,1,0,0.798187,159.484,188.148,62.7812,86.5781,0,0,1,1,0
1857779,894,1,1,0,0.851211,159.18,188.25,62.8906,86.375,0,0,1,1,0
1864775,893,1,1,0,0.769771,156.695,188.562,62.3594,86.125,0,-1,1,1,0
1872653,894,1,1,0,0.780328,156.734,188.562,63.5938,86.25,-1,0,1,1,0
1878485,895,1,1,0,0.834676,156.711,189,64.9219,88.25,0,0,1,1,0
1886878,896,1,1,0,0.850716,155.621,189.469,63.1328,87.5625,-1,0,1,1,0
1892467,893,1,1,0,0.824178,155.723,189.5,63.9297,88.5,0,0,1,1,0
1900267,895,1,1,0,0.820757,154.234,189.203,63.5938,88.1562,-1,0,1,1,0
1906876,893,1,1,0,0.818448,153.492,189.688,62.5781,89.0625,-2,0,1,1,0
1914442,893,1,1,0,0.814644,151.707,189.266,60.5859,88.4688,-1,0,1,1,0
1920397,894,1,1,0,0.829767,149.883,189.109,58.7344,87.1562,-3,-1,1,1,0
1927607,895,1,1,0,0.74651,149.656,189.336,58.0625,87.8281,-3,0,1,1,0
1935192,893,1,1,0,0.742423,149.008,189.102,56.8594,88.0469,-2,0,1,1,0
1940989,900,1,1,0,0.808975,148.859,188.977,56.1875,88.5469,-3,0,1,1,0
1947693,892,1,1,0,0.745029,148.496,188.828,54.8047,88.4062,-4,0,1,1,0
1955864,896,1,1,0,0.71423,148.109,188.25,52.4062,88.3125,-3,-1,1,1,0
1961888,895,1,1,0,0.79534,147.828,188.062,49.625,89.125,-3,0,1,1,0
1969853,893,1,1,0,0.468304,147.855,187.781,49.8516,88.8125,-4,0,1,1,0
1975987,895,1,1,0,0.603932,146.625,187.188,47.6875,89.75,-4,-1,1,1,0
1983663,896,1,1,0,0.320609,146.477,187.539,45.1719,87.9219,-4,-1,1,1,0
1989786,893,1,1,0,0.626125,146.656,186.156,43.8125,91.4375,-3,-1,1,1,0
1996100,900,1,1,0,0.626125,146.656,186.156,43.8125,91.4375,-1,-1,0,0,0
2003876,894,1,1,0,0.309441,146.879,187.977,39.8203,87.0781,-4,0,1,1,0
2010230,895,1,1,0,0.437343,147.512,188.305,39.0391,86.7344,-3,0,1,1,0
2017808,891,1,1,0,0.437343,147.512,188.305,39.0391,86.7344,0,0,0,0,0
2024455,894,1,1,0,0.406391,147.461,188.781,35.9844,86.9375,-3,0,1,1,0
2032305,895,1,1,1,0.256086,151.021,151.971,12.834,14.582,-3,0,1,1,0
2038616,895,1,1,1,0.471223,149.902,152.488,12.4922,15.6016,-2,0,1,1,0
2045387,895,1,1,1,0.516596,150.254,151.959,12.6953,14.8867,-3,0,1,1,0
2053142,893,1,1,1,0.235111,151.038,152.51,12.627,14.9102,-2,0,1,1,0
2058777,892,1,1,1,0.327669,150.93,152.223,12.9688,14.8984,-3,0,1,1,0
2067038,896,1,1,1,0.627952,151.312,152.252,12.5801,14.6133,-2,0,1,1,0
2072873,896,1,1,1,0.535099,151.144,151.814,12.2285,14.2539,-2,0,1,1,0
2079581,893,1,1,1,0.616936,152.213,151.783,12.8555,15.0977,-2,0,1,1,0
2088461,895,1,1,1,0.534127,152.396,152.016,12.9414,15.0156,-2,0,1,1,0
2094854,894,1,1,1,0.498047,152.604,152.117,13.2305,15.7188,-1,0,1,1,0
2101950,895,1,1,1,0.555435,152.537,151.947,13.2383,15.6445,-2,0,1,1,0
2108332,894,1,1,1,0.436862,152.705,151.795,13.0273,15.4883,-2,0,1,1,0
2114281,894,1,1,1,0.324664,152.898,152.182,13.4844,14.543,-1,0,1,1,0
2122083,893,1,1,1,0.413477,152.943,152.299,12.5898,14.3398,-2,0,1,1,0
2128881,896,1,1,1,0.211417,152.529,152.785,12.6445,15.0234,-2,0,1,1,0
2136473,894,1,1,1,0.304455,152.742,153.561,12.9375,14.5117,-1,0,1,1,0
2142013,895,1,1,1,0.577495,152.668,153.387,12.8359,14.6641,-2,0,1,1,0
2149787,894,1,1,1,0.213705,152.475,154.016,12.0117,14.8281,-1,0,1,1,0
2155471,893,1,1,0,0.229537,144.879,190.109,34.8203,86.1562,-5,0,1,1,0
2163273,894,1,1,0,0.446977,145.516,191.062,34.5625,84.125,-5,0,1,1,0
2170309,897,1,1,0,0.441192,143.754,189.969,37.7266,88.0625,-5,0,1,1,0
2177296,895,1,1,0,0.446495,145.734,194.523,37.3438,80.8281,-5,1,1,1,0
2184342,894,1,1,0,0.242566,145.492,196.266,36.1094,74.8438,-4,4,1,1,0
2191101,895,1,1,0,0.226442,143.867,196.625,30.8906,71.1875,-6,4,1,1,0
2197434,896,1,1,0,0.280616,149.68,194.172,40.1719,76.8438,-3,2,1,1,0
2205147,895,1,1,0,0.331553,150.758,194.391,39.5469,77.4688,-2,2,1,1,0
2211956,893,1,1,0,0.631141,152.289,187.281,40.9531,87.5625,-2,-1,1,1,0
2219194,893,1,1,0,0.796609,153.32,186.234,40.8906,89.1562,-1,-2,1,1,0
2225848,896,1,1,0,0.728362,153.203,186,42.4688,88.6875,-1,-1,1,1,0
2233615,894,1,1,0,0.807765,152.82,186.539,43.8281,90.8281,-2,-2,1,1,0
2239252,894,1,1,0,0.847212,152.203,187.703,43.0312,89.4062,-1,0,1,1,0
2246244,894,1,1,0,0.849223,151.086,187.406,44.6406,87.4375,-2,-1,1,1,0
2253798,894,1,1,0,0.858479,150.828,187.562,44.2188,86.1875,-3,0,1,1,0
2261590,895,1,1,0,0.786295,149.664,187.797,44.4219,86.3438,-2,0,1,1,0
2268277,895,1,1,0,0.654895,149.359,187.758,45.4688,85.6406,-3,-1,1,1,0
2274128,894,1,1,0,0.355776,149.992,188.078,45.4844,85.7812,-3,0,1,1,0
2281203,895,1,1,0,0.300746,148.688,188.969,48,82.4375,-3,0,1,1,0
2288816,896,1,1,0,0.576065,149.977,188.438,47.3906,85.5,-2,0,1,1,0
2295752,894,1,1,0,0.766291,149.891,188.297,50.0938,85.4062,-3,0,1,1,0
2302666,896,1,1,0,0.815233,151.152,188.219,51.9297,85.25,-2,0,1,1,0
2310453,896,1,1,0,0.82866,151.188,188.266,52.625,84.8438,-3,0,1,1,0
2316554,895,1,1,0,0.848722,151.594,188.484,53.9375,85.3438,-2,0,1,1,0
2323141,894,1,1,0,0.84364,152.062,188.375,54.8125,86.375,-2,0,1,1,0
2330189,894,1,1,0,0.843124,152.691,188.594,55.6328,86,-1,0,1,1,0
2337201,895,1,1,0,0.801626,152.863,187.914,56.1484,84.9531,-2,0,1,1,0
2343648,893,1,1,0,0.771498,154.602,188,59.6094,85.875,-1,-1,1,1,0
2351154,894,1,1,0,0.775265,154.781,187.43,59.5625,86.6094,-1,0,1,1,0
2357765,894,1,1,0,0.757793,155.219,187.234,60.4375,84.4688,-1,0,1,1,0
2365352,895,1,1,0,0.745029,156.176,187.625,62.5234,85.75,-1,-1,1,1,0
2371722,896,1,1,0,0.752012,156.664,187.328,65.5156,84.5938,0,0,1,1,0
2379059,893,1,1,0,0.529263,156.488,187.266,64.7109,83.7188,-1,0,1,1,0
2385864,893,1,1,0,0.791499,154.641,188.25,59.5938,84.375,0,0,1,1,0
2392718,894,1,1,0,0.793106,154.555,188.375,61.1406,85.125,-1,0,1,1,0
2399618,893,1,1,0,0.573201,154.219,187.406,61.1875,83.3125,-1,0,1,1,0
2405937,895,1,1,0,0.779993,145.309,186.289,46.1953,79.9844,-6,-1,1,1,0
2414053,896,1,1,0,0.706595,144.375,186.25,45.875,79.6875,-5,0,1,1,0
2420541,895,1,1,0,0.25128,144.914,186.75,48.9219,80.75,-5,0,1,1,0
2427872,894,1,1,0,0.824178,144.516,187.328,43.4688,80.5938,-5,0,1,1,0
2434216,896,1,1,0,0.29972,147.918,187.414,45.1641,81.0469,-4,0,1,1,0
2440649,894,1,1,0,0.211417,150.598,189.117,46.8047,84.2344,-2,0,1,1,0
2448072,894,1,1,0,0.227986,157.086,189.859,57.1094,84.2188,0,0,1,1,0
2455310,892,1,1,0,0.699254,157.449,189.5,54.4766,85.1875,0,0,1,1,0
2462415,894,1,1,0,0.61832,157.539,189.562,55.7969,84.8125,0,0,1,1,0
2468887,895,1,1,0,0.201499,156.492,188.375,24.0156,73.5,0,0,1,1,0
2475832,893,1,1,0,0.643328,155.547,190,57.0312,84.25,-1,0,1,1,0
2483079,895,1,1,0,0.299515,152.902,190.352,55.5547,84.2031,-1,0,1,1,0
2489895,893,1,1,0,0.787931,151.039,189.547,53.8906,84.4688,-2,0,1,1,0
2496353,893,1,1,0,0.759223,149.516,189.789,53.1562,84.0781,-3,0,1,1,0
2504063,893,1,1,0,0.321033,147.633,190.359,47.8281,81.5312,-3,0,1,1,0
2511728,896,1,1,0,0.74614,147.82,189.75,48.5156,84.875,-4,0,1,1,0
2518213,894,1,1,0,0.40592,147.477,189.766,48.5781,84.2188,-3,0,1,1,0
2524089,894,1,1,0,0.816406,147.406,189.844,47.375,85.4375,-4,0,1,1,0
2531668,893,1,1,0,0.42919,147.367,189.859,45.7344,83.8438,-4,0,1,1,0
2538549,895,1,1,0,0.697608,147.43,189.578,39.6094,83.9688,-3,0,1,1,0
2545719,895,1,1,0,0.791499,147.758,189.57,40.4844,84.5156,-4,0,1,1,0
2552644,894,1,1,0,0.762068,148.09,189.016,38.0859,83.2188,-3,0,1,1,0
2559545,894,1,1,0,0.790206,148.965,189.203,35.2578,84.0938,-4,0,1,1,0
2566343,896,1,1,0,0.758151,149.121,189.008,36.5391,84.3594,-3,0,1,1,0
2572550,895,1,1,0,0.824178,149.332,189.078,36.2266,85.6562,-3,0,1,1,0
2580302,894,1,1,0,0.653569,149.773,188.852,36.0156,85.2969,-2,0,1,1,0
2586672,894,1,1,0,0.461017,149.844,188.859,37.0625,87.3438,-3,0,1,1,0
2594328,893,1,1,0,0.604399,150.734,189.539,37.7812,84.4219,-3,0,1,1,0
2600981,901,1,1,0,0.876425,149.773,190.469,41.8281,82.875,-2,0,1,1,0
2607788,896,1,1,0,0.861768,150.457,189.562,51.3516,82.4375,-3,0,1,1,0
2615184,895,1,1,0,0.742796,153.938,190.344,55.75,83.6875,-1,0,1,1,0
2622464,896,1,1,0,0.844154,148.156,188.406,38.5312,86.5625,-3,0,1,1,0
2629324,896,1,1,0,0.828105,152.383,188.156,37.9844,87.5625,-2,0,1,1,0
2635795,895,1,1,0,0.788257,150.594,189.688,38,89.75,-2,0,1,1,0
2644266,895,1,1,0,0.739424,151.664,189.109,39.2031,88.7188,-2,0,1,1,0
2649769,894,1,1,0,0.842606,152.805,188.953,39.3594,88.4062,-2,-1,1,1,0
2656157,896,1,1,0,0.801004,155.828,189.242,35.6875,86.8906,-1,0,1,1,0
2663777,894,1,1,0,0.631141,155.703,189.602,36.6562,88.0469,-1,0,1,1,0
2670684,896,1,1,0,0.810779,156.734,189.062,37.2812,89.5,0,0,1,1,0
2678419,896,1,1,0,0.829767,157.746,188.969,37.6172,89.6875,0,0,1,1,0
2684406,895,1,1,0,0.82133,158.438,189.086,37.6875,88.7969,0,-1,1,1,0
2691044,896,1,1,0,0.797872,158.777,189.031,37.1953,88.0625,0,0,1,1,0
2698229,896,1,1,0,0.761713,158.859,188.797,37.0312,88.0938,0,0,1,1,0
2705202,895,1,1,0,0.817283,159.23,188.75,36.7422,88,0,0,1,1,0
2712286,894,1,1,0,0.869495,159.023,188.844,36.6094,87.4375,0,0,1,1,0
2718979,894,1,1,0,0.85609,158.984,188.797,36.7188,87.5938,0,0,1,1,0
2726105,895,1,1,0,0.823043,158.883,188.781,35.7969,87.9375,0,-1,1,1,0
2733174,894,1,1,0,0.853181,158.816,188.797,36.3672,88.0312,0,0,1,1,0
2739739,892,1,1,0,0.844667,158.82,189.062,35.8594,88.625,0,0,1,1,0
2746550,894,1,1,0,0.849223,158.836,189.016,35.6094,89.0938,0,0,1,1,0
2753957,895,1,1,0,0.748353,158.977,189.047,35.6719,88.4062,0,0,1,1,0
2761464,895,1,1,0,0.708213,158.836,188.984,35.4531,88.0312,0,-1,1,1,0
2767711,895,1,1,0,0.682151,158.469,189.094,35.0625,86.3125,0,0,1,1,0
2775015,895,1,1,0,0.851211,158.348,188.906,34.8672,85.8125,0,0,1,1,0
2781301,896,1,1,0,0.713831,158.387,189.023,34.5078,85.7969,0,0,1,1,0
2788275,896,1,1,0,0.809879,159.676,188.883,33.9453,85.5156,0,0,1,1,0
2795461,894,1,1,0,0.757075,160.469,189.188,35.625,83.875,0,0,1,1,0
2802805,893,1,1,0,0.841046,161.676,189.164,35.4141,83.8281,0,0,1,1,0
2810188,892,1,1,0,0.566498,163.078,189.453,34.7188,83.9688,0,0,1,1,0
2816284,895,1,1,0,0.843124,164.562,189.977,33.875,82.2656,1,0,1,1,0
2823584,895,1,1,0,0.840523,165.852,190.266,34.5781,83.0312,1,0,1,1,0
2830842,894,1,1,0,0.693473,166.891,190.375,34.4688,81.625,1,0,1,1,0
2837203,895,1,1,0,0.383064,167.641,190.484,35.75,82.5312,2,0,1,1,0
2844310,897,1,1,0,0.644672,168.023,190.75,36.5156,83,2,0,1,1,0
2851216,895,1,1,0,0.561215,169.109,191.281,37.3438,81.9375,2,1,1,1,0
2858086,895,1,1,0,0.808371,168.938,191.859,36.75,81.7812,2,0,1,1,0
2864977,903,1,1,0,0.825307,168.875,192.031,37.5,81.5625,2,1,1,1,0
2872052,894,1,1,0,0.811378,169.031,191.602,38.375,82.1719,2,0,1,1,0
2879601,894,1,1,0,0.677474,169.164,193.273,39.0781,80.7031,3,1,1,1,0
2885713,895,1,1,0,0.805327,169.227,191.695,40.3281,82.8594,2,0,1,1,0
2892827,895,1,1,0,0.84569,169.117,191.523,42.7031,83.2031,2,1,1,1,0
2900024,895,1,1,0,0.786623,168.523,191.734,43.0469,81.4688,2,0,1,1,0
2906669,895,1,1,0,0.85657,168.789,191.57,43.5781,82.5156,3,1,1,1,0
2913914,895,1,1,0,0.788908,168.961,191.445,45.0469,84.9844,2,0,1,1,0
2920475,895,1,1,0,0.815233,169.285,190.5,45.8828,83.125,2,0,1,1,0
2928290,892,1,1,0,0.86362,169.434,189.758,46.1172,82.2656,2,0,1,1,0
2934995,896,1,1,0,0.870819,169.414,189.852,46.0781,82.7031,3,0,1,1,0
2941222,895,1,1,0,0.874295,169.352,189.891,48.2344,83.1562,2,0,1,1,0
2948361,894,1,1,0,0.835215,169.293,189.953,47.9609,82.5312,2,0,1,1,0
2955333,895,1,1,0,0.804406,168.035,189.805,49.8203,83.1406,2,0,1,1,0
2963021,895,1,1,0,0.817868,167.922,189.812,50.9062,83.25,2,0,1,1,0
2969059,895,1,1,0,0.865905,167.734,189.609,51.75,84.2188,2,0,1,1,0
2976513,896,1,1,0,0.858004,167.57,189.711,52.2031,84.1719,2,0,1,1,0
2983221,894,1,1,0,0.85022,167.531,189.469,52.3438,85.1875,2,0,1,1,0
2989919,895,1,1,0,0.829214,167.781,189.266,52.0625,84.9062,1,0,1,1,0
2997153,892,1,1,0,0.798501,167.695,188.82,52.2656,84.3594,2,0,1,1,0
3003949,895,1,1,0,0.837886,168.141,188.516,51.4062,84.2188,2,0,1,1,0
3011226,897,1,1,0,0.750187,168.785,188.383,52.3047,83.3906,2,0,1,1,0
3017871,894,1,1,0,0.851211,168.914,188.516,51.9531,83.5938,2,0,1,1,0
3025130,897,1,1,0,0.799442,169.18,188.844,52.7656,83.8125,2,0,1,1,0
3032033,895,1,1,0,0.858004,169.852,188.703,52.0781,84.2188,3,0,1,1,0
3038893,895,1,1,0,0.794385,170.258,188.273,51.6094,84.6719,2,0,1,1,0
3046874,896,1,1,0,0.825869,170.719,188.773,51.6875,83.7656,3,0,1,1,0
3052518,895,1,1,0,0.822474,170.742,188.883,50.2656,84.9844,3,0,1,1,0
3059822,896,1,1,0,0.823043,171.531,188.891,50.5625,85.9688,3,0,1,1,0
3066352,895,1,1,0,0.831416,172.258,188.555,49.5469,86.5156,3,0,1,1,0
3073495,896,1,1,0,0.591723,172.297,188.227,48.7812,85.8281,4,-1,1,1,0
3080649,895,1,1,0,0.794385,172.52,187.938,47.9141,85.125,3,0,1,1,0
3087310,896,1,1,0,0.854156,172.781,187.977,46.9062,86.3594,4,0,1,1,0
3094492,896,1,1,0,0.708213,172.656,188.234,45.8125,87.0312,4,0,1,1,0
3101251,895,1,1,0,0.63477,172.77,188.172,46.5391,86.1562,4,0,1,1,0
3108255,895,1,1,0,0.635223,172.242,187.695,44.0781,87.6094,3,-1,1,1,0
3115585,896,1,1,0,0.670608,171.688,187.055,42.7188,88.8906,4,0,1,1,0
3122688,893,1,1,0,0.756716,171.562,186.953,41.0312,87.9688,3,-1,1,1,0
3129268,894,1,1,0,0.295026,171.645,187.812,38.8047,86.125,3,0,1,1,0
3137482,897,1,1,0,0.577972,170.68,193.273,37.6094,74.0156,3,2,1,1,0
3143951,896,1,1,0,0.551574,169.805,195.094,37.4844,71.3125,3,4,1,1,0
3150015,896,1,1,0,0.544801,168.727,194.141,37.8906,73.1562,2,3,1,1,0
3156775,896,1,1,0,0.293405,168.586,191.859,38.8906,75.4062,2,1,1,1,0
3163797,895,1,1,0,0.287367,167.195,192.594,34.6094,77.4375,2,2,1,1,0
3170640,894,1,1,0,0.785308,168.664,184.898,36.1406,92.7969,2,-3,1,1,0
3178856,896,1,1,0,0.800068,169.383,184.305,37.5469,92.9844,2,-4,1,1,0
3184482,893,1,1,0,0.781997,169.293,184.281,34.1641,93.5625,3,-2,1,1,0
3191901,895,1,1,0,0.836822,170.469,184.406,37.4375,91.8125,2,-2,1,1,0
3199678,895,1,1,0,0.510741,169.898,190.234,33.8594,81.7812,3,1,1,1,0
3205582,897,1,1,0,0.793426,169.633,186.688,35.4219,87.875,2,0,1,1,0
3212922,894,1,1,0,0.437343,170.531,187.164,35,87.5469,3,0,1,1,0
3219468,894,1,1,0,0.304455,169.828,187.461,36.1562,89.0781,3,-1,1,1,0
3226863,894,1,1,0,0.623377,169.898,187.359,35.7969,89.3438,2,0,1,1,0
3233383,894,1,1,0,0.731057,169.883,187.422,36.0156,89.7812,3,-1,1,1,0
3240058,894,1,1,0,0.47171,169.797,187.5,36.2188,88.5,2,-1,1,1,0
3247427,896,1,1,0,0.628864,169.359,187.234,36.9688,88.5312,3,0,1,1,0
3254011,893,1,1,0,0.779993,169.203,188.203,36.4062,86.5312,2,-1,1,1,0
3261492,893,1,1,0,0.838945,169.664,188.781,37.3281,85.5625,3,0,1,1,0
3267670,894,1,1,0,0.768383,169.258,189.031,37.5781,85.5625,2,0,1,1,0
3275017,896,1,1,0,0.206574,168.922,189.25,36.3125,84.625,2,0,1,1,0
3282316,893,1,1,0,0.395134,168.562,190.016,35.375,83.9688,2,0,1,1,0
3288852,893,1,1,0,0.722135,168.641,190.031,36.8438,82.625,3,0,1,1,0
3295972,895,1,1,0,0.5564,168.977,190.641,37.1094,85.0312,2,0,1,1,0
3302994,896,1,1,0,0.235462,168.859,192.625,33.9688,79.875,2,1,1,1,0
3310599,896,1,1,0,0.294012,169.453,192.266,37.5312,81.5312,2,1,1,1,0
3317109,895,1,1,0,0.264928,169.188,196.539,35.0625,72.0781,3,4,1,1,0
3323527,896,1,1,0,0.244364,168.18,197.219,33.6406,70.8125,2,4,1,1,0
3331213,894,1,1,0,0.393269,169.633,191.953,37.6406,82.9688,2,1,1,1,0
3338013,896,1,1,0,0.350644,169.602,189.359,37.5781,85.0312,2,0,1,1,0
3345305,894,1,1,0,0.505371,170.094,187.383,39.875,89.7344,3,-2,1,1,0
3351224,895,1,1,0,0.801936,170.117,186.805,39.7344,88.5781,3,-1,1,1,0
3358678,895,1,1,0,0.658418,170.242,186.945,40.7344,88.6094,2,-1,1,1,0
3365123,896,1,1,0,0.848722,170.234,186.93,41.4375,88.1094,3,0,1,1,0
3372652,894,1,1,0,0.439266,169.859,187.555,42.9062,87.3594,3,-1,1,1,0
3379169,896,1,1,0,0.770808,169.859,187.609,43.7188,86.1562,2,0,1,1,0
3386200,894,1,1,0,0.327669,169.312,187.906,46.125,88.1875,3,0,1,1,0
3393616,895,1,1,0,0.223716,168.703,187.953,46.7188,86.9688,2,-1,1,1,0
3400662,894,1,1,0,0.223716,168.703,187.953,46.7188,86.9688,0,0,0,0,0
3406780,895,1,1,0,0.204978,167.363,188.266,48.6484,86.5312,1,0,1,1,0
3414305,894,1,1,0,0.52683,166.953,189.086,50.4062,85.2031,2,0,1,1,0
3420737,893,1,1,0,0.206414,168.188,188.516,50.1875,87.1562,2,0,1,1,0
3428517,895,1,1,0,0.64646,168.496,188.609,50.3672,86.2188,2,0,1,1,0
3434730,903,1,1,0,0.807461,168.625,188.75,50.9375,86.0625,2,0,1,1,0
3441543,896,1,1,0,0.843124,168.738,188.867,50.1016,86.7344,2,0,1,1,0
3448819,894,1,1,0,0.652241,168.598,189.312,50.8828,85.5,2,0,1,1,0
3455657,895,1,1,0,0.830867,168.719,189.312,51.625,86.375,2,0,1,1,0
3463119,895,1,1,0,0.834676,168.543,189.148,51.5859,88.0469,2,0,1,1,0
3469399,895,1,1,0,0.771498,168.586,189.156,51.5469,85.5625,2,0,1,1,0
3476558,895,1,1,0,0.813165,169.203,188.953,51.3438,84.5312,2,0,1,1,0
3483497,896,1,1,0,0.818448,169.617,188.812,51.4531,85.125,3,0,1,1,0
3490237,895,1,1,0,0.73412,170.113,188.867,51.9766,85.0781,2,0,1,1,0
3497728,896,1,1,0,0.586996,170.203,189.031,52.0938,83.0625,3,0,1,1,0
3504350,896,1,1,0,0.757434,170.18,189.344,52.5781,84.3125,2,0,1,1,0
3511516,896,1,1,0,0.777976,170.859,189.562,53.8438,84.25,3,0,1,1,0
3518235,895,1,1,0,0.801315,170.941,189.625,52.1953,86.375,3,0,1,1,0
3524998,896,1,1,0,0.809578,171.367,189.203,52.7031,85.8438,3,0,1,1,0
3532099,903,1,1,0,0.762068,171.547,189.336,51.375,85.2656,3,0,1,1,0
3539341,899,1,1,0,0.804713,171.73,189.188,47.7109,85.6875,4,0,1,1,0
3546078,896,1,1,0,0.795975,171.82,189.219,45.7969,85.8125,3,0,1,1,0
3552847,894,1,1,0,0.781664,171.75,189.141,44.3125,86.2188,3,0,1,1,0
3560215,894,1,1,0,0.772873,171.125,188.992,44.6875,85.8594,3,0,1,1,0
3566912,894,1,1,0,0.557363,170.453,189.125,44.0312,84.375,3,0,1,1,0
3573544,896,1,1,0,0.200245,166.961,191.867,36.7344,78.6094,2,0,1,1,0
3581108,893,1,1,0,0.212559,168.828,191.469,41.0938,78.375,2,1,1,1,0
3588236,895,1,1,0,0.440229,167.984,190.281,41.5312,81.375,2,0,1,1,0
3594442,896,1,1,0,0.660173,167.695,193.836,38.1094,73.9531,2,3,1,1,0
3601709,896,1,1,0,0.396536,168.117,193.406,38.9531,76.1875,2,1,1,1,0
3608801,894,1,1,0,0.338077,167.465,194.078,36.7891,75.2812,1,2,1,1,0
3616053,894,1,1,0,0.42919,166.426,192.938,36.3047,76.1875,2,2,1,1,0
3622468,896,1,1,0,0.233359,167.305,192.547,35.2031,77.5312,1,1,1,1,0
3629497,895,1,1,0,0.279435,167.836,191.953,34.8594,78.5312,2,1,1,1,0
3636322,894,1,1,0,0.479504,168.039,191.344,32.2969,79.1875,2,1,1,1,0
3643022,895,1,1,0,0.254971,168.234,190.688,31.9688,80.1875,2,0,1,1,0
3650449,895,1,1,0,0.317426,171.164,189.859,35.0469,79.4688,3,0,1,1,0
3656986,903,1,1,0,0.208501,169.391,189.234,31.8438,81.0938,2,0,1,1,0
3664816,895,1,1,0,0.338514,171.273,187.797,33.5156,83.4688,3,0,1,1,0
3670908,896,1,1,0,0.825307,172.117,184.383,35.6406,95.4844,4,-3,1,1,0
3678045,896,1,1,0,0.817868,172.281,184.195,35.4375,95.4844,3,-3,1,1,0
3684999,896,1,1,0,0.816991,171.734,184.109,35.4688,94.1562,3,-3,1,1,0
3691837,894,1,1,0,0.857049,170.578,184.547,35.7188,93.5312,3,-2,1,1,0
3699894,895,1,1,0,0.834676,170.324,186.219,34.3516,92,3,-2,1,1,0
3705874,894,1,1,0,0.29381,169.734,187.359,33.5938,89.2812,3,-1,1,1,0
3713049,894,1,1,0,0.72448,169.078,187.219,34.7812,87.5625,2,0,1,1,0
3719492,893,1,1,0,0.532668,168.977,188.016,33.7344,85.1562,3,0,1,1,0
3726487,893,1,1,0,0.236519,168.688,188.484,34.3438,83.2188,2,0,1,1,0
3733695,895,1,1,0,0.2261,168.758,188.531,34.9531,84.1875,2,0,1,1,0
3740412,896,1,1,0,0.320822,168.625,187.828,33.0625,81.5938,2,0,1,1,0
3747649,898,1,1,0,0.338514,167.883,188.906,33.9219,83.5625,2,0,1,1,0
3754684,894,1,1,0,0.791176,167.922,189.641,33.5312,84.7188,2,0,1,1,0
3761887,894,1,1,0,0.664105,167.898,189.742,34.8906,84.3594,2,0,1,1,0
3768945,892,1,1,0,0.800692,168.164,190.031,35.6719,83.0625,2,0,1,1,0
3775099,893,1,1,0,0.533641,167.945,189.977,36.0781,82.7344,1,0,1,1,0
3782433,893,1,1,0,0.558327,168.016,190.031,36.0938,81.9375,2,0,1,1,0
3789057,893,1,1,0,0.697608,168,190.445,37.0625,81.3594,2,0,1,1,0
3795825,893,1,1,0,0.407805,168.312,190.922,37.0625,81.5938,2,1,1,1,0
3802912,897,1,1,0,0.597843,168.578,191,37.6562,80.6875,2,0,1,1,0
3810397,895,1,1,0,0.582729,167.664,190.688,40.0781,80.25,2,0,1,1,0
3817104,894,1,1,0,0.478041,167.75,190.328,39.8125,81.0938,2,1,1,1,0
3823833,895,1,1,0,0.238287,167.418,190.5,40.4141,80.25,1,0,1,1,0
3830797,896,1,1,0,0.461017,167.633,190.445,40.9531,79.2344,2,0,1,1,0
3838149,895,1,1,0,0.255343,233.215,90.5625,30.3047,64.1875,18,-24,1,1,0
3845060,894,1,1,0,0.447943,231.715,90.3281,31.6016,61.4062,17,-24,1,1,0
3851807,893,1,1,0,0.230922,231.93,91.3125,24.9844,63.1875,18,-25,1,1,0
3858573,897,1,1,0,0.265499,222.314,104.734,18.9258,49.2812,18,-23,1,1,0
3866435,895,1,1,0,0.332853,211.445,113.086,19.0312,53.8281,17,-25,1,1,0
3873201,893,1,1,0,0.332853,211.445,113.086,19.0312,53.8281,-3,3,0,0,0
3879752,894,1,1,1,0.581303,188.964,121.107,9.60352,11.4492,3,-1,1,1,0
3886431,894,1,1,1,0.581303,188.964,121.107,9.60352,11.4492,-9,13,0,0,0
3893522,895,1,1,0,0.239352,177.293,156.289,22.9141,44.7031,-1,3,1,1,0
3901173,893,1,1,0,0.239352,177.293,156.289,22.9141,44.7031,-10,13,0,0,0
3907715,896,1,1,0,0.24042,177.654,149.867,25.5039,47.9219,2,-7,1,1,0
3914572,894,1,1,0,0.344663,178.625,146.809,23.3125,49.7422,6,-12,1,1,0
3921407,897,1,1,0,0.306942,185.449,141.07,18.9922,47.4219,9,-17,1,1,0
3928131,894,1,1,0,0.299925,183.863,142.188,19.2578,53.5625,9,-17,1,1,0
3935697,896,1,1,0,0.24726,178.328,149.047,22.2188,53.5312,6,-13,1,1,0
3942818,891,1,1,0,0.24726,178.328,149.047,22.2188,53.5312,-2,1,0,0,0
3949819,895,1,1,1,0.412057,164.614,147.732,8.05273,10.4414,-1,4,1,1,0
3956206,893,1,1,1,0.218003,160.391,155.84,8.5625,11.5859,-2,5,1,1,0
3963409,895,1,1,1,0.280616,160.711,155.916,9.39062,11.6836,0,2,1,1,0
3969822,894,1,1,1,0.489259,160.689,153.098,9.66016,12.0391,0,0,1,1,0
3977292,895,1,1,1,0.542863,160.479,150.066,9.47266,10.9062,0,-1,1,1,0
3983934,891,1,1,1,0.542863,160.479,150.066,9.47266,10.9062,-1,0,0,0,0
3990551,894,1,1,1,0.542863,160.479,150.066,9.47266,10.9062,-1,0,0,0,0
3997824,903,1,1,1,0.586049,157.368,151.049,8.69336,11.6367,0,0,1,1,0
4004631,895,1,1,1,0.593609,156.947,150.758,8.79297,10.9219,0,-1,1,1,0
4011968,897,1,1,1,0.541894,156.883,151.033,9.125,11.0273,-1,0,1,1,0
4018785,893,1,1,1,0.378,155.734,150.564,8.875,10.0273,0,-1,1,1,0
4025817,895,1,1,1,0.532182,154.635,150.959,8.83203,10.5664,-1,-1,1,1,0
4033429,896,1,1,1,0.423935,154.557,151.256,9.16016,11.6602,-1,0,1,1,0
4039304,897,1,1,1,0.342461,153.336,151.451,9.10156,11.9023,-1,0,1,1,0
4046558,895,1,1,1,0.461017,153.436,152.141,8.32422,10.5156,-2,-1,1,1,0
4053758,895,1,1,1,0.377082,153.377,152.111,8.41016,10.1602,-1,0,1,1,0
4060737,895,1,1,1,0.443118,152.871,151.865,8.82031,10.1836,-2,-1,1,1,0
4067141,896,1,1,1,0.306527,153.611,152.32,8.62109,9.89062,-1,0,1,1,0
4073815,896,1,1,1,0.298696,152.941,152.375,8.74219,10.4062,-1,0,1,1,0
4081202,894,1,1,1,0.52342,153.186,152.596,7.98047,9.73828,-2,-1,1,1,0
4087942,897,1,1,1,0.52342,153.186,152.596,7.98047,9.73828,0,0,0,0,0
4095681,896,1,1,1,0.355328,152.953,153.734,8.54688,9.625,-1,0,1,1,0
4102661,895,1,1,1,0.461502,153.021,153.705,8.41797,9.62109,-2,0,1,1,0
4108983,901,1,1,1,0.408749,152.322,154.398,8.64453,10.5469,-1,0,1,1,0
4115771,896,1,1,1,0.248717,151.51,153.924,7.69922,9.95703,-2,0,1,1,0
4123055,895,1,1,1,0.29098,151.625,154.051,7.9375,10.2344,-2,0,1,1,0
4130045,896,1,1,1,0.282196,151.223,153.824,8.60156,10.3047,-2,0,1,1,0
4137828,893,1,1,1,0.259449,151.227,153.916,8.5625,10.4883,-2,0,1,1,0
4143959,895,1,1,1,0.360264,151.617,153.965,7.75,10.3672,-2,0,1,1,0
4150650,896,1,1,1,0.325521,151.594,153.975,8.34375,10.668,-2,0,1,1,0
4157677,894,1,1,0,0.243284,150.41,180.562,24.9766,58.8125,-3,0,1,1,0
4164498,895,1,1,0,0.284178,150.316,180.195,23.1328,58.6406,-2,0,1,1,0
4171836,896,1,1,0,0.200871,149.996,177.141,23.4922,55.9688,-3,0,1,1,0
4178354,894,1,1,0,0.211092,150.674,173.598,23.7227,52.8828,-2,-1,1,1,0
4185309,894,1,1,0,0.431584,150.199,174.109,25.0703,54.3438,-3,-1,1,1,0
4192964,896,1,1,0,0.484868,150.93,176.562,23.7031,58.875,-2,0,1,1,0
4199436,895,1,1,0,0.200245,151.725,177.531,23.7617,57.8125,-2,-1,1,1,0
4206462,897,1,1,0,0.333286,152.246,178.859,23.6016,60.2812,-2,0,1,1,0
4213720,893,1,1,0,0.333286,152.246,178.859,23.6016,60.2812,0,0,0,0,0
4220229,894,1,1,0,0.333286,152.246,178.859,23.6016,60.2812,0,0,0,0,0
4227193,891,1,1,0,0.333286,152.246,178.859,23.6016,60.2812,1,0,0,0,0
4234315,891,1,0,-1,0,0,0,0,0,0,0,0,0,0
4240686,892,1,0,-1,0,0,0,0,0,0,0,0,0,0
4248033,893,1,1,1,0.219337,152.857,153.607,7.36328,9.83203,-1,0,1,1,0
4254826,894,1,1,1,0.229883,151.777,153.502,7.19531,9.11328,-2,0,1,1,0
4262364,892,1,1,1,0.229883,151.777,153.502,7.19531,9.11328,0,0,0,0,0
4269072,896,1,1,0,0.209147,148.326,175.109,23.9648,51.1562,-3,0,1,1,0
4275828,894,1,1,0,0.200558,148.078,175.695,25.4062,56.4531,-4,-1,1,1,0
4282743,893,1,1,0,0.237225,147.547,180.531,28.125,59.9375,-3,0,1,1,0
4289886,893,1,1,0,0.567457,149.293,179.953,26.9766,66.5312,-3,0,1,1,0
4296642,893,1,1,0,0.445529,150.258,180.625,27.0781,58.625,-3,0,1,1,0
4304006,894,1,1,0,0.382603,151.316,181.32,27.1953,60.8281,-2,0,1,1,0
4311145,896,1,1,0,0.362969,151.57,181.781,27.3594,60.75,-2,0,1,1,0
4317603,896,1,1,0,0.641983,152.266,182.594,29.2812,65.5,-2,0,1,1,0
4324378,895,1,1,0,0.729905,152.531,182.25,27.4688,62.375,-2,0,1,1,0
4331820,895,1,1,0,0.253675,152.922,182.922,30.875,66.9062,-2,0,1,1,0
4338331,896,1,1,0,0.461502,154.109,182.781,27.125,60.8125,-1,0,1,1,0
4345496,898,1,1,0,0.668014,154.941,183.695,26.0859,60.8906,-1,0,1,1,0
4352848,896,1,1,0,0.665845,155.586,184.359,26.3906,56.0938,-1,1,1,1,0
4359100,894,1,1,0,0.393735,155.906,184.367,25.1875,60.9844,0,0,1,1,0
4366379,894,1,1,0,0.433502,155.746,184.75,25.7734,61.875,-1,1,1,1,0
4373424,894,1,1,0,0.66236,157.441,185.031,28.3672,67.4375,0,0,1,1,0
4380726,896,1,1,0,0.602529,157.953,183.125,28.5312,65.1875,0,0,1,1,0
4387156,896,1,1,0,0.568895,159.203,181.969,29,61.3125,0,0,1,1,0
4393936,894,1,1,0,0.568416,161.32,180.844,31.1094,66.4375,0,0,1,1,0
4400991,902,1,1,0,0.310694,163.211,180.781,27.2969,58.4375,0,0,1,1,0
4407558,894,1,1,0,0.514644,164.137,178.469,29.8516,61.1875,1,0,1,1,0
4415143,894,1,1,0,0.369314,164.422,179.219,27.6875,62.9375,1,0,1,1,0
4422487,894,1,1,0,0.236342,166.32,179.859,33.6094,67.3438,1,-1,1,1,0
4429296,894,1,1,0,0.411111,166.656,178.391,33,64.5938,1,-1,1,1,0
4436031,895,1,1,0,0.452778,166.617,178.359,33.9844,64.2812,2,0,1,1,0
4442793,894,1,1,0,0.442155,167.375,176.844,31.4375,61.0625,1,-1,1,1,0
4449761,896,1,1,0,0.230229,167.453,176.828,28.75,61.5312,2,-1,1,1,0
4456930,897,1,1,0,0.586996,167.516,177.281,29.0938,63.3125,1,-1,1,1,0
4463700,895,1,1,0,0.247624,168.633,178.469,27.7031,61.0625,2,0,1,1,0
4470899,894,1,1,0,0.359365,168.812,178.469,23.625,60.3125,2,-1,1,1,0
4477316,896,1,1,0,0.281406,168.391,176.289,23.1406,54.5781,2,0,1,1,0
4484680,894,1,1,0,0.347316,167.26,176.066,21.957,55.1328,2,-1,1,1,0
4490958,894,1,1,0,0.394668,166.043,180.516,24.5859,63.4062,1,0,1,1,0
4498738,894,1,1,0,0.250179,161.906,176.344,30.5938,52.8125,0,0,1,1,0
4505463,894,1,1,0,0.359815,161.504,180.688,29.1953,63.3125,0,0,1,1,0
4512035,894,1,1,0,0.222024,160.879,180.234,26.5078,58.7188,0,0,1,1,0
4519475,895,1,1,0,0.244725,160.059,179.547,26.3984,56.6562,0,0,1,1,0
4525504,893,0,1,0,0.271252,159.656,180.672,28.4375,57.7188,0,0,1,1,0
4533173,895,0,1,0,0.289773,162.125,183.016,33.5625,59.1562,0,0,1,1,0
4540188,895,0,1,0,0.38122,162.23,182.57,46.2891,64.8906,0,0,1,1,0
4547198,897,0,1,0,0.259636,155.562,177.078,34.625,62.8438,0,-1,1,1,0
4554416,895,0,1,0,0.222868,155.062,177.93,34.1875,64.7656,-1,-1,1,1,0
4560818,893,0,1,0,0.5564,157.902,178.961,40.4922,68.5156,-1,-1,1,1,0
4567831,891,0,1,0,0.5564,157.902,178.961,40.4922,68.5156,0,0,0,0,0
4574331,894,0,1,0,0.227986,159.664,166.578,25.2656,50.3438,0,-4,1,1,0
4581385,894,0,1,0,0.204978,160.75,163.672,25.2812,51.7188,0,-6,1,1,0
4588844,894,0,1,0,0.241134,161.086,159.484,22.75,46.0938,0,-7,1,1,0
4595347,896,0,1,0,0.322953,159.703,160.562,26.1875,65.6875,0,-10,1,1,0
4602704,895,0,1,0,0.511229,162.436,153.094,26.6914,66.375,0,-16,1,1,0
4608982,901,0,1,0,0.498047,166.016,145.078,24.75,61.0312,1,-19,1,1,0
4616659,893,0,1,0,0.26588,168.762,137.969,25.4141,61.875,3,-25,1,1,0
4623703,894,0,1,0,0.49707,171.801,132.156,27.1016,66.5625,4,-29,1,1,0
4630177,895,0,1,0,0.534127,177.449,123.695,28.9141,63.2344,6,-29,1,1,0
4638114,896,0,1,0,0.223546,178.883,112.805,27.1719,61.0469,6,-29,1,1,0
4644274,896,0,1,0,0.390476,184.922,105.953,26.4062,59.1562,7,-30,1,1,0
4651407,894,0,1,0,0.203391,189.891,96.3594,25.3438,57.1562,8,-28,1,1,0
4658106,895,0,1,0,0.504883,197.883,90.4453,25.9844,62.5156,10,-29,1,1,0
4665040,894,0,1,0,0.27552,203.676,81.1875,25.0391,56.5,11,-28,1,1,0
4672603,896,0,1,0,0.228502,208.312,77.9062,25.0625,55.625,11,-28,1,1,0
4679042,895,0,1,0,0.379838,213.66,75.0469,22.9609,55.2812,12,-27,1,1,0
4686009,895,0,1,0,0.47317,217.172,72.4062,22.2812,54.4375,13,-27,1,1,0
4693204,895,0,1,0,0.28577,221.125,70.0469,21.875,54.7188,13,-27,1,1,0
4699885,894,0,1,0,0.220007,225.162,67.9375,18.4883,46.9375,14,-27,1,1,0
4707391,896,0,1,0,0.328961,224.477,69.5859,21.4531,54.7969,14,-26,1,1,0
4714436,895,0,1,0,0.207375,225.695,68.8203,22.6094,52.8906,13,-27,1,1,0
4721215,895,0,1,0,0.214034,225.406,68.8438,21.9062,51.1875,14,-27,1,1,0
4727364,894,0,1,0,0.565059,213.449,152.969,26.1328,71.9375,22,10,1,1,0
4735695,903,0,1,0,0.593609,213.266,152.75,25.1875,70.75,24,-2,1,1,0
4741365,895,0,1,0,0.632504,212.586,152.781,24.7656,71.1875,23,-9,1,1,0
4748710,893,0,1,0,0.734882,211.414,153.078,24.2344,71.5938,23,-13,1,1,0
4756281,894,0,1,0,0.66628,210.977,153.156,23.1406,70.9375,23,-13,1,1,0
4762613,893,0,1,0,0.527803,209.262,152.758,24.2109,71.1406,22,-15,1,1,0
4769842,895,0,1,0,0.530236,208.398,153.375,23.9062,72.1875,22,-14,1,1,0
4775781,893,0,1,0,0.392337,207.57,153.281,24.3594,71.8125,22,-15,1,1,0
4782992,894,0,1,0,0.411584,206.168,153.609,25.2734,71.2188,20,-14,1,1,0
4790839,895,0,1,0,0.572723,204.561,153.516,28.3711,69.2812,20,-14,1,1,0
4797002,894,0,1,0,0.586996,202.875,153.922,29.4375,68.4062,19,-14,1,1,0
4805557,895,0,1,0,0.389082,202.039,153.953,30.0781,68.2812,19,-14,1,1,0
4811147,894,0,1,0,0.62932,200.809,154.047,30.4609,70.0938,18,-13,1,1,0
4818036,894,0,1,0,0.576542,199.25,154.078,30.1875,70.2188,17,-14,1,1,0
4824586,892,0,1,0,0.243464,198.41,153.672,30.1953,69.4062,16,-14,1,1,0
4831977,894,0,1,0,0.855609,197.934,153.516,30.9609,68.3438,17,-14,1,1,0
4839782,892,0,1,0,0.718199,196.797,153.891,32.0625,68.7188,16,-13,1,1,0
4846314,892,0,1,0,0.741301,195.453,157.25,33.4062,66.25,15,-12,1,1,0
4853030,894,0,1,0,0.586523,194.891,157.367,34.25,64.6094,14,-11,1,1,0
4860563,894,0,1,0,0.393735,194.855,156.844,33.5234,68.3125,15,-11,1,1,0
4867222,893,0,1,0,0.7773,194.516,156.938,36.1562,68.3125,15,-12,1,1,0
4874494,897,0,1,0,0.842606,193.555,156.531,37.1719,67.9375,14,-12,1,1,0
4880295,896,0,1,0,0.816113,192.816,156.641,38.2422,68.4062,14,-12,1,1,0
4888923,894,0,1,0,0.833052,190.57,156.469,43.2031,69.125,12,-12,1,1,0
4894297,895,0,1,0,0.830318,190.586,156.328,41.7969,68.3438,13,-12,1,1,0
4902164,896,0,1,0,0.309023,189.094,156.562,41.5,65.5625,12,-12,1,1,0
4908198,895,0,1,0,0.228158,188.312,157.016,44.3125,69.0938,11,-12,1,1,0
4915326,894,0,1,0,0.448909,187.953,156.703,42.4688,68.0312,11,-12,1,1,0
4922586,894,0,1,0,0.354434,187.352,155.844,45.1094,70.9375,11,-12,1,1,0
4929029,896,0,1,0,0.464901,186.516,155.656,45.2812,71.4375,11,-13,1,1,0
4936324,893,0,1,0,0.365683,186.203,155.609,44.6875,72.0938,10,-13,1,1,0
4942730,893,0,1,0,0.833052,184.109,157.125,56.5312,73.75,9,-13,1,1,0
4949933,894,0,1,0,0.836822,183.457,157.453,58.0234,73.3438,9,-13,1,1,0
4958015,895,0,1,0,0.64288,182.406,157.578,59.125,73.1562,9,-12,1,1,0
4963726,895,0,1,0,0.752012,181.469,158.719,59.4375,73.1875,8,-12,1,1,0
4972246,895,0,1,0,0.743542,181.461,160.266,59.6406,74.7812,8,-12,1,1,0
4977744,894,0,1,0,0.854156,181.5,162.484,59.6875,77.3438,8,-11,1,1,0
4985159,894,0,1,0,0.675336,182.156,166.625,58.1875,78.75,8,-8,1,1,0
4991564,895,0,1,0,0.830318,184.73,168.266,58.4609,78.9062,9,-8,1,1,0
4998369,894,0,1,0,0.545286,188.812,169.188,54.625,73.875,11,-6,1,1,0
5006133,895,0,1,0,0.834136,192,172.289,56.9375,75.6094,14,-4,1,1,0
5012797,896,0,1,0,0.829767,196.117,174.312,54.3906,75.125,16,-4,1,1,0
5020152,896,0,1,0,0.794385,200.969,175.727,53.9375,73.2969,18,-2,1,1,0
5026547,894,0,1,0,0.605799,201.781,178.641,57.875,74.7188,19,-2,1,1,0
5033507,894,0,1,0,0.734882,203.812,178.203,55.9688,73.8438,19,-2,1,1,0
5040537,895,1,1,0,0.663233,205.062,178.359,54.4375,73.0312,20,-2,1,1,0
5047908,895,1,1,0,0.785637,205.008,178.359,53.2656,73.2812,20,-2,1,1,0
5055885,892,1,1,0,0.82699,205.16,178.125,50.1953,72.75,20,-1,1,1,0
5061598,895,1,1,0,0.312369,193.297,180.031,49.4062,73.3125,13,-2,1,1,0
5068737,895,1,1,0,0.831963,180.559,181.234,49.1953,73.2188,4,0,1,1,0
5075389,895,1,1,0,0.861768,167.859,181.797,47.1562,73.0938,-2,-1,1,1,0
5082587,895,1,1,0,0.837355,158.992,182.445,45.9219,73.3906,-3,0,1,1,0
5089694,896,1,1,0,0.722135,155.938,182.391,46.625,74.3438,-3,-1,1,1,0
5096129,895,1,1,0,0.672331,154.867,183.672,43.1094,74.4062,-2,0,1,1,0
5103068,896,1,1,0,0.792785,155.387,183.383,41.8359,73.9844,-1,0,1,1,0
5109996,895,1,1,0,0.578448,155.578,184.047,39.5312,78.0312,-1,-1,1,1,0
5116777,896,1,1,0,0.855126,155.852,184.203,37.6406,76.5938,0,0,1,1,0
5124103,894,1,1,0,0.672761,155.051,184.828,36.1484,78.0938,-1,0,1,1,0
5130692,894,1,1,0,0.747616,154.184,185.5,35.5391,78.625,-1,0,1,1,0
5138739,896,1,1,0,0.763834,150.492,185.984,36.6719,79.2812,-2,-1,1,1,0
5144797,893,1,1,0,0.716219,147.16,186.219,35.2891,80.5625,-4,0,1,1,0
5151951,895,1,1,0,0.227127,146.781,186.594,35.5,82.3125,-4,0,1,1,0
5158787,897,1,1,0,0.707,147.203,188,36.375,83.8125,-4,0,1,1,0
5165235,894,1,1,0,0.604866,147.164,187.688,35.2969,82.4375,-4,0,1,1,0
5172774,891,1,1,0,0.835215,148.277,188.625,36.6797,86.625,-3,0,1,1,0
5179169,891,1,1,0,0.813461,149.031,189.383,37.4375,89.4844,-3,0,1,1,0
5186809,893,1,1,0,0.771842,150.805,189.438,36.9531,88.875,-3,-1,1,1,0
5193348,897,1,1,0,0.798501,150.828,189.625,36.3438,90.75,-2,0,1,1,0
5199912,896,1,1,0,0.665845,152.023,190.484,37.9531,92.4688,-2,0,1,1,0
5208270,896,1,1,0,0.783988,152.008,191,39.3594,93.375,-2,0,1,1,0
5214348,894,1,1,0,0.69802,152.547,191.344,39.2812,94.8125,-2,0,1,1,0
5221345,893,1,1,0,0.821903,152.875,192.117,39.875,95.7656,-2,0,1,1,0
5227801,896,1,1,0,0.495606,152.641,192.094,41.8438,95.8125,-1,-1,1,1,0
5235245,895,1,1,0,0.82699,152.508,192.297,42.3906,96.6562,-2,0,1,1,0
5241195,894,1,1,0,0.765941,152.137,192.703,42.1016,97.8438,-2,0,1,1,0
5248878,896,1,1,0,0.799442,151.805,191.648,42.4844,95.3281,-2,0,1,1,0
5256808,895,1,1,0,0.616474,151.102,188.266,39.5469,88.9688,-2,0,1,1,0
5262594,895,1,1,0,0.558327,151.133,188.156,40.1094,87.8125,-2,-1,1,1,0
5270204,894,1,1,0,0.674908,150.523,188.094,38.7344,86.1875,-2,0,1,1,0
5277063,896,1,1,0,0.710629,150.531,187.906,39.2188,85.6875,-2,0,1,1,0
5283420,895,1,1,0,0.749087,149.57,188.422,37.6094,85.4062,-3,0,1,1,0
5291761,894,1,1,0,0.762422,149.242,188.938,37.7656,86.75,-3,0,1,1,0
5297184,893,1,1,0,0.532182,149.25,188.781,37.4062,84.9375,-3,0,1,1,0
5304574,896,1,1,0,0.815233,149.641,188.57,37.5312,85.8906,-2,0,1,1,0
5311279,895,1,1,0,0.805633,150.391,188.633,36.9688,83.5156,-3,0,1,1,0
5319402,895,1,1,0,0.839472,150.469,188.797,36.8438,83.7188,-3,0,1,1,0
5325025,894,1,1,0,0.705785,150.453,189.07,36.2188,83.4844,-2,0,1,1,0
5332283,893,1,1,0,0.801004,151.031,189.625,39.0625,84.75,-2,0,1,1,0
5340148,895,1,1,0,0.406391,151.227,191.438,37.4531,84,-3,0,1,1,0
5345574,894,1,1,0,0.63205,150.977,191.438,38.1406,86.1875,-2,0,1,1,0
5353374,895,1,1,0,0.802865,150.309,190.719,38.1328,85.3125,-2,0,1,1,0
5360139,894,1,1,0,0.433981,150.906,191.672,37.4375,82.0312,-2,0,1,1,0
5367344,896,1,1,0,0.269518,150.648,189.766,39.4531,83.7812,-3,0,1,1,0
5374446,895,1,1,0,0.801626,150.387,189.797,39.1016,82.4062,-2,0,1,1,0
5381164,891,1,1,0,0.860835,150.352,189.797,41.1094,83.4062,-3,0,1,1,0
5388531,892,1,1,0,0.556882,150.242,189.883,43.9531,81.9219,-2,1,1,1,0
5394403,894,1,1,0,0.830867,149.773,189.789,55.2656,83.7969,-3,0,1,1,0
5401906,895,1,1,0,0.272993,153.719,189.922,61.0625,87.5938,-1,0,1,1,0
5408387,896,1,1,0,0.862233,154.523,189.656,57.3594,85.5625,-1,0,1,1,0
5415523,895,1,1,0,0.746879,152.414,188.391,44.4844,86.2188,-2,0,1,1,0
5423357,895,1,1,0,0.514156,151.859,187.305,37.7812,89.8906,-2,-1,1,1,0
5429345,899,1,1,0,0.801004,153.555,188.141,38.7344,87.4062,-1,0,1,1,0
5437037,894,1,1,0,0.38445,155.176,189.25,33.2734,84.5,-1,0,1,1,0
5443275,899,1,1,0,0.287967,157.855,189.781,29.7578,83.4375,0,0,1,1,0
5450024,895,1,1,0,0.215351,157.84,192.844,29.8203,76.4375,0,1,1,1,0
5458255,896,1,1,0,0.445529,151.969,190.602,43.4375,82.2031,-2,1,1,1,0
5463796,897,1,1,0,0.547706,151.527,190.656,43.1953,83.3125,-2,0,1,1,0
5471457,899,1,1,0,0.606731,151.016,190.688,42.4062,84.125,-2,0,1,1,0
5477901,897,1,1,0,0.755996,153.695,188.68,44.6406,87.5156,-1,0,1,1,0
5485606,897,1,1,0,0.737916,153.77,188.594,44.7266,88.3125,-2,0,1,1,0
5492107,895,1,1,0,0.34798,154.945,188.438,43.5781,88.625,-1,-1,1,1,0
5498679,896,1,1,0,0.673621,155.336,188.812,42.6719,91.5,0,0,1,1,0
5506038,896,1,1,0,0.745399,158.102,188.422,40.7969,91.7812,0,-1,1,1,0
5512850,898,1,1,0,0.792785,158.828,188.312,40.6875,91.125,0,0,1,1,0
5519897,897,1,1,0,0.814349,158.742,188.234,38.7969,91.5938,0,-1,1,1,0
5527187,894,1,1,0,0.814938,158.969,188.188,37.625,91.375,0,0,1,1,0
5533660,897,1,1,0,0.831416,158.91,188.297,37.0391,91.4062,0,-1,1,1,0
5541518,895,1,1,0,0.853181,158.93,188.914,37.1719,91.2969,0,-1,1,1,0
5547256,897,1,1,0,0.836288,159.055,189.531,36.1719,92.4375,0,0,1,1,0
5554714,895,1,1,0,0.837355,159.348,188.438,35.9922,89.75,0,0,1,1,0
5562016,894,1,1,0,0.795658,159,188.898,35.3125,88.3281,0,-1,1,1,0
5568708,896,1,1,0,0.743169,158.934,188.953,34.4922,86.8438,0,0,1,1,0
5574643,893,1,1,0,0.554953,158.617,190.32,33.7344,83.0469,0,0,1,1,0
5582807,893,1,1,0,0.754191,158.484,189.406,33.875,84.4375,0,0,1,1,0
5589671,897,1,1,0,0.699254,159.508,189.648,34.2031,83.1406,0,0,1,1,0
5596109,909,1,1,0,0.771498,160.41,188.891,33.8828,85.0312,0,0,1,1,0
5603516,892,1,1,0,0.650468,162.543,189.141,34.4297,83.7188,0,0,1,1,0
5609949,893,1,1,0,0.6137,162.996,189.211,32.7578,84.2031,0,0,1,1,0
5616839,894,1,1,0,0.74651,164.445,189.969,33.4531,82.75,1,0,1,1,0
5624458,894,1,1,0,0.793746,165.945,190.922,36.0156,80.8438,1,0,1,1,0
5631109,896,1,1,0,0.538013,166.055,192.664,33.9219,78.2969,1,1,1,1,0
5638475,895,1,1,0,0.22135,167.633,192.141,37.3594,80.7812,2,1,1,1,0
5645028,894,1,1,0,0.597843,168.023,191.188,35.4531,83.375,2,0,1,1,0
5652944,896,1,1,0,0.794385,168.75,191.25,36.375,84.125,2,0,1,1,0
5658618,895,1,1,0,0.704567,168.852,191.398,36.5781,83.4531,2,0,1,1,0
5665919,895,1,1,0,0.813461,168.836,191.281,37.0469,83.0625,2,1,1,1,0
5672822,895,1,1,0,0.834676,168.852,190.531,38.1406,83.625,2,0,1,1,0
5679597,896,1,1,0,0.44746,168.766,190.531,40.7812,84.3125,2,0,1,1,0
5686638,893,1,1,0,0.833052,169.258,190.922,40.5156,84.7812,2,0,1,1,0
5693541,895,1,1,0,0.852692,169.336,190.641,41.9844,83.4062,3,0,1,1,0
5701017,895,1,1,0,0.836288,169.266,190.938,43.2188,84,2,0,1,1,0
5707746,895,1,1,0,0.831963,169.406,191.141,44.0625,83.4062,2,0,1,1,0
5714220,895,1,1,0,0.82643,169.234,191.141,46.2812,84.7188,3,0,1,1,0
5721523,895,1,1,0,0.845179,169.688,190.922,46.125,84.3438,2,1,1,1,0
5729190,894,1,1,0,0.787931,169.539,191.281,49.1719,84.9375,3,0,1,1,0
5735531,895,1,1,0,0.787604,168.945,192.016,51.3594,85.9688,2,0,1,1,0
5741716,893,1,1,0,0.802865,169.195,191.984,50.1406,82.5938,2,0,1,1,0
5749656,894,1,1,0,0.825869,168.812,190.438,52.0625,84,2,0,1,1,0
5756413,896,1,1,0,0.734501,167.719,190.609,53.3125,84.2188,2,0,1,1,0
5763290,895,1,1,0,0.804099,168.336,190.156,53.1719,84.6875,2,0,1,1,0
5770116,894,1,1,0,0.807157,168.379,190.156,52.5078,84.0625,2,0,1,1,0
5777239,894,1,1,0,0.799755,168.172,190.258,54.2188,84.7344,2,0,1,1,0
5783671,893,1,1,0,0.858953,168.234,190.109,53.2188,85.6562,2,0,1,1,0
5790721,893,1,1,0,0.811378,168.449,189.672,54.4766,85.3438,2,0,1,1,0
5798033,895,1,1,0,0.819605,168.508,189.133,53.1406,84.1406,2,0,1,1,0
5805166,895,1,1,0,0.862233,168.438,189.234,52.75,86.3438,2,0,1,1,0
5812112,894,1,1,0,0.776963,169.078,189.07,52.6562,84.8594,2,0,1,1,0
5819112,895,1,1,0,0.823043,168.996,189.062,53.1797,85.1875,2,0,1,1,0
5825737,894,1,1,0,0.848722,169.266,188.867,52.4688,83.8906,3,0,1,1,0
5832597,895,1,1,0,0.788257,169.824,188.578,51.3984,85.2812,2,0,1,1,0
5839949,896,1,1,0,0.616474,170.637,188.57,50.4609,84.2969,3,0,1,1,0
5846328,896,1,1,0,0.76699,171.32,188.352,51.4531,86.2344,3,0,1,1,0
5853645,892,1,1,0,0.751648,171.352,188.508,50.6719,84.3594,3,0,1,1,0
5860692,895,1,1,0,0.798187,172.023,188.375,50.1719,87.5,3,0,1,1,0
5867320,895,1,1,0,0.798187,172.156,188.57,48.125,87.7344,4,-1,1,1,0
5874117,895,1,1,0,0.843124,172.094,188.641,48.0625,87.9062,3,0,1,1,0
5881125,895,1,1,0,0.70902,171.734,188.562,46.7188,87.625,3,0,1,1,0
5888684,894,1,1,0,0.340265,171.438,188.688,43.875,86.25,4,0,1,1,0
5895793,895,1,1,0,0.603932,171.164,188.672,43.5781,85.2812,3,0,1,1,0
5902141,894,1,1,0,0.505371,171.215,188.68,42.1797,86.2656,3,0,1,1,0
5909097,893,1,1,0,0.505371,171.215,188.68,42.1797,86.2656,0,0,0,0,0
5915996,894,1,1,0,0.763834,171.195,188.398,41.4219,85.9844,3,0,1,1,0
5922944,894,1,1,0,0.683843,171.258,188.172,39.3281,85.2812,3,0,1,1,0
5930506,894,1,1,0,0.67405,171.789,187.43,40.0156,88.1406,3,0,1,1,0
5936360,893,1,1,0,0.789233,170.227,187.156,39.2031,87.0625,3,-1,1,1,0
5943351,895,1,1,0,0.7773,171.562,186.852,38.25,87.5781,3,0,1,1,0
5950783,893,1,1,0,0.695131,171.383,186.531,39.9531,88.5625,3,-1,1,1,0
5957801,893,1,1,0,0.664541,170.93,186.812,37.6719,87.3125,3,-1,1,1,0
5965072,901,1,1,0,0.761359,171.094,186.648,38.3125,88.0469,3,0,1,1,0
5971539,893,1,1,0,0.559771,171.023,186.672,39.4531,87.6562,3,-1,1,1,0
5978765,895,1,1,0,0.783657,170.25,187.141,39.375,86.0938,3,-1,1,1,0
5985774,894,1,1,0,0.718989,169.93,187.094,37.9219,86.4375,3,0,1,1,0
5992310,894,1,1,0,0.563138,169.992,187.352,37.3594,87.9531,3,-1,1,1,0
5999041,892,1,1,0,0.437343,169.383,187.641,37.0781,86.0938,2,0,1,1,0
6006996,894,1,1,0,0.474144,168.828,187.609,36.9062,85.9062,2,0,1,1,0
6013036,896,1,1,0,0.299925,167.453,187.812,38.0312,83.625,2,0,1,1,0
6020446,893,1,1,0,0.306735,169.195,188.203,37.4531,85.6562,2,0,1,1,0
6027235,895,1,1,0,0.358242,168.461,188.297,38.1094,84.6562,2,-1,1,1,0
6034071,895,1,1,0,0.446495,169.414,189.102,37.1094,85.7031,3,0,1,1,0
6041211,896,1,1,0,0.460046,169.414,188.758,38.4219,85.3281,2,0,1,1,0
6047875,895,1,1,0,0.656219,170.141,189.047,37.3438,84.9688,3,0,1,1,0
6055169,896,1,1,0,0.549157,169.281,189.344,38.875,86.1875,2,0,1,1,0
6062330,895,1,1,0,0.351089,169.117,189.438,36.8281,85.125,2,0,1,1,0
6068882,896,1,1,0,0.747248,168.25,190.047,37.5312,84.6562,2,0,1,1,0
6076003,895,1,1,0,0.686791,168.492,190,37.9219,84.875,2,0,1,1,0
6082711,897,1,1,0,0.665411,168.828,190.078,36.4688,84.3438,3,0,1,1,0
6090023,897,1,1,0,0.651354,168.875,190.406,35.75,83.6875,2,0,1,1,0
6096715,897,1,1,0,0.774583,168.859,190.695,34.1562,83.5156,2,0,1,1,0
6103781,896,1,1,0,0.788583,169.07,190.547,35.1094,82.9062,2,0,1,1,0
6110376,897,1,1,0,0.601125,168.875,190.25,35.0312,82.5,2,0,1,1,0
6117199,891,1,1,0,0.621541,169,190.031,35.3438,81.6875,3,0,1,1,0
6124698,897,1,1,0,0.317849,168.992,189.938,36.3594,81.5,2,0,1,1,0
6131398,894,1,1,0,0.226785,168.109,191.141,36.4062,81.0312,2,1,1,1,0
6138855,896,1,1,0,0.246716,168.297,191,35.9688,79.75,2,0,1,1,0
6145366,896,1,1,0,0.53607,168.555,191.039,37.0781,80.6406,2,1,1,1,0
6152179,895,1,1,0,0.544317,168.578,190.93,38.1562,80.1719,2,0,1,1,0
6159094,894,1,1,0,0.400749,167.961,190.906,38.6406,79.1875,2,0,1,1,0
6166447,896,1,1,0,0.720958,168.703,190.648,41.0312,79.7969,2,1,1,1,0
6173241,895,1,1,0,0.677901,168.582,190.812,41.7734,79.8125,2,0,1,1,0
6180477,895,1,1,0,0.52975,167.852,190.531,43.2031,81.1875,2,0,1,1,0
6187146,896,1,1,0,0.389546,167.812,190.609,43.625,82.0938,2,1,1,1,0
6193885,896,1,1,0,0.271638,167.828,190.359,43.5938,82.2812,1,0,1,1,0
6201081,896,1,1,0,0.622459,168.211,189.578,45.4219,83.2188,2,0,1,1,0
6207932,894,1,1,0,0.785966,168.168,188.75,45.7266,83.125,2,0,1,1,0
6215369,895,1,1,0,0.756716,168.527,188.547,46.4453,83.2812,2,0,1,1,0
6221681,896,1,1,0,0.791821,168.656,188.391,47.125,84.0938,2,0,1,1,0
6228577,897,1,1,0,0.811378,168.453,188.289,47.8438,83.8281,2,0,1,1,0
6236050,896,1,1,0,0.783326,168.961,187.906,48.0156,84.5625,2,0,1,1,0
6242639,894,1,1,0,0.783326,168.828,187.781,48.7188,84.5,3,0,1,1,0
6249233,894,1,1,0,0.843124,168.816,187.812,48.1328,83.75,2,-1,1,1,0
6256733,896,1,1,0,0.80038,169.195,187.867,49.8594,84.2344,2,0,1,1,0
6263358,895,1,1,0,0.837355,168.703,187.453,48.1562,83.2812,2,0,1,1,0
6270995,895,1,1,0,0.815527,168.852,187.805,50.4844,82.7656,2,0,1,1,0
6277189,896,1,1,0,0.806244,169.289,188.367,49.9531,81.3906,3,0,1,1,0
6284097,897,1,1,0,0.825307,169.219,188.75,49.4375,82.5,2,0,1,1,0
6291705,895,1,1,0,0.709825,169.754,188.367,50.8828,81.7656,2,0,1,1,0
6298223,893,1,1,0,0.743169,169.898,188.242,48.5469,81.8281,3,0,1,1,0
6305104,895,1,1,0,0.45181,170.312,188.5,44.9688,83.875,2,0,1,1,0
6312742,896,1,1,0,0.356224,170.578,188.547,46.4062,84.4062,3,0,1,1,0
6319078,897,1,1,0,0.280616,169.402,190.297,50.4297,81.1562,3,0,1,1,0
6326253,894,1,1,0,0.548674,169.656,189.328,48.3125,84.5938,2,0,1,1,0
6333080,896,1,1,0,0.282394,170.078,195.547,48.3125,71.8438,3,4,1,1,0
6339749,894,1,1,0,0.486332,171.039,189.258,47.4219,85.0156,3,0,1,1,0
6346977,895,1,1,0,0.578448,171.547,189.328,46.3438,86.8438,3,0,1,1,0
6353674,894,1,1,0,0.554953,171.273,188.422,44.7344,84.4688,3,-1,1,1,0
6361156,896,1,1,0,0.692226,170.996,187.891,43.0547,87.4688,3,0,1,1,0
6368001,895,1,1,0,0.216343,168.953,187.469,43.6562,85.9375,2,0,1,1,0
6374874,894,1,1,0,0.627496,169.664,187.172,42.3281,86.6562,3,-1,1,1,0
6381777,894,1,1,0,0.742049,169.711,188.047,40.5469,87.5312,2,0,1,1,0
6388782,895,1,1,0,0.727975,170.336,187.773,39.8594,87.9531,3,-1,1,1,0
6395543,893,1,1,0,0.750918,170.43,187.891,37.6094,86.5938,3,0,1,1,0
6402731,895,1,1,0,0.689724,169.797,187.859,38.5312,85.2812,2,0,1,1,0
6409504,894,1,1,0,0.778313,168.992,186.953,37.8594,85.6562,3,0,1,1,0
6416651,894,1,1,0,0.754552,168.57,187.078,37.9531,84.9688,2,-1,1,1,0
6423609,894,1,1,0,0.694303,168.773,187.297,36.3594,86.2812,2,0,1,1,0
6430375,895,1,1,0,0.591251,168.781,187.234,35.5625,85.6562,2,-1,1,1,0
6436886,894,1,1,0,0.746879,168.57,187.469,35.4219,86,2,0,1,1,0
6443935,895,1,1,0,0.66628,168.43,187.734,35.2031,86.7188,3,0,1,1,0
6451062,895,1,1,0,0.668447,166.656,187.469,36.25,85.8125,1,-1,1,1,0
6458800,895,1,1,0,0.609524,166.5,187.438,34.3438,85.5,2,0,1,1,0
6465250,895,1,1,0,0.612773,167.633,187.781,35.1719,85.8125,1,0,1,1,0
6471983,892,1,1,0,0.479504,166.75,193.516,33.7188,74.0312,2,2,1,1,0
6478605,895,1,1,0,0.331986,166.062,193.812,31.4375,75.125,1,3,1,1,0
6485937,895,1,1,0,0.217005,167.109,192.047,33.9688,79.1562,1,1,1,1,0
6493125,891,1,1,0,0.7773,168.344,188.234,34.8125,87.0312,2,0,1,1,0
6499889,894,1,1,0,0.681727,168.609,186.438,35.125,88.25,2,-2,1,1,0
6507100,894,1,1,0,0.667147,169.082,187.016,32.2109,87.9062,2,0,1,1,0
6513705,894,1,1,0,0.603932,169.164,187.016,34.9531,88.3438,3,-1,1,1,0
6520527,895,1,1,0,0.518546,169.289,190.188,33.5156,81.1875,2,0,1,1,0
6527513,896,1,1,0,0.436862,169.016,190.969,33.9688,75.875,2,1,1,1,0
6534640,895,1,1,1,0.313629,141.205,60.0684,10.457,11.5586,-5,-29,1,1,0
6541566,895,1,1,1,0.273187,139.779,60.3594,9.60547,11.4062,-5,-30,1,1,0
6548192,894,1,1,0,0.51562,167.82,188,35.1094,86.5,5,15,1,1,0
6555524,895,1,1,0,0.566978,172.234,195.656,35.6562,70.875,7,18,1,1,0
6562390,894,1,1,0,0.214692,143.127,123.047,24.7227,60.5312,-6,-29,1,1,0
6569107,894,1,1,0,0.514156,141.629,113.297,25.3828,60.7812,-6,-29,1,1,0
6576151,895,1,1,0,0.601594,137.557,105.172,24.7617,61.4062,-6,-29,1,1,0
6583093,893,1,1,0,0.243284,142.492,119.859,25.7969,61.5938,-6,-30,1,1,0
6590097,894,1,1,0,0.359365,147.277,133.438,23.2422,54.75,-4,-19,1,1,0
6597124,896,1,1,0,0.217337,149.34,156.391,22.2266,58.2812,-2,-1,1,1,0
6604720,895,1,1,0,0.227471,155.602,171.969,22.8906,60.125,0,4,1,1,0
6611108,895,1,1,0,0.649134,158.855,184.953,24.6641,64.2812,1,8,1,1,0
6617961,896,1,1,0,0.421552,160.871,184.188,24.1953,63.1875,0,2,1,1,0
6625297,893,1,1,0,0.421552,160.871,184.188,24.1953,63.1875,3,7,0,0,0
6631790,892,1,1,0,0.421552,160.871,184.188,24.1953,63.1875,2,5,0,0,0
6638744,892,1,1,0,0.421552,160.871,184.188,24.1953,63.1875,2,5,0,0,0
6645783,891,1,0,-1,0,0,0,0,0,0,0,0,0,0
6652480,894,1,1,0,0.246172,159.098,172.969,22.8828,56.25,0,-1,1,1,0
6659885,894,1,1,0,0.268943,161.16,167.938,27.4453,62.6875,0,-5,1,1,0
6666747,893,1,1,0,0.268943,161.16,167.938,27.4453,62.6875,0,-3,0,0,0
6673633,898,1,1,0,0.390476,163.277,171.094,24.7422,56.3125,1,-3,1,1,0
6680558,892,1,1,0,0.390476,163.277,171.094,24.7422,56.3125,1,0,0,0,0
6687860,895,1,1,0,0.225076,164.672,176.516,28.0625,56.5938,1,0,1,1,0
6694212,895,1,1,0,0.274741,166.277,178.641,26.8516,53.9062,1,0,1,1,0
6701228,895,1,1,0,0.256086,166.258,176.719,27.6094,57.375,1,0,1,1,0
6709020,893,1,1,0,0.256086,166.258,176.719,27.6094,57.375,1,0,0,0,0
6715127,892,1,1,0,0.256086,166.258,176.719,27.6094,57.375,1,0,0,0,0
6722464,892,1,1,0,0.256086,166.258,176.719,27.6094,57.375,0,0,0,0,0
6729338,895,1,1,0,0.274741,167.613,175.391,29.1172,60.8438,2,-1,1,1,0
6736214,895,1,1,0,0.257577,167.961,174.297,27.3281,54.4062,2,-1,1,1,0
6742840,895,1,1,0,0.231269,169.342,170.906,25.3164,49.0625,2,-1,1,1,0
6749950,895,1,1,0,0.211092,172.008,172.109,22.1719,55.6562,3,-2,1,1,0
6757128,891,1,1,0,0.211092,172.008,172.109,22.1719,55.6562,2,0,0,0,0
6763840,891,1,1,0,0.211092,172.008,172.109,22.1719,55.6562,1,-1,0,0,0
6770880,894,1,1,1,0.273575,172.049,151.062,10.4023,11.375,3,-1,1,1,0
6777690,894,1,1,1,0.499023,171.107,151.742,10.0977,11.5469,3,0,1,1,0
6784836,894,1,1,1,0.586049,172.463,151.955,10.0352,11.2617,4,0,1,1,0
6791591,893,1,1,1,0.224055,169.805,160.941,6.9375,8.375,3,1,1,1,0
6798499,895,1,1,0,0.281603,171.227,182.484,21.7656,55.7188,3,1,1,1,0
6806032,895,1,1,0,0.292191,170.09,178.836,21.1328,65.1094,2,0,1,1,0
6812573,895,1,1,0,0.342901,166.375,177.953,22.375,63.6562,2,-1,1,1,0
6819541,896,1,1,0,0.452294,165.809,177.766,25.6797,63.4062,1,-1,1,1,0
6826548,894,1,1,0,0.21767,165.414,177.828,25.5781,64.4062,1,-1,1,1,0
6833387,895,1,1,0,0.343341,165.242,177.719,25.1406,62.0625,1,-1,1,1,0
6840259,897,1,1,0,0.406862,165.016,178.516,27.375,65.1562,1,0,1,1,0
6847534,903,1,1,0,0.372504,165.777,179.305,29.9609,64.5781,1,-1,1,1,0
6854312,895,1,1,0,0.265499,165.328,180.234,33.4062,64.5312,1,0,1,1,0
6861444,893,1,1,1,0.263598,172.395,153.449,9.72656,11.0078,3,0,1,1,0
6868167,894,1,1,1,0.436862,173.021,153.473,9.22461,11.3047,4,0,1,1,0
6875216,893,1,1,1,0.428712,173.428,153.492,9.86328,11,4,0,1,1,0
6881994,893,1,1,1,0.262084,172.723,153.475,9.85156,11.6367,4,0,1,1,0
6889234,894,1,1,1,0.262084,172.723,153.475,9.85156,11.6367,1,0,0,0,0
6896147,892,1,1,1,0.262084,172.723,153.475,9.85156,11.6367,0,0,0,0,0
6902838,894,1,1,1,0.262084,172.723,153.475,9.85156,11.6367,0,0,0,0,0
6910515,896,1,1,1,0.247624,168.779,151.879,7.80859,9.85156,3,0,1,1,0
6916746,894,1,1,1,0.33372,169.732,151.312,8.01953,9.04688,2,-1,1,1,0
6924324,894,1,1,1,0.508788,169.998,151.48,7.75391,9.35156,3,0,1,1,0
6930487,895,1,1,1,0.284973,168.326,151.342,7.42578,9.15234,2,-1,1,1,0
6938358,894,1,1,1,0.308607,169.238,151.469,7.6875,9.03125,2,-1,1,1,0
6944613,895,1,1,1,0.271638,168.723,151.984,7.74219,10.5625,2,0,1,1,0
6952452,895,1,1,1,0.244364,168.414,152.928,8.22656,9.98047,3,0,1,1,0
6959520,896,1,1,1,0.27591,167.492,152.859,7.70312,9.5625,1,-1,1,1,0
6966142,896,1,1,1,0.375706,166.701,153.381,8.59766,10.793,2,0,1,1,0
6972941,896,1,1,1,0.609524,166.154,153.107,8.64453,10.7305,1,0,1,1,0
6980097,896,1,1,1,0.564099,166.219,153.746,8.82031,10.9531,1,0,1,1,0
6986444,896,1,1,1,0.640635,165.896,153.791,8.59766,10.3945,2,0,1,1,0
6993310,896,1,1,1,0.506836,166.109,153.797,8.875,10.875,1,0,1,1,0
7000052,894,1,1,1,0.445529,166.32,153.938,8.89062,10.6406,1,0,1,1,0
7007235,895,1,1,1,0.540924,165.992,153.824,8.94531,10.5391,1,0,1,1,0
7014590,894,1,1,1,0.425844,165.885,154.119,9.19922,10.957,1,0,1,1,0
7021334,894,1,1,1,0.389082,166.545,154.092,8.62891,11.1602,2,0,1,1,0
7028143,894,1,1,1,0.2602,166.77,154.104,8.375,11.0742,1,0,1,1,0
7035307,895,1,1,1,0.257577,167.119,154.172,8.26172,10.9766,2,0,1,1,0
7042314,894,1,1,1,0.337203,166.578,156.199,8.85938,11.4062,1,0,1,1,0
7049492,894,1,1,1,0.27513,166.355,155.59,8.35938,10.8984,1,0,1,1,0
7055898,896,1,1,1,0.278257,166.256,155.262,8.61328,10.6328,2,0,1,1,0
7063440,892,1,1,1,0.278257,166.256,155.262,8.61328,10.6328,0,0,0,0,0
7069836,892,1,1,1,0.278257,166.256,155.262,8.61328,10.6328,0,0,0,0,0
7077174,891,1,1,1,0.278257,166.256,155.262,8.61328,10.6328,0,0,0,0,0
7083683,892,1,0,-1,0,0,0,0,0,0,0,0,0,0
7090683,891,1,0,-1,0,0,0,0,0,0,0,0,0,0
7097176,895,1,1,0,0.404507,166.826,183.422,22.2773,64.6562,1,0,1,1,0
7104821,896,1,1,0,0.244545,168.68,183.969,22.7969,63.5,2,0,1,1,0
7111536,895,1,1,0,0.335459,168.883,183.977,22.2969,59.3906,2,0,1,1,0
7118459,895,1,1,0,0.230922,169.562,185,23.7812,64.375,2,0,1,1,0
7125314,895,1,1,0,0.393269,169.109,187.656,23.5312,55.625,3,3,1,1,0
7132649,895,1,1,0,0.255343,168.521,187.641,22.8086,54.4062,2,2,1,1,0
7139793,896,1,1,0,0.279042,167.992,186.672,23.9219,58.4688,2,2,1,1,0
7146540,895,1,1,0,0.259449,167.891,185.297,25.0938,65.0938,1,0,1,1,0
7153661,895,1,1,0,0.300335,166.797,184.641,28.0938,60.4062,2,1,1,1,0
7160397,895,1,1,0,0.273187,167.414,181.641,29.2031,64.5312,2,0,1,1,0
7167197,892,1,1,0,0.273187,167.414,181.641,29.2031,64.5312,0,-2,0,0,0
7174216,896,1,1,0,0.249813,166.746,179.32,29.1641,64.0156,1,-1,1,1,0
7181276,895,1,1,0,0.26133,166.574,179.18,31.5234,64.9844,1,0,1,1,0
7187922,894,1,1,0,0.358915,165.68,180.953,37.1406,65.8438,2,-1,1,1,0
7195062,897,1,1,0,0.291384,167.18,181.125,39.9531,65,1,0,1,1,0
7202516,897,1,1,0,0.356896,166.602,181.172,37.3906,66.0938,1,0,1,1,0
7209437,895,1,1,0,0.55929,166.27,181.188,35.1953,65.4375,2,0,1,1,0
7215777,896,1,1,0,0.220678,167.371,180.32,31.4609,63.0781,1,0,1,1,0
7222541,894,1,1,0,0.57081,167.75,180.797,37.5,64.7188,2,0,1,1,0
7229884,893,1,1,0,0.268943,168.086,180.406,32.5469,62.1875,2,-1,1,1,0
7236397,895,1,1,0,0.2261,169.141,180.055,28.3438,46.7344,2,0,1,1,0
7243360,895,1,1,0,0.207857,168.477,181.953,42.9219,68.0938,2,0,1,1,0
7250731,896,1,1,0,0.269133,170.789,183.531,34.2031,69,3,0,1,1,0
7257990,894,1,1,0,0.519034,170.453,182.055,22.4531,49.3906,2,1,1,1,0
7265054,895,1,1,0,0.286967,171.707,185.273,21.2266,52.2031,4,1,1,1,0
7271524,896,1,1,0,0.217337,168.246,180.797,25.2578,54.5312,2,1,1,1,0
7278432,894,1,1,0,0.241849,166.836,181.109,29.4844,67.3438,1,0,1,1,0
7285181,896,1,1,0,0.376623,165.996,183.406,31.0234,68.8125,1,0,1,1,0
7292148,896,1,1,0,0.274352,165.742,182.797,30.9219,68.6562,2,-1,1,1,0
7299303,895,1,1,0,0.29584,165.789,182.219,31.9844,64.625,1,0,1,1,0
7306456,894,1,1,0,0.298901,165.32,182.148,35.2656,66.1719,1,0,1,1,0
7313368,891,1,1,0,0.298901,165.32,182.148,35.2656,66.1719,0,0,0,0,0
7319962,893,1,1,0,0.228502,166.453,184.688,30.7188,64.6875,1,0,1,1,0
7327147,896,1,1,0,0.534127,166.422,184.492,32.4375,62.6406,1,0,1,1,0
7333778,896,1,1,0,0.287967,167.742,184.859,35.3281,64.0312,2,0,1,1,0
7340776,895,1,1,0,0.492676,168.031,185.25,33.0312,64,1,1,1,1,0
7348437,895,1,1,0,0.711431,166.789,184.641,32.5781,64.4062,2,0,1,1,0
7355223,895,1,1,0,0.428712,168.336,185.078,31.2969,65.2188,2,0,1,1,0
7362292,896,1,1,0,0.331553,169.656,182.625,32.3125,70.25,2,0,1,1,0
7368766,895,1,1,0,0.248717,169.75,182.797,32.6562,69.0312,2,0,1,1,0
7375821,895,1,1,0,0.345546,169.41,181.719,31.2578,69.5,3,0,1,1,0
7382637,895,1,1,0,0.47658,166.973,180.844,31.0703,71.25,2,-1,1,1,0
7389748,896,1,1,0,0.455683,169.551,180.719,28.3516,69.8125,2,-1,1,1,0
7397013,895,1,1,0,0.388618,165.773,185.016,29.8906,68.3438,1,0,1,1,0
7403625,895,1,1,0,0.38445,167.695,185.828,29.4219,65.2812,2,0,1,1,0
7410782,895,1,1,0,0.302804,167.711,188.031,31.6719,60.4375,1,2,1,1,0
7417924,895,1,1,0,0.225758,164.184,191.047,32.1641,53.9688,1,5,1,1,0
7424643,896,1,1,0,0.352202,167.117,189.531,25.9219,57.875,1,3,1,1,0
7431330,894,1,1,0,0.349532,168.012,185.078,28.0859,63.7812,2,1,1,1,0
7438534,896,1,1,0,0.47658,165.914,179.906,30.4531,72.4375,1,-2,1,1,0
7445048,895,1,1,0,0.292595,164.477,177.891,27.6406,69.1562,1,-2,1,1,0
7452136,896,1,1,0,0.433502,163.23,178.516,26.9609,67.9688,0,-2,1,1,0
7459350,895,1,1,0,0.428234,161.551,178.953,31.4766,73.5938,0,-1,1,1,0
7465935,894,1,1,0,0.637933,160.422,181.289,29.9375,67.9219,0,-1,1,1,0
7473141,894,1,1,0,0.320184,158.711,182.695,28.8906,65.7344,0,0,1,1,0
7480019,894,1,1,0,0.472197,158.328,182.453,30.2812,67.4062,0,0,1,1,0
7486831,895,1,1,0,0.312789,156.828,185.836,28.75,66.2031,-1,0,1,1,0
7493914,895,1,1,0,0.250546,157.5,186.344,25.5625,62.875,0,1,1,1,0
7500688,894,1,1,0,0.284973,155.922,185.938,27.5,62.8125,-1,1,1,1,0
7508186,895,1,1,0,0.305697,157.152,185.039,25.3203,65.0156,0,0,1,1,0
7514817,895,1,1,0,0.372504,155.754,184.281,29.6797,60.1875,0,1,1,1,0
7521596,895,1,1,0,0.297879,155.238,183.391,28.9297,59.5312,-1,0,1,1,0
7528567,894,1,1,0,0.328099,158.91,185.961,23.1328,55.9219,0,2,1,1,0
7535507,893,1,1,0,0.390941,153.004,183.531,35.2578,61.9375,-2,0,1,1,0
7542362,895,1,1,0,0.30198,151.008,183.406,38.7344,59.5,-2,0,1,1,0
7549291,895,1,1,0,0.580352,155.383,182.539,32.5469,66.0781,-1,0,1,1,0
7556669,894,1,1,0,0.356672,154.766,182.625,32.5938,66.5625,-1,0,1,1,0
7563450,894,1,1,0,0.235638,154.367,182.812,42.4531,64.875,-1,0,1,1,0
7570282,894,1,1,0,0.2602,154.355,181.156,30.7734,61.125,-1,0,1,1,0
7577151,896,1,1,0,0.407805,155.355,175.586,20.2422,46.7344,-1,0,1,1,0
7584149,894,1,1,0,0.246897,154.414,174.766,27.8594,51.2812,-1,-1,1,1,0
7591389,896,1,1,0,0.2227,154.121,173.219,23.5234,47.8125,-1,0,1,1,0
7598337,894,1,1,0,0.204342,151.523,177.594,31.7031,56.1875,-2,-1,1,1,0
7605409,897,1,1,0,0.29584,151.062,177.438,31.5,51.4375,-2,0,1,1,0
7611932,894,1,1,0,0.20947,151.395,179.484,31.0391,53.8438,-2,0,1,1,0
7618846,894,1,1,0,0.266835,153.703,181.031,49.8125,66.3125,-1,0,1,1,0
7626075,895,1,1,0,0.342461,155.594,180.938,40.25,63.6875,-1,0,1,1,0
7632721,895,1,1,0,0.380759,155.281,181.094,41.6875,61.5,-1,0,1,1,0
7639865,898,1,1,0,0.277473,155.711,180.477,42.0156,60.0156,0,0,1,1,0
7646792,895,1,1,0,0.466845,154.555,180.062,50.9531,65.375,-1,0,1,1,0
7653554,894,1,1,0,0.638835,154.469,180.07,45.8125,64.0781,-1,0,1,1,0
7660812,894,1,1,1,0.32853,150.965,153.59,8.51562,10.0703,-2,0,1,1,0
7667685,897,1,1,1,0.32595,150.584,153.41,8.63672,10.5859,-3,0,1,1,0
7674822,894,1,1,1,0.52829,149.873,152.441,9.21484,10.1797,-2,-1,1,1,0
7681815,893,1,1,1,0.201813,150.703,152.281,8.6875,10.25,-3,0,1,1,0
7688788,894,1,1,0,0.532182,9.65234,278.344,19.3984,74.5625,-24,17,1,1,0
7695462,896,1,1,0,0.305697,10.2852,277.445,19.8203,66.6406,-24,18,1,1,0
7702267,896,1,1,0,0.666714,12.1484,276.859,24.4531,69.2812,-24,17,1,1,0
7709709,894,1,1,0,0.472197,21.3008,267.297,42.2734,70.4062,-26,16,1,1,0
7716330,894,1,1,0,0.521959,176.562,159.375,28.25,57.625,19,-22,1,1,0
7723290,896,1,1,0,0.256831,189.922,151.078,27.9062,62.3438,21,-22,1,1,0
7730470,895,1,1,0,0.205296,203.797,142.344,25.3438,56.25,22,-20,1,1,0
7737096,894,1,1,0,0.247624,192.113,151.078,27.9141,59.0312,18,-17,1,1,0
7744089,896,1,1,0,0.262841,178.266,168.609,27.2812,61.0938,6,-3,1,1,0
7751389,894,1,1,0,0.323594,169.215,178.117,33.5391,64.9844,0,2,1,1,0
7758164,896,1,1,0,0.246353,156.375,187.828,32.1875,65.9062,-4,5,1,1,0
7765156,895,1,1,0,0.29931,153.977,189.547,33.1406,63.2188,-4,4,1,1,0
7771865,893,1,1,0,0.250729,152.5,188.484,34.625,64.9062,-3,2,1,1,0
7778876,895,1,1,0,0.385837,151.586,185.172,30.4531,66.0938,-2,1,1,1,0
7785820,895,1,1,0,0.439266,152.887,183.141,27.6641,61.5312,-2,0,1,1,0
7792736,895,1,1,0,0.347759,152.766,183.531,27.875,58.9375,-1,0,1,1,0
7799773,895,1,1,0,0.329392,152.98,181.672,28.1641,64.4688,-2,0,1,1,0
7807044,902,1,1,0,0.722135,154.066,180.094,28.2734,64.5625,-1,0,1,1,0
7813671,894,1,1,0,0.559771,154.766,179.703,26.8438,63.7812,-1,-1,1,1,0
7820547,895,1,1,0,0.233709,153.504,179.336,26.7109,64.6094,-1,0,1,1,0
7827823,895,1,1,0,0.232313,153.102,179.141,24.6719,64.0312,-2,-1,1,1,0
7834383,893,1,1,0,0.713831,152.023,179.984,26.7031,64.5312,-1,0,1,1,0
7841296,896,1,1,0,0.671039,151.668,180.266,27.0547,65.1562,-2,0,1,1,0
7848238,894,1,1,0,0.551574,151.496,180.641,26.3047,62.4062,-2,-1,1,1,0
7855299,894,1,1,0,0.581303,151.695,181.25,27.5156,66,-2,0,1,1,0
7862465,893,1,1,0,0.341582,151.645,180.781,28.8516,66.0625,-2,0,1,1,0
7869479,893,1,1,0,0.509276,151.777,181,27.6328,66.375,-2,0,1,1,0
7876282,894,1,1,0,0.489259,152.352,180.703,26.4375,65.4062,-2,0,1,1,0
7883099,895,1,1,0,0.301568,153.201,179.078,23.9414,48.3438,-1,0,1,1,0
7889917,895,1,1,0,0.402627,153.449,179.016,24.5078,59.7812,-2,0,1,1,0
7897026,894,1,1,0,0.297062,154.516,177.773,22.4688,49.4219,-1,0,1,1,0
7903976,893,1,1,0,0.24042,152.77,177.234,24.9922,52.1562,-1,0,1,1,0
7911059,895,1,1,0,0.508788,154.598,177.055,24.2578,56.5469,-1,0,1,1,0
7917570,895,1,1,0,0.248717,154.205,176.516,24.1602,56.3438,-1,0,1,1,0
7924899,894,1,1,0,0.284973,154.09,176.406,23.6172,58.1875,-2,-1,1,1,0
7931858,893,1,1,0,0.225417,153.504,181.125,26.0547,60.75,-1,0,1,1,0
7938508,894,1,1,0,0.234059,151.898,183.344,25.8906,62.3125,-2,0,1,1,0
7945873,895,1,1,0,0.59972,152.492,183.156,26.3906,63.25,-1,0,1,1,0
7952998,893,1,1,0,0.338951,152.27,183.5,25.5391,61.75,-2,0,1,1,0
7959986,894,1,1,0,0.560253,152.375,183.461,26.875,61.5156,-2,1,1,1,0
7966674,894,1,1,0,0.493165,152.402,183.125,25.6797,61.8125,-1,0,1,1,0
7973823,894,1,1,0,0.560253,152.301,183.219,27.8516,61.4375,-2,0,1,1,0
7980426,893,1,1,0,0.40592,152.887,183.172,26.0234,61.7188,-2,0,1,1,0
7987179,893,1,1,0,0.307774,153.176,184.969,23.5859,57.9375,-1,1,1,1,0
7994189,891,1,1,0,0.307774,153.176,184.969,23.5859,57.9375,0,1,0,0,0
8001231,895,1,1,0,0.212722,152.328,184.297,24.9688,60.5938,-1,0,1,1,0
8008603,893,1,1,0,0.212722,152.328,184.297,24.9688,60.5938,0,0,0,0,0
8015290,893,1,1,0,0.219003,147.926,195.625,19.6484,36.125,-4,14,1,1,0
8022356,895,1,1,0,0.212069,148.383,195.906,21.0156,34.25,-4,13,1,1,0
8029104,896,1,1,0,0.284576,148.844,195.797,22.25,36.4688,-3,10,1,1,0
8036043,894,1,1,0,0.347759,151.133,176.547,28.9531,59.3438,-2,-5,1,1,0
8043026,895,1,1,0,0.259449,153.059,167.047,30.6953,63.7812,-1,-13,1,1,0
8049618,895,1,1,0,0.458591,154.762,160.656,28.0859,62.4375,-1,-13,1,1,0
8056830,890,1,1,0,0.458591,154.762,160.656,28.0859,62.4375,1,-7,0,0,0
8063829,892,1,1,0,0.262462,159.66,172.344,17.8672,54.5,0,-3,1,1,0
8070834,894,1,1,0,0.32338,154.039,182.266,29.0781,60.4688,0,1,1,1,0
8077574,895,1,1,0,0.320822,153.637,182.449,26.0078,57.7109,-2,2,1,1,0
8084608,896,1,1,0,0.29747,153.68,182.688,25.3594,59.0625,-1,0,1,1,0
8091586,893,1,1,1,0.271638,155.332,158.506,9.08594,10.9102,-1,1,1,1,0
8098763,895,1,1,0,0.210767,155.273,182.438,22.8906,59.3125,0,0,1,1,0
8105065,892,1,1,0,0.210767,155.273,182.438,22.8906,59.3125,0,0,0,0,0
8112636,892,1,1,0,0.210767,155.273,182.438,22.8906,59.3125,0,0,0,0,0
8119305,893,1,1,0,0.210767,155.273,182.438,22.8906,59.3125,0,0,0,0,0
8126318,891,1,0,-1,0,0,0,0,0,0,0,0,0,0
8133156,893,1,0,-1,0,0,0,0,0,0,0,0,0,0
8140676,894,1,1,0,0.2602,148.367,183.305,43.7031,58.8906,-3,0,1,1,0
8147118,895,1,1,0,0.202286,147.891,183.5,43.2812,59.0625,-3,0,1,1,0
8154330,894,1,1,0,0.202286,147.891,183.5,43.2812,59.0625,0,0,0,0,0
8160937,892,1,1,0,0.202286,147.891,183.5,43.2812,59.0625,0,0,0,0,0
8168052,895,1,1,0,0.246897,143.754,181.211,30.6172,59.9219,-6,0,1,1,0
8175196,895,1,1,0,0.262841,144.328,181.75,30.5,58.3125,-5,0,1,1,0
8182111,894,1,1,0,0.278453,142.547,182.891,29.0938,56.4688,-5,0,1,1,0
8189031,892,1,1,0,0.278453,142.547,182.891,29.0938,56.4688,-1,0,0,0,0
8195533,893,1,1,0,0.278453,142.547,182.891,29.0938,56.4688,-1,1,0,0,0
8202760,894,1,1,1,0.246534,156.543,155.002,8.89844,11.5195,0,0,1,1,0
8210116,890,1,1,1,0.246534,156.543,155.002,8.89844,11.5195,4,0,0,0,0
8216493,890,1,1,1,0.246534,156.543,155.002,8.89844,11.5195,4,0,0,0,0
8223725,892,1,1,1,0.246534,156.543,155.002,8.89844,11.5195,3,-1,0,0,0
8230439,889,1,0,-1,0,0,0,0,0,0,0,0,0,0
8237333,890,1,0,-1,0,0,0,0,0,0,0,0,0,0
8244553,892,1,0,-1,0,0,0,0,0,0,0,0,0,0
8251708,893,1,1,0,0.229192,144.422,184.234,27.9688,53.9688,-5,1,1,1,0
8258766,893,1,1,0,0.216012,142.059,181.547,26.8984,57.8438,-5,0,1,1,0
8265435,892,1,1,0,0.216012,142.059,181.547,26.8984,57.8438,-1,-1,0,0,0
8272065,891,1,1,0,0.216012,142.059,181.547,26.8984,57.8438,-1,-1,0,0,0
8279129,895,1,1,0,0.213377,146.637,178.562,24.3203,52.3125,-4,0,1,1,0
8286298,893,1,1,0,0.262084,141.617,181.43,29.7344,60.8594,-6,-1,1,1,0
8293386,894,1,1,0,0.215351,141.93,184.695,31.0469,52.6406,-6,1,1,1,0
8300281,892,1,1,0,0.322526,145.461,184.188,33.5469,52.75,-5,1,1,1,0
8307524,895,1,1,0,0.427755,144.453,184,29.125,60.6875,-5,1,1,1,0
8314207,895,1,1,0,0.259824,146.146,183.922,27.0508,56.4688,-5,0,1,1,0
8320651,893,1,1,0,0.259824,146.146,183.922,27.0508,56.4688,0,0,0,0,0
8327968,893,1,1,0,0.419648,152.742,181.539,29.1406,60.0156,-1,0,1,1,0
8334621,894,1,1,0,0.221014,153.52,181.844,27.4609,55.8125,-1,0,1,1,0
8341916,896,1,1,0,0.319546,153.281,180.727,27.1875,60.7656,-1,0,1,1,0
8348572,894,1,1,0,0.443118,153.43,181.117,27.6406,60.1094,-2,0,1,1,0
8355733,893,1,1,0,0.339827,152.742,180.773,28.0156,57.4219,-1,0,1,1,0
8362659,892,1,1,0,0.422028,153.396,180.992,25.2695,61.1094,-1,0,1,1,0
8369628,894,1,1,0,0.521959,152.992,178.984,27.2812,62.4688,-2,0,1,1,0
8376545,896,1,1,0,0.741301,153.062,179.156,25.5938,63.4375,-1,0,1,1,0
8383572,894,1,1,0,0.573678,152.082,179.344,25.6328,63,-2,-1,1,1,0
8390508,895,1,1,0,0.467818,153.094,178.969,21.9062,62.1875,-2,0,1,1,0
8397020,897,1,1,0,0.411584,152.48,179.422,25.2422,64.5312,-1,-1,1,1,0
8404189,894,1,1,0,0.4917,152.672,179.141,27.2812,63.6562,-2,0,1,1,0
8411090,894,1,1,0,0.779322,152.629,179.227,27.4453,63.6719,-2,0,1,1,0
8420416,896,1,1,0,0.203075,151.832,179.969,25.8203,64.5,-1,-1,1,1,0
8426278,892,1,1,0,0.203075,151.832,179.969,25.8203,64.5,-1,0,0,0,0
8433323,893,1,1,0,0.203075,151.832,179.969,25.8203,64.5,0,0,0,0,0
8440942,895,1,1,0,0.428234,151.355,180.281,31.8359,64.4375,-2,0,1,1,0
8447570,896,1,1,0,0.519521,152.184,180.102,28.4609,62.2969,-2,0,1,1,0
8455104,894,1,1,0,0.586996,152.004,180,28.2578,63.8125,-2,0,1,1,0
8468650,895,1,1,0,0.378919,153.055,181.625,27.4844,59.375,-1,0,1,1,0
8474753,896,1,1,0,0.498047,152.91,181.188,27.8828,62.625,-2,0,1,1,0
8481689,894,1,1,0,0.565059,153.742,180.812,28.3281,59.125,-1,0,1,1,0
8489526,895,1,1,0,0.397003,154.219,180.797,28.2344,60.0938,-1,0,1,1,0
8496207,896,1,1,0,0.560734,155.664,181.844,27.9375,63.6875,-1,0,1,1,0
8503196,895,1,1,0,0.307774,155.473,182,28.4766,59.4375,-1,0,1,1,0
8516745,896,1,1,0,0.397003,156.066,182.953,27.3828,58.9062,0,0,1,1,0
8524142,896,1,1,0,0.483892,156.18,182.906,26.9219,61.25,-1,0,1,1,0
8530140,895,1,1,0,0.592195,156.191,184.719,27.3828,61.875,0,0,1,1,0
8544463,894,1,1,0,0.697196,156.371,181.312,27.4141,61.25,-1,0,1,1,0
8552247,895,1,1,0,0.638384,156.469,181.188,27.125,60.9375,0,0,1,1,0
8558086,893,1,1,0,0.739047,157.094,182.734,28.125,64.4062,-1,0,1,1,0
8572349,893,1,1,0,0.600657,157.242,182.875,27.8594,61.0625,0,0,1,1,0
8578843,896,1,1,0,0.533155,159.203,182.641,27.3438,62.9688,0,0,1,1,0
8586751,895,1,1,0,0.553505,160.168,183.617,38.2109,67.7656,0,0,1,1,0
8592683,892,1,1,0,0.454714,163.07,183.023,44.9844,66.2344,0,0,1,1,0
8600062,895,1,1,0,0.380299,161.398,183.391,46.6719,67.2188,0,0,1,1,0
8608069,895,1,1,0,0.414425,156.242,182.82,27.5156,65.1406,0,0,1,1,0
8621448,895,1,1,0,0.534127,158.539,181.211,28.5469,61.4219,0,0,1,1,0
8635569,895,1,1,0,0.390476,158.52,181.016,28.5859,56.9688,0,0,1,1,0
8641314,895,1,1,0,0.209308,159.277,181.82,29.4766,63.0156,0,0,1,1,0
8648869,893,1,1,0,0.324236,161.555,178.586,25.0469,53.9219,0,0,1,1,0
8662019,895,1,1,0,0.228847,160.906,174.969,28.4688,51.0625,0,0,1,1,0
8670553,896,1,1,0,0.310903,161.453,180.062,30.625,64.25,0,0,1,1,0
8683254,894,1,1,0,0.482917,161.59,181.023,31.7578,66.5781,0,-1,1,1,0
8690680,894,1,1,0,0.317214,164.25,179.891,30.3438,64.0938,1,0,1,1,0
8696770,893,1,1,0,0.501465,165.182,180.203,25.5195,63.1562,1,0,1,1,0
8710666,895,1,1,0,0.648243,166.094,180.438,26.5,65,1,0,1,1,0
8718727,893,1,1,0,0.52683,166.164,180.438,27.25,65.5625,1,-1,1,1,0
8731809,896,1,1,0,0.52829,166.176,180.461,26.6641,64.0469,1,0,1,1,0
8739420,895,1,1,0,0.348202,167.363,181.258,24.7578,62.3906,2,0,1,1,0
8745758,894,1,1,0,0.425367,168.887,179.562,24.7266,60.875,2,0,1,1,0
8759388,897,1,1,0,0.47317,169.09,179.578,24.4609,65.4688,2,0,1,1,0
8766510,895,1,1,0,0.467818,169.104,179.016,23.8555,59.2188,2,0,1,1,0
8774062,892,1,1,0,0.516108,169.387,179.031,24.5078,63.3125,2,-1,1,1,0
8788222,895,1,1,0,0.751648,169.414,179.039,24.7969,62.9844,3,0,1,1,0
8794767,897,1,1,0,0.27513,168.438,180.297,25.8125,63.5312,2,0,1,1,0
8802232,894,1,1,0,0.584627,168.848,181.125,23.0547,61.875,2,0,1,1,0
8809003,896,1,1,0,0.560253,168.191,181.156,25.7578,65.3125,2,0,1,1,0
8815200,895,1,1,0,0.257577,167.758,181.5,26.3906,65.875,2,0,1,1,0
8822858,895,1,1,0,0.581303,167.426,181.578,26.3203,66.0938,1,0,1,1,0
8828826,895,1,1,0,0.206414,167.312,181.891,26.7031,66.7188,2,0,1,1,0
8836981,901,1,1,0,0.444565,166.367,184.5,24.4531,60.875,1,0,1,1,0
8843596,894,1,1,0,0.264738,166.406,184.5,23.5,61.3125,2,1,1,1,0
8849774,895,1,1,0,0.456168,166.508,184.359,26.2344,62.2812,1,0,1,1,0
8857988,895,1,1,0,0.405449,166.363,184.461,26.2109,61.2656,1,0,1,1,0
8864099,898,1,1,0,0.435901,166.93,184.5,26.6094,58.25,2,1,1,1,0
8871437,894,1,1,0,0.369769,167.125,184.531,27.375,57.625,1,1,1,1,0
8877942,894,1,1,0,0.390941,167.176,184.281,28.7578,57.9375,2,0,1,1,0
8885220,894,1,1,0,0.396068,166.883,182.781,30.8281,60.8125,1,1,1,1,0
8891794,894,1,1,0,0.695545,166.742,183,30.2031,58.1875,2,0,1,1,0
8898577,895,1,1,0,0.568416,166.352,182.984,31.2344,58.4062,1,0,1,1,0
8906255,894,1,1,0,0.567457,168.125,182.156,30.9062,57.8125,2,0,1,1,0
8912514,893,1,1,0,0.697196,168.652,182.25,29.9922,58.375,2,1,1,1,0
8920278,895,1,1,0,0.505859,168.633,181.227,29.9844,60.2656,2,0,1,1,0
8926549,894,1,1,0,0.28577,167.008,179.188,28.5156,60.5,2,0,1,1,0
8933060,896,1,1,0,0.25128,167,181.305,35.3438,55.9219,1,0,1,1,0
8940775,893,1,1,0,0.492676,166.57,179.023,41.1094,64.2031,1,0,1,1,0
8946944,894,1,1,0,0.222362,166.227,178.055,30.8594,61.7344,2,-1,1,1,0
8954734,894,1,1,0,0.250546,165.562,178.047,31.4375,60.5938,1,0,1,1,0
8960950,895,1,1,0,0.498047,166.18,178.266,38.4219,62.7188,1,-1,1,1,0
8968775,895,1,1,0,0.245448,166.977,177.938,33.7969,57.1875,1,0,1,1,0
8974716,896,1,1,0,0.516108,172.289,178.469,26.3281,63.9375,4,-1,1,1,0
8981583,894,1,1,0,0.361165,170.109,179.312,31.5625,63.4375,3,0,1,1,0
8989682,893,1,1,0,0.551574,170.766,179.328,29.1562,62.3438,3,0,1,1,0
8995317,895,1,1,0,0.671901,171.035,180.938,25.3359,59.0625,3,0,1,1,0
9004192,894,1,1,0,0.68342,169.234,181.398,27.2812,60.0469,2,0,1,1,0
9010157,895,1,1,0,0.410638,168.945,181.969,24.9531,58.3125,2,0,1,1,0
9016805,893,1,1,0,0.504394,168.152,180.875,24.4297,64,2,0,1,1,0
9024716,895,1,1,0,0.388618,168.555,180.609,21.9844,63.0938,2,0,1,1,0
9030622,896,1,1,0,0.344222,165.398,179.297,28.9844,60.6562,2,0,1,1,0
9038359,895,1,1,0,0.495117,165.824,180,27.8359,63.4375,1,0,1,1,0
9044082,894,1,1,0,0.457137,165.969,180.094,26.75,63.625,1,0,1,1,0
9052152,896,1,1,0,0.372048,165.828,180.406,26.8125,64.75,1,-1,1,1,0
9058925,895,1,1,0,0.31195,165.828,180.062,29.4688,65.0625,1,0,1,1,0
9065609,894,1,1,1,0.370224,172.675,152.922,8.96289,11.1094,4,0,1,1,0
9073049,894,1,1,1,0.483404,172.707,152.838,9.36719,11.082,4,0,1,1,0
9079467,895,1,1,1,0.462473,173.284,152.996,9.41602,10.9453,4,0,1,1,0
9086795,895,1,1,1,0.555435,172.17,152.938,8.90234,11.5,3,0,1,1,0
9092776,893,1,1,1,0.411584,170.695,152.465,8.22656,10.9766,3,-1,1,1,0
9100021,893,1,1,1,0.31405,169.662,151.896,8.13672,9.96484,3,0,1,1,0
9108052,894,1,1,1,0.273187,169.279,151.652,8.23828,10.5547,2,0,1,1,0
9114162,892,1,1,1,0.273187,169.279,151.652,8.23828,10.5547,0,-1,0,0,0
9121627,895,1,1,1,0.382603,166.23,151.734,7.85156,10.1719,1,0,1,1,0
9128329,894,1,1,1,0.328099,165.754,151.76,7.59375,10.3867,1,-1,1,1,0
9135576,893,1,1,0,0.258699,160.758,181.922,25.8906,61.5938,0,0,1,1,0
9141163,896,1,1,0,0.263978,161.844,181.844,28.625,61.4375,0,0,1,1,0
9148928,895,1,1,0,0.375477,161.672,179.789,28.25,65.2031,0,0,1,1,0
9156016,894,1,1,0,0.336331,162.695,179.844,27.6406,65.8125,0,0,1,1,0
9163083,895,1,1,0,0.319971,163.562,179.516,27.6875,66.7812,0,-1,1,1,0
9170183,894,1,1,0,0.385375,164.797,179.43,27.6562,65.9219,1,0,1,1,0
9176780,896,1,1,0,0.276886,165.926,179.695,25.6641,65.8281,1,-1,1,1,0
9182979,895,1,1,0,0.665845,167.023,180.234,27.4219,65.9062,1,0,1,1,0
9190829,894,1,1,0,0.341143,167.41,177.25,24.1797,45.1875,2,0,1,1,0
9197882,895,1,1,0,0.237932,168.25,178.516,25.3125,61.5938,2,0,1,1,0
9205192,896,1,1,0,0.386763,168.336,179.203,24.4688,65.0312,2,0,1,1,0
9211926,894,1,1,0,0.255714,168.465,179.359,24.3828,63.0312,2,-1,1,1,0
9219454,893,1,1,0,0.202759,168.281,178.594,23.875,60.9375,2,0,1,1,0
9225516,894,1,1,0,0.347759,167.879,178.602,23.1172,59.4219,1,0,1,1,0
9231587,895,1,1,0,0.293,167.484,178.828,23.3438,59.6562,2,-1,1,1,0
9240253,895,1,1,0,0.263219,166.531,180.625,24.9062,69.625,2,0,1,1,0
9245835,895,1,1,0,0.26588,167.318,181.133,23.6367,68.2656,1,0,1,1,0
9254060,895,1,1,0,0.218003,166.992,179.234,23.1094,46.4688,2,0,1,1,0
9260486,895,1,1,0,0.246534,166.699,185.789,23.1328,58.6719,1,2,1,1,0
9266395,891,1,1,0,0.246534,166.699,185.789,23.1328,58.6719,0,2,0,0,0
9274277,895,1,1,0,0.231964,166.391,183.656,21.625,61.125,1,0,1,1,0
9280680,895,1,1,0,0.202128,167.684,182.453,21.9922,62.4062,1,0,1,1,0
9288028,894,1,1,1,0.238641,170.867,153.703,7.88281,9.8125,3,0,1,1,0
9294719,894,1,1,0,0.346873,168.609,181.797,23,59.9062,2,0,1,1,0
9302210,894,1,1,0,0.2763,168.623,181.922,23.3164,62.9688,3,0,1,1,0
9309376,895,1,1,0,0.216012,168.684,181.594,23.8359,65.8125,2,0,1,1,0
9314975,891,1,1,0,0.216012,168.684,181.594,23.8359,65.8125,0,-1,0,0,0
9323152,894,1,1,0,0.204978,167.434,180.992,23.8672,64.5156,2,0,1,1,0
9329384,892,1,1,0,0.204978,167.434,180.992,23.8672,64.5156,0,0,0,0,0
9337000,895,1,1,0,0.256831,167.066,181.891,26.2578,65.7188,1,0,1,1,0
9343593,893,1,1,0,0.239174,167.227,182.156,26.0781,64.5625,2,0,1,1,0
9350077,894,1,1,0,0.274546,168.109,182.406,26.6094,63.375,2,0,1,1,0
9357311,893,1,1,0,0.340704,168.359,182.422,27.0625,60.9688,1,0,1,1,0
9364705,895,1,1,0,0.266644,169.027,181.656,27.9297,63.375,3,0,1,1,0
9371508,893,1,1,0,0.226442,172.613,179.305,17.7891,56.0469,3,0,1,1,0
9377800,893,1,1,0,0.247988,172.793,179.328,18.5234,56.4688,4,0,1,1,0
9385286,896,1,1,0,0.256458,172.695,178.773,16.3438,41.2656,3,0,1,1,0
9391341,891,1,1,0,0.256458,172.695,178.773,16.3438,41.2656,1,2,0,0,0
9398292,891,1,1,0,0.256458,172.695,178.773,16.3438,41.2656,0,1,0,0,0
9406215,895,1,1,0,0.288569,164.336,182.531,36.4219,64.125,1,0,1,1,0
9413008,894,1,1,0,0.351979,163.652,179.891,42.9453,68.4062,0,0,1,1,0
9420012,895,1,1,0,0.252937,163.133,180.18,44.0469,65.4844,0,-1,1,1,0
9426620,894,1,1,0,0.292191,163.242,179.328,46.1719,67.4688,1,-1,1,1,0
9433149,895,1,1,0,0.32595,164.359,179.336,44.7812,67.9219,0,0,1,1,0
9440678,897,1,1,0,0.431105,165.258,179.258,42.9844,67.5469,1,-1,1,1,0
9447292,894,1,1,0,0.243284,172.695,175.938,23.7031,61.3125,4,-1,1,1,0
9454657,896,1,1,0,0.243284,173.088,179.297,26.4883,66.1562,4,-1,1,1,0
9462121,896,1,1,0,0.237225,172.889,181.234,25.8398,68.1562,4,-1,1,1,0
9468654,895,1,1,0,0.38769,168.547,180.656,35.3438,67.5,2,0,1,1,0
9474602,894,1,1,1,0.265499,171.947,154.324,10.0195,12.3984,4,0,1,1,0
9481839,892,1,1,1,0.265499,171.947,154.324,10.0195,12.3984,0,1,0,0,0
9489308,894,1,1,1,0.348646,168.971,154.85,10.0664,10.6133,3,0,1,1,0
9495968,894,1,1,0,0.223376,166.98,185.469,23.8359,66.4375,1,1,1,1,0
9504183,894,1,1,0,0.206254,166.422,185.844,28.3438,68.5625,2,0,1,1,0
9510486,891,1,1,0,0.206254,166.422,185.844,28.3438,68.5625,0,1,0,0,0
9516411,896,1,1,0,0.21767,166.613,183.047,27.8359,69.9062,1,0,1,1,0
9524142,893,1,1,0,0.21767,166.613,183.047,27.8359,69.9062,0,0,0,0,0
9530926,894,1,1,0,0.307774,165.742,182.828,34.8594,68.2812,1,-1,1,1,0
9538445,894,1,1,0,0.28577,166.867,181.328,35.2031,70.7188,1,0,1,1,0
9544903,896,1,1,0,0.26303,165.695,179.602,38.0469,72.1094,1,-1,1,1,0
9551776,893,1,1,0,0.26303,165.695,179.602,38.0469,72.1094,0,-2,0,0,0
9558442,894,1,1,1,0.20947,177.066,148.359,8.14062,9.46875,6,-2,1,1,0
9565904,895,1,1,1,0.237225,175.525,153.922,9.55859,12.7188,5,0,1,1,0
9572728,895,1,1,0,0.234409,15.375,266.727,29.75,53.5156,-23,18,1,1,0
9578919,896,1,1,0,0.349977,13.1152,269.727,26.8867,55.4531,-25,18,1,1,0
9586740,897,1,1,0,0.229537,12.2852,270.938,24.3828,57.9375,-24,17,1,1,0
9593637,894,1,1,1,0.303629,24.6758,238.279,11.6172,12.8789,-25,16,1,1,0
9599998,892,1,1,1,0.303629,24.6758,238.279,11.6172,12.8789,-1,3,0,0,0
9607524,894,1,1,1,0.26971,213.338,122.5,9.44141,9.75,22,-19,1,1,0
9614042,894,1,1,0,0.230229,223.625,146.859,26.4688,61.4062,25,-17,1,1,0
9621257,893,1,1,0,0.230229,223.625,146.859,26.4688,61.4062,16,-12,0,0,0
9628174,896,1,1,0,0.355776,214.777,153.969,28.3984,67.875,25,-15,1,1,0
9635410,895,1,1,0,0.331553,201.531,162.578,29.0312,68.1562,20,-10,1,1,0
9641916,892,1,1,0,0.331553,201.531,162.578,29.0312,68.1562,0,-1,0,0,0
9648444,897,1,1,0,0.362067,177.984,180.422,25.5938,65.8438,-1,3,1,1,0
9655922,896,1,1,0,0.215846,15.1797,279.219,30.2656,67.3125,-23,19,1,1,0
9663192,901,1,1,0,0.23476,15.3672,281.461,30.4531,68.8281,-24,19,1,1,0
9670457,901,1,1,0,0.567937,170.082,184.75,26.1953,64.625,19,-14,1,1,0
9676984,901,1,1,0,0.535585,184.797,175.109,26.25,66.7812,24,-15,1,1,0
9683307,893,1,1,0,0.385837,199.031,163.844,25.75,65.6875,25,-16,1,1,0
9690593,895,1,1,0,0.297062,189.602,170.281,24.2344,65.5,16,-7,1,1,0
9697426,894,1,1,0,0.547222,175.344,181.102,26.0938,64.9844,5,0,1,1,0
9704759,895,1,1,0,0.231964,13.9023,284.328,28.0078,67.4688,-23,19,1,1,0
9712373,894,1,1,0,0.404507,152.949,194.031,24.8516,67.8125,6,-3,1,1,0
9718671,894,1,1,0,0.337858,150.648,194.5,24.875,66.875,2,-1,1,1,0
9725027,893,1,1,0,0.256458,163.305,184.992,22.8594,65.1094,5,-3,1,1,0
9732307,897,1,1,0,0.385375,161.436,185.094,24.2539,65.5,2,-1,1,1,0
9739606,895,1,1,0,0.690559,160.18,185.516,25.0781,65.2188,0,0,1,1,0
9746372,896,1,1,0,0.599251,157.184,187.117,24.2266,65.2031,0,0,1,1,0
9753716,894,1,1,0,0.660173,155.555,187.938,26.8594,67.9375,0,1,1,1,0
9760608,896,1,1,0,0.47025,155.668,188.43,27.0391,65.9844,-1,1,1,1,0
9766782,896,1,1,0,0.558808,155.711,188.266,26.8281,64.9062,-1,1,1,1,0
9774013,897,1,1,0,0.710227,155.902,188.562,26.4141,65.1875,0,1,1,1,0
9781116,896,1,1,0,0.494141,155.693,187.672,26.8242,61.0938,-1,2,1,1,0
9788100,895,1,1,0,0.349532,156.332,187.977,31.2734,62.5156,-1,1,1,1,0
9794798,892,1,1,1,0.229192,161.104,158.99,8.97266,9.50391,0,1,1,1,0
9801888,893,1,1,0,0.202601,155.438,186.875,35,60.1875,0,1,1,1,0
9809193,895,1,1,0,0.225417,155.949,189,26.9609,56.5625,-1,2,1,1,0
9815985,893,1,1,0,0.420599,155.008,186.328,30.3281,66.7812,0,1,1,1,0
9822918,893,1,1,1,0.268559,161.461,157.117,8.85938,9.28906,0,0,1,1,0
9829195,894,1,1,0,0.26588,153.895,183,30.3672,64.25,-1,0,1,1,0
9836708,894,1,1,0,0.233709,157.062,183.734,30.0625,61.0312,0,0,1,1,0
9843679,892,1,1,0,0.233709,157.062,183.734,30.0625,61.0312,0,0,0,0,0
9850092,892,1,1,0,0.233709,157.062,183.734,30.0625,61.0312,0,0,0,0,0
9857397,895,1,1,0,0.258699,155.348,185.352,27.9297,56.9219,0,0,1,1,0
9864701,891,1,1,0,0.33764,153.852,185.766,29.7656,57.6562,-1,2,1,1,0
9871702,894,1,1,0,0.2261,154.211,185.312,26,55.75,-1,1,1,1,0
9879068,896,1,1,0,0.33372,152.73,186.078,31.1641,58.8438,-2,1,1,1,0
9885359,895,1,1,0,0.318273,150.82,184.531,32.2344,59.375,-2,1,1,1,0
9892097,899,1,1,0,0.203075,151.758,182.344,31.4219,64.375,-2,0,1,1,0
9898603,895,1,1,0,0.311112,152.504,181.875,31.1172,57.9375,-2,0,1,1,0
9906085,895,1,1,0,0.293202,154.504,182.891,27.7422,59.9688,-1,0,1,1,0
9913162,895,1,1,0,0.219003,152.633,182.078,32.1406,61.7188,-1,0,1,1,0
9920513,893,1,1,0,0.26133,152.734,182.102,31.0312,59.1406,-2,0,1,1,0
9927361,895,1,1,0,0.269133,152.895,183.562,33.6797,60.1875,-1,0,1,1,0
9933730,894,1,1,0,0.395601,155.121,182.844,29.3359,61.3125,-1,0,1,1,0
9940755,893,1,1,0,0.268175,154.805,182.18,30.9219,60.6094,-1,0,1,1,0
9948216,896,1,1,0,0.233185,155.547,181.211,30.1562,61.9219,-1,0,1,1,0
9954599,896,1,1,0,0.490724,155.141,180.828,30.8438,64.3438,-1,0,1,1,0
9961856,895,1,1,0,0.280616,156.977,177.703,19.8438,44.2188,0,0,1,1,0
9968638,895,1,1,0,0.203391,156.594,179.109,22.9688,50.0312,-1,0,1,1,0
9976202,894,1,1,0,0.259449,154.691,176.289,20.7578,42.8594,-1,0,1,1,0
9982304,895,1,1,0,0.283384,153.633,175.336,22.2969,42.7656,-1,0,1,1,0
9989230,892,1,1,0,0.283384,153.633,175.336,22.2969,42.7656,0,0,0,0,0
9996503,896,1,1,0,0.23476,150.898,176.312,30.0156,43,-3,0,1,1,0
10003374,893,1,1,0,0.282988,151.281,173.203,29.125,44.4062,-2,0,1,1,0
10011178,896,1,1,0,0.257577,150.629,172.582,30.3203,46.9141,-2,-1,1,1,0
10017117,896,1,1,0,0.429669,151.727,172.719,28.5469,53.6875,-2,-1,1,1,0
10024463,893,1,1,0,0.334155,151.82,172.891,30.0156,54.1562,-2,-1,1,1,0
10031706,900,1,1,0,0.355328,152.152,173.188,27.6172,51.25,-2,-1,1,1,0
10038269,895,1,1,0,0.260576,152.352,173.109,29.7656,54.2812,-2,-2,1,1,0
10045719,895,1,1,0,0.31658,151.793,173.43,31.5859,55.6719,-2,-1,1,1,0
10051879,894,1,1,0,0.272025,152.047,174.375,31.0625,53.0625,-1,-1,1,1,0
10059743,895,1,1,0,0.323808,153.43,180.938,35.0156,57.1875,-2,0,1,1,0
10065750,896,1,1,0,0.29381,155.859,180.266,38.2188,57.1562,0,0,1,1,0
10072953,894,1,1,0,0.342461,155.469,181.359,39.6875,59.9062,-1,1,1,1,0
10080107,896,1,1,0,0.335024,154.594,182.828,36.875,54.7812,-1,0,1,1,0
10086618,894,1,1,0,0.572723,156.043,180.359,45.5234,63.9062,-1,0,1,1,0
10093733,895,1,1,0,0.604399,156.418,180.766,44.1484,64.5938,0,0,1,1,0
10100251,895,1,1,0,0.451326,156.254,180.898,41.2578,63.7969,-1,0,1,1,0
10107899,895,1,1,0,0.259636,156.391,180.609,44.3438,63.3438,0,0,1,1,0
10115264,896,1,1,0,0.33372,155.125,180.68,43.125,63.2969,-1,0,1,1,0
10121356,895,1,1,1,0.316157,150.77,152.289,8.17969,9.54688,-2,-1,1,1,0
10128601,893,1,1,0,0.225076,154.125,180.531,41.4375,62.25,-2,0,1,1,0
10135258,895,1,1,0,0.369542,152.344,179.906,38.375,64.5,-1,0,1,1,0
10142426,894,1,1,0,0.38122,153.133,183.406,35.8281,57.0312,-2,0,1,1,0
10149536,893,1,1,0,0.38122,153.133,183.406,35.8281,57.0312,0,2,0,0,0
10155918,895,1,1,0,0.578448,151.562,179.953,34.5625,65.7188,-2,0,1,1,0
10163679,896,1,1,0,0.407333,148.055,180.453,28.9844,65.9688,-3,0,1,1,0
10170364,894,1,1,0,0.267026,146.902,180.594,27.6953,62.625,-4,0,1,1,0
10177429,895,1,1,0,0.607663,147.992,178.094,30.625,63.8125,-3,-1,1,1,0
10183670,895,1,1,0,0.626582,147.711,178.195,26.6094,64.5156,-4,-1,1,1,0
10190692,893,1,1,0,0.260388,150.562,179.594,30.4375,61.0625,-2,0,1,1,0
10198023,893,1,1,0,0.582254,150.773,178.641,27.8281,66.2812,-3,-1,1,1,0
10205255,893,1,1,0,0.737159,151.316,179.602,27.6172,63.1094,-2,0,1,1,0
10213095,895,1,1,0,0.650023,151.34,179.188,25.6797,63.625,-2,-1,1,1,0
10219365,895,1,1,0,0.687211,152.672,179.344,24.6094,64.6875,-2,0,1,1,0
10226025,894,1,1,0,0.739047,153.098,179.266,23.3516,63.8438,-2,0,1,1,0
10232587,896,1,1,0,0.695958,153.145,179.398,23.7891,62.4219,-1,-1,1,1,0
10239319,893,1,1,0,0.383988,152.582,179.531,25.4609,64.8125,-2,0,1,1,0
10246475,895,1,1,0,0.71423,152.812,179.539,23.9375,62.4844,-1,-1,1,1,0
10254314,895,1,1,0,0.266071,152.887,180.078,25.9453,64.5938,-2,0,1,1,0
10261062,893,1,1,0,0.383526,153.305,180.32,23.6094,63.6094,-1,0,1,1,0
10267166,896,1,1,0,0.418221,152.641,180,25.2812,64.375,-2,0,1,1,0
10274380,893,1,1,0,0.38769,153.66,180.516,23.7891,60.1562,-1,0,1,1,0
10281903,893,1,1,0,0.63205,153.02,180.203,24.4766,62.8438,-2,0,1,1,0
10288318,894,1,1,0,0.205934,152.416,181.859,23.418,54.3438,-1,0,1,1,0
10295799,896,1,1,0,0.483404,152.449,181.844,24.9766,62.25,-2,0,1,1,0
10301827,894,1,1,0,0.216343,153.25,182.125,23.7812,60.1875,-2,0,1,1,0
10309477,895,1,1,0,0.607663,152.504,181.078,24.3359,61.8438,-1,0,1,1,0
10316328,894,1,1,0,0.576542,153.254,180.711,23.3047,62.6719,-2,0,1,1,0
10322878,894,1,1,0,0.361841,153.309,179.859,24.4922,62.4688,-1,0,1,1,0
10329984,894,1,1,0,0.342901,151.945,182.172,26.1406,58.9062,-2,0,1,1,0
10337462,894,1,1,0,0.24042,152.992,182.797,28.3906,60.5312,-1,0,1,1,0
10344036,894,1,1,0,0.44746,151.848,182.008,27.8203,62.8906,-2,0,1,1,0
10350647,894,1,1,0,0.200245,152.855,181.484,29.8203,61.4062,-2,0,1,1,0
10357910,894,1,1,0,0.662797,152.602,181.453,29.2031,67.0312,-1,0,1,1,0
10364629,895,1,1,0,0.277865,153.34,183.094,26.7109,60.625,-2,0,1,1,0
10371955,894,1,1,0,0.422505,152.848,184.156,27.9453,59.5,-1,0,1,1,0
10378159,894,1,1,0,0.428234,152.523,183.75,28.2344,61.625,-2,0,1,1,0
10385446,894,1,1,0,0.362067,152.945,183.453,25.4844,60.8438,-2,1,1,1,0
10392644,891,1,1,0,0.363421,152.457,183.672,30.5859,62.8438,-1,0,1,1,0
10399336,893,1,1,0,0.511229,152.48,183.141,29.7734,62.8438,-2,0,1,1,0
10406853,893,1,1,0,0.323594,152.449,183.805,27.1172,58.5156,-2,0,1,1,0
10413340,895,1,1,0,0.265118,151.367,183.609,28.5781,57.7812,-1,1,1,1,0
10420245,896,1,1,0,0.360264,152.297,182.805,29.8438,59.2969,-2,0,1,1,0
10427702,895,1,1,0,0.538983,152.809,182.547,30.8672,62.5938,-2,0,1,1,0
10433843,895,1,1,0,0.232313,152.797,182.672,31.3438,62.5938,-2,0,1,1,0
10440768,896,1,1,0,0.231964,157.879,184.672,20.3203,59.2188,0,0,1,1,0
10449078,895,1,1,0,0.355776,153.652,183.562,29.8047,62.3125,-1,0,1,1,0
10455026,892,1,1,0,0.303629,155.09,183.828,26.9609,62.0312,0,1,1,1,0
10462358,893,1,1,0,0.303629,155.09,183.828,26.9609,62.0312,0,0,0,0,0
10468533,893,1,1,0,0.303629,155.09,183.828,26.9609,62.0312,0,0,0,0,0
10476139,895,1,1,0,0.315313,154.012,181.812,27.7266,63.3125,-1,0,1,1,0
10482877,896,1,1,0,0.287767,151.766,181.156,29.7188,63.3125,-1,0,1,1,0
10489859,897,1,1,0,0.373418,154.195,180.484,24.875,62.4688,-2,0,1,1,0
10496689,894,1,1,0,0.358691,153.57,178.711,24.125,59.4844,-1,0,1,1,0
10504011,896,1,1,0,0.361165,153.766,175.547,21.9375,53.2812,-1,-1,1,1,0
10511337,892,1,1,0,0.227127,150.375,179.219,29.375,61.0625,-2,0,1,1,0
10517433,892,1,1,0,0.308815,153.57,176.5,23.3906,55.5625,-2,0,1,1,0
10524546,894,1,1,0,0.225076,152.941,176.188,23.5859,56.375,-1,-1,1,1,0
10531959,895,1,1,0,0.226442,151.227,172.359,24.8281,47.7188,-2,-1,1,1,0
10538578,895,1,1,0,0.242745,148.855,176.055,28.5234,55.8906,-3,0,1,1,0
10545450,890,1,1,0,0.242745,148.855,176.055,28.5234,55.8906,-1,0,0,0,0
10551992,892,1,1,0,0.242745,148.855,176.055,28.5234,55.8906,-1,0,0,0,0
10559519,893,1,1,0,0.242745,148.855,176.055,28.5234,55.8906,-1,0,0,0,0
10565936,895,1,1,0,0.211743,148.98,178.281,31.3828,57.8125,-3,-1,1,1,0
10573120,893,1,1,0,0.242925,148.795,178.062,27.3398,57.375,-3,0,1,1,0
10580164,893,1,1,0,0.2227,148.758,178.797,26.7344,59.1562,-3,0,1,1,0
10587114,893,1,1,0,0.237578,149.391,181.586,31.5938,59.4844,-3,0,1,1,0
10594093,895,1,1,0,0.202443,154.578,182.922,22,43.8438,-1,2,1,1,0
10600882,895,1,1,0,0.205296,153.422,178.117,21.4062,43.6719,-1,1,1,1,0
10608588,893,1,1,0,0.224735,152.57,177.016,18.8906,34.6562,-2,1,1,1,0
10614999,892,1,1,0,0.224735,152.57,177.016,18.8906,34.6562,0,1,0,0,0
10622636,890,1,1,0,0.224735,152.57,177.016,18.8906,34.6562,0,0,0,0,0
10628862,892,1,1,0,0.217337,155.393,176.789,16.9727,37.4844,0,1,1,1,0
10636022,893,1,1,0,0.223716,151.896,172.008,20.8008,45.2656,-2,-1,1,1,0
10642764,892,1,1,0,0.250913,151.941,171.352,20.3203,46.1094,-2,-1,1,1,0
10649483,891,1,1,0,0.250913,151.941,171.352,20.3203,46.1094,0,-2,0,0,0
10657036,893,1,1,0,0.250913,151.941,171.352,20.3203,46.1094,0,-1,0,0,0
10663774,893,1,1,0,0.220342,152.459,173.922,21.0273,50.7188,-2,-1,1,1,0
10670950,896,1,1,0,0.220342,152.459,173.922,21.0273,50.7188,0,-1,0,0,0
10677921,892,1,1,0,0.220342,152.459,173.922,21.0273,50.7188,0,0,0,0,0
10684134,889,1,1,0,0.220342,152.459,173.922,21.0273,50.7188,0,-1,0,0,0
10691227,894,1,1,0,0.209794,150.727,183.727,33.1719,61.8281,-2,0,1,1,0
10698395,894,1,1,0,0.466359,150.766,183.789,34.9062,62.6719,-3,0,1,1,0
10705339,893,1,1,0,0.35354,149.039,184.086,27.5781,56.4219,-3,1,1,1,0
10712679,894,1,1,0,0.391406,148.18,184.758,25.0469,55.3281,-3,1,1,1,0
10719179,892,1,1,0,0.619241,148.758,184.172,29.2656,59.4688,-3,1,1,1,0
10726693,894,1,1,0,0.272605,148.754,183.438,27.5391,61.4375,-3,0,1,1,0
10733327,894,1,1,0,0.225417,149.188,182.844,25.6875,56.5,-3,1,1,1,0
10739874,892,1,1,0,0.225417,149.188,182.844,25.6875,56.5,0,0,0,0,0
10746847,890,1,1,0,0.225417,149.188,182.844,25.6875,56.5,0,0,0,0,0
10753937,893,1,1,0,0.2763,148.906,181.922,29.4688,64.9062,-3,0,1,1,0
10761303,892,1,1,0,0.403567,148.906,181.984,29.5,62.2188,-3,0,1,1,0
10767732,894,1,1,0,0.287167,146.996,182.016,29.2422,65.9688,-3,0,1,1,0
10775270,892,1,1,0,0.413951,147.922,182.047,30.0625,63.5938,-4,0,1,1,0
10781890,892,1,1,0,0.413951,147.922,182.047,30.0625,63.5938,0,0,0,0,0
10788500,892,1,1,0,0.413951,147.922,182.047,30.0625,63.5938,0,0,0,0,0
10795877,892,1,1,0,0.413951,147.922,182.047,30.0625,63.5938,0,0,0,0,0
10802476,891,1,0,-1,0,0,0,0,0,0,0,0,0,0
10810448,892,1,1,1,0.220678,150.842,154.229,8.84766,9.75391,-2,0,1,1,0
10816477,893,1,1,1,0.414425,150.545,153.018,8.41016,9.50391,-2,0,1,1,0
10823274,895,1,1,1,0.461987,149.295,153.082,8.11328,9.13281,-3,0,1,1,0
10830291,895,1,1,1,0.441673,150.018,153.023,7.80859,9.21875,-2,0,1,1,0
10837969,893,1,1,1,0.557363,150.834,153.26,8.37891,9.44141,-3,-1,1,1,0
10844481,893,1,1,1,0.237578,151.482,153.469,7.94141,9.23438,-2,0,1,1,0
10851175,892,1,1,1,0.237578,151.482,153.469,7.94141,9.23438,0,0,0,0,0
10858483,891,1,1,1,0.237578,151.482,153.469,7.94141,9.23438,0,0,0,0,0
10865297,895,1,1,1,0.246534,153.441,155.211,8.64062,10.0469,-1,0,1,1,0
10872223,894,1,1,1,0.240777,152.947,154.57,8.24609,9.66406,-2,0,1,1,0
10879447,895,1,1,1,0.221014,150.926,155.365,7.57031,9.61328,-2,0,1,1,0
10885918,896,1,1,1,0.241849,150.621,155.725,7.57031,9.85547,-2,0,1,1,0
10893248,894,1,1,0,0.267026,149.633,179.734,24.4531,58.6562,-2,0,1,1,0
10899612,894,1,1,0,0.2763,149.545,178.781,23.6211,54.5625,-3,0,1,1,0
10907203,894,1,1,0,0.446012,150.244,180.828,24.8633,60.1562,-3,0,1,1,0
10914073,895,1,1,0,0.609524,149.332,184.391,25.4766,58.2188,-2,0,1,1,0
10920790,894,1,1,0,0.226442,150.762,183.867,25.5859,57.8594,-3,1,1,1,0
10928096,901,1,1,0,0.312369,151.762,184.086,26.1641,60.0469,-2,0,1,1,0
10934631,892,1,1,0,0.660611,152.766,183.609,26.7188,61.4688,-2,1,1,1,0
10941530,895,1,1,0,0.707809,154.57,183.469,27.1094,61.375,-1,0,1,1,0
10948557,893,1,1,0,0.648689,155.07,183.68,26.6719,60.7344,-1,0,1,1,0
10955908,897,1,1,0,0.416322,155.633,182.688,26.0156,60.8125,-1,0,1,1,0
10962487,894,1,1,0,0.212722,156.074,183.141,25.2266,61.0938,0,0,1,1,0
10969713,893,1,1,0,0.422028,156.48,181.445,26.8516,60.7656,-1,0,1,1,0
10976686,894,1,1,0,0.253675,156.961,182.633,26.9844,61.7344,0,0,1,1,0
10983016,894,1,1,0,0.409221,156.75,182.914,26.5312,61.0781,0,0,1,1,0
10990054,895,1,1,0,0.244184,156.977,182.797,27.7969,59.0938,-1,0,1,1,0
10997452,896,1,1,0,0.358466,156.801,182.609,27.3203,58.2188,0,0,1,1,0
11004118,897,1,1,0,0.348202,156.695,182.719,27.9219,57.6875,-1,0,1,1,0
11011025,892,1,1,0,0.223716,157.383,182.328,27.8281,58.2188,0,1,1,1,0
11017845,894,1,1,0,0.353094,159.561,180.641,23.0977,56.2188,0,0,1,1,0
11025258,895,1,1,0,0.22833,159.508,180.984,25.2344,58.3438,0,0,1,1,0
11032920,895,1,1,0,0.599251,159.539,181.391,26.5156,59.2188,0,0,1,1,0
11039170,892,1,1,0,0.593138,159.672,181.133,25.8438,58.3906,0,0,1,1,0
11045809,894,1,1,0,0.234059,159.703,181.219,28.2188,58.5625,0,0,1,1,0
11052490,895,1,1,0,0.205296,159.359,181.125,27.3438,58,0,0,1,1,0
11060574,896,1,1,0,0.55254,160.047,181.5,25.5938,60.625,0,0,1,1,0
11066864,896,1,1,0,0.432543,160.133,181.062,25.4531,59.5,0,0,1,1,0
11074038,894,1,1,0,0.539469,160.469,181.391,25.8125,60.1562,0,0,1,1,0
11081569,892,1,1,0,0.376623,160.539,180.734,25.1719,55.7812,0,0,1,1,0
11087610,896,1,1,0,0.324664,160.707,181.25,24.7109,57.6875,0,0,1,1,0
11094424,893,1,1,0,0.363421,160.836,181.328,24.9531,59.2188,0,0,1,1,0
11101792,893,1,1,0,0.249813,161.945,180.164,28.2031,58.1094,0,0,1,1,0
11108640,893,1,1,0,0.409693,162.648,180.891,31.5156,60.0938,0,0,1,1,0
11115487,894,1,1,0,0.218669,161.688,180.203,33.5312,58.2188,0,0,1,1,0
11122290,889,1,1,0,0.218669,161.688,180.203,33.5312,58.2188,0,0,0,0,0
11129490,895,1,1,0,0.246534,160.324,175.578,21.8672,49.8438,0,0,1,1,0
11136557,891,1,1,0,0.376164,159.684,176.422,23.5547,50.7188,0,0,1,1,0
11144312,895,1,1,0,0.280616,159.732,176.652,22.8398,49.5547,0,0,1,1,0
11150410,893,1,1,0,0.259824,159.137,176.984,23.1484,51.2188,0,0,1,1,0
11157186,895,1,1,0,0.31195,158.385,179.656,26.207,55.8125,0,0,1,1,0
11164108,894,1,1,0,0.388154,158.617,179.914,29.9219,55.2969,0,0,1,1,0
11171781,893,1,1,0,0.349532,162.758,182.75,42.2344,60.875,0,0,1,1,0
11178540,895,1,1,0,0.206894,160.875,181.812,34.875,59,0,0,1,1,0
11184446,893,1,1,0,0.21767,157.379,176.32,22.0078,48.9531,0,0,1,1,0
11192099,901,1,1,0,0.272993,156.109,184.078,25.3438,64.3438,0,0,1,1,0
11198878,896,1,1,0,0.361165,155.76,184.203,25.2305,61.9062,-1,0,1,1,0
11206036,895,1,1,0,0.501465,157.211,180.891,23.3594,62.0938,0,0,1,1,0
11212994,895,1,1,0,0.620162,158.32,179.766,23.2031,61.7188,-1,0,1,1,0
11219340,892,1,1,0,0.493653,158.973,180.516,23.2891,59.5938,0,0,1,1,0
11226971,892,1,1,0,0.493653,158.973,180.516,23.2891,59.5938,0,0,0,0,0
11233861,893,1,1,0,0.288168,157.797,179.938,24.4062,57.375,0,0,1,1,0
11240611,894,1,1,0,0.571766,158.754,180.156,25.3828,57.6875,0,0,1,1,0
11247916,893,1,1,0,0.484868,159.637,182.391,26.3359,60.9688,0,0,1,1,0
11255015,894,1,1,0,0.496582,160.395,183.062,27.8516,62.0625,0,0,1,1,0
11262324,894,1,1,0,0.67405,160.719,183.055,27.1562,61.6406,0,0,1,1,0
11267992,896,1,1,0,0.355776,160.211,182.453,26.2031,62.6562,0,0,1,1,0
11275081,892,1,1,0,0.396068,162.07,181.484,27.0625,64.5312,0,0,1,1,0
11282063,892,1,1,0,0.544317,162.914,181.844,26.8281,65.6875,0,0,1,1,0
11289709,896,1,1,0,0.271831,164.164,182.453,27.2344,66.7812,1,0,1,1,0
11296652,893,1,1,0,0.447943,164.523,183.266,26.4844,63.0312,1,0,1,1,0
11303035,893,1,1,0,0.219337,167.414,179.844,25.9844,63.125,1,0,1,1,0
11310658,894,1,1,0,0.62932,167.301,180.516,27.1328,66.4688,2,0,1,1,0
11317041,894,1,1,0,0.664105,167.793,180.703,26.8047,67.0938,1,-1,1,1,0
11323826,891,1,1,0,0.533641,168.551,180.742,27.2578,66.8594,2,0,1,1,0
11330889,893,1,1,0,0.564579,168.125,180.609,26.0312,65.7812,2,0,1,1,0
11338353,893,1,1,0,0.563618,168.082,180.742,26.4453,62.9844,2,0,1,1,0
11345057,893,1,1,0,0.373418,168.938,180.75,26.8438,65.625,2,0,1,1,0
11352463,894,1,1,0,0.352871,167.293,183.477,26.6172,61.4219,2,0,1,1,0
11359463,892,1,1,0,0.553023,167.133,183.203,26.0469,61.4688,2,0,1,1,0
11366831,896,1,1,0,0.610918,167.266,182.375,26.7812,63.5625,1,0,1,1,0
11373228,895,1,1,0,0.684687,166.467,182.281,26.0273,63.3125,2,0,1,1,0
11379835,892,1,1,0,0.668447,166.086,182.156,26.2344,64,1,0,1,1,0
11386271,893,1,1,0,0.558808,166.328,181.914,25.2344,64.9531,1,0,1,1,0
11393558,894,1,1,0,0.272218,165.941,182.484,25.8984,63.7188,1,0,1,1,0
11400785,896,1,1,0,0.52683,165.977,182.484,25.5469,63.2812,2,0,1,1,0
11408293,894,1,1,0,0.531696,167.062,183.547,25.75,60.9062,1,0,1,1,0
11414081,892,1,1,0,0.539954,167.23,183.391,26.6016,65.9062,2,0,1,1,0
11421547,896,1,1,0,0.256458,167.604,183.328,23.832,62.4062,1,0,1,1,0
11427816,895,1,1,0,0.324664,167.018,183.422,24.4727,62.2812,2,0,1,1,0
11435250,894,1,1,0,0.375248,166.459,183.188,26.668,64.9375,1,0,1,1,0
11441946,895,1,1,0,0.525369,166.371,183.172,27.7891,63.7188,1,0,1,1,0
11449943,891,1,1,0,0.30819,165.77,183.188,27.4766,65.5,2,0,1,1,0
11456159,894,1,1,0,0.246534,166.453,183.945,26.7188,61.6406,1,0,1,1,0
11463652,894,1,1,0,0.435421,166.414,183.969,28.1406,61.5,1,0,1,1,0
11470009,894,1,1,0,0.255714,165.992,185.125,29.3594,61.5,1,1,1,1,0
11477532,895,1,1,0,0.428712,166.453,184.969,30,63.6875,2,0,1,1,0
11483866,895,1,1,0,0.393269,166.875,184.531,30.3125,63.625,1,0,1,1,0
11491021,894,1,1,0,0.632957,167.172,184.344,30.0938,62,1,1,1,1,0
11497991,894,1,1,0,0.392803,167.117,184.125,29.4844,61.0625,2,0,1,1,0
11505295,892,1,1,0,0.36795,167.895,183.672,30.5234,62.1562,2,0,1,1,0
11511657,892,1,1,0,0.55254,168.633,183.383,31.9531,61.8906,2,0,1,1,0
11518625,894,1,1,0,0.410166,168.496,183.125,30.0703,62.25,2,0,1,1,0
11525938,897,1,1,0,0.251647,168.047,183.281,31.6562,60.125,2,1,1,1,0
11532467,896,1,1,0,0.385375,167.438,184.188,33.5,58.8125,1,0,1,1,0
11539669,895,1,1,0,0.210767,167.629,182.703,28.5703,62.5312,2,0,1,1,0
11546472,894,1,1,0,0.354657,167.438,182.758,38.75,61.9844,2,0,1,1,0
11553307,895,1,1,0,0.420599,167.207,183.234,31.6016,58.5938,1,0,1,1,0
11561727,895,1,1,0,0.421076,166,182.945,43.5,63.4531,2,0,1,1,0
11567383,891,1,1,0,0.204183,166.004,183.117,41.4922,62.9844,1,0,1,1,0
11574259,890,1,1,0,0.204183,166.004,183.117,41.4922,62.9844,0,0,0,0,0
11581143,895,1,1,0,0.247806,167.156,185.219,35.0938,56.3125,1,1,1,1,0
11587829,896,1,1,0,0.258512,168.867,184.352,32.3281,57.7656,2,0,1,1,0
11595113,894,1,1,0,0.465873,170.707,184.141,28.8672,61.7188,3,1,1,1,0
11602196,896,1,1,0,0.352648,170.418,185.141,26.6953,61.9062,2,0,1,1,0
11609554,892,1,1,0,0.340704,169.148,184.438,28.5781,62.5,3,1,1,1,0
11616144,893,1,1,0,0.252752,168.812,184.461,27.0312,57.3281,2,0,1,1,0
11622909,896,1,1,0,0.276691,166.703,182.938,31.2188,61.5625,2,0,1,1,0
11629930,894,1,1,0,0.259449,163.797,181.547,35.4062,62.8438,0,0,1,1,0
11636712,893,1,1,0,0.339389,163.07,181.844,34.5156,63.5,0,0,1,1,0
11644706,893,1,1,0,0.524395,163.055,180.75,34.2969,64.25,1,0,1,1,0
11651225,893,1,1,0,0.232313,163.695,180.375,39.3906,65.625,0,-1,1,1,0
11657826,892,1,1,0,0.529263,165.895,180.922,36.8359,65.0312,1,0,1,1,0
11664343,893,1,1,0,0.631595,166.156,181.148,35,65.2344,1,0,1,1,0
11672189,893,1,1,0,0.217005,171.797,182.109,24.1875,65.7812,4,0,1,1,0
11679156,893,1,1,0,0.306942,169.09,181.281,31.2734,66.5,2,0,1,1,0
11685521,895,1,1,0,0.598312,169.199,180.516,33.0703,65.5312,2,0,1,1,0
11692503,894,1,1,0,0.504394,169.047,180.5,31.7188,65.1875,3,-1,1,1,0
11699393,893,1,1,0,0.24726,171.539,180.438,24.3281,65.8125,3,0,1,1,0
11706149,892,1,1,0,0.339389,169.441,180.094,28.6953,65.1875,2,0,1,1,0
11713043,892,1,1,0,0.337858,168.32,181.25,30.6094,66.9375,2,-1,1,1,0
11720177,892,1,1,0,0.23301,168.074,180.164,29.8359,65.1719,2,0,1,1,0
11727129,893,1,1,0,0.393735,167.621,179.781,30.6172,66.125,2,0,1,1,0
11734064,895,1,1,0,0.551091,167.902,180.297,29.1484,65.7812,2,-1,1,1,0
11741416,894,1,1,0,0.483404,167.914,180.734,29,67.5938,2,0,1,1,0
11747836,894,1,1,0,0.545286,167.879,180.75,27.9453,67.125,2,-1,1,1,0
11755501,894,1,1,0,0.550124,167.625,180.547,27.9375,68.0312,1,0,1,1,0
11761683,893,1,1,0,0.406391,167.562,180.203,28.0312,67.2188,2,0,1,1,0
11768608,894,1,1,0,0.393269,167.113,181.391,26.9609,67.5938,2,-1,1,1,0
11776311,892,1,1,0,0.696784,167.129,181.344,28.3828,66.6875,1,0,1,1,0
11782840,894,1,1,0,0.539469,166.855,181.156,27.6641,66.625,2,0,1,1,0
11790186,894,1,1,0,0.528777,166.82,181.297,26.8906,65.6562,1,0,1,1,0
11796814,893,1,1,0,0.416322,166.914,181.578,26.5781,66.6562,2,0,1,1,0
11803739,894,1,1,0,0.465387,166.609,182.094,26.2188,66.4375,1,-1,1,1,0
11810790,894,1,1,0,0.316369,167.316,182.266,26.2891,65.9062,2,0,1,1,0
11817434,895,1,1,0,0.606265,167.395,182.219,26.3203,66.5625,1,0,1,1,0
11825139,894,1,1,0,0.693888,167.164,183.742,25.5156,63.2656,2,0,1,1,0
11830999,891,1,1,0,0.744286,167.238,183.727,25.7734,65.9844,1,0,1,1,0
11838413,893,1,1,0,0.510741,167.355,184.305,24.6797,64.2969,2,0,1,1,0
11845542,894,1,1,0,0.375706,167.121,184.219,26.0391,65.5,2,0,1,1,0
11852116,895,1,1,0,0.506836,167.25,184.172,24.5781,62.1562,1,0,1,1,0
11859632,896,1,1,0,0.635675,167.379,184.211,24.9766,66.2344,2,1,1,1,0
11866158,893,1,1,0,0.307358,167.277,184.523,26.1172,65.7656,1,0,1,1,0
11873565,893,1,1,0,0.224735,167.125,184.547,22.7812,61.9688,2,0,1,1,0
11879823,893,1,1,0,0.322953,167.066,185.062,24.5703,62.0625,1,0,1,1,0
11886758,893,1,1,0,0.303216,167.391,185.531,24.5625,64.375,2,1,1,1,0
11893887,895,1,1,0,0.422981,167.387,184.953,24.0078,62.2812,2,0,1,1,0
11900728,893,1,1,0,0.212722,168.301,184.578,24.3047,63.1562,2,1,1,1,0
11908835,895,1,1,0,0.246897,168.145,185.633,23.3047,58.8906,1,0,1,1,0
11915456,895,1,1,0,0.317426,168.105,185.797,23.4141,59.7188,2,1,1,1,0
11922171,895,1,1,0,0.384912,167.291,186.5,24.707,59.1875,2,2,1,1,0
11929028,894,1,1,0,0.47658,167.348,184.547,25.3047,64.8438,2,0,1,1,0
11935180,894,1,1,0,0.213377,168.23,185.031,24.3516,60.75,1,0,1,1,0
11942783,892,1,1,0,0.219003,166.387,186.766,26.8984,57.4062,2,2,1,1,0
11949129,895,1,1,0,0.277082,166.922,184.609,27.1875,59.9688,1,1,1,1,0
11956760,896,1,1,0,0.307358,168.133,183.031,28.8594,64.125,2,0,1,1,0
11963567,893,1,1,0,0.415373,167.801,181.812,29.8359,64.0625,2,0,1,1,0
11970609,896,1,1,0,0.212722,166.527,180.484,31.1953,66.1562,1,-1,1,1,0
11977778,894,1,1,0,0.219003,165.332,179.82,34.3828,65.2031,1,0,1,1,0
11984115,893,1,1,1,0.416797,171.404,152.787,8.31641,10.9336,3,0,1,1,0
11991130,893,1,1,1,0.371592,170.826,153.393,8.63672,11.0508,3,0,1,1,0
11997992,893,1,1,1,0.430626,171.496,153.268,9.69531,11.582,3,0,1,1,0
12005018,890,1,1,1,0.430626,171.496,153.268,9.69531,11.582,1,0,0,0,0
12013509,896,1,1,0,0.201499,164.633,182.859,36.7031,59.8438,1,0,1,1,0
12018791,895,1,1,0,0.206894,164.164,181.766,39.7344,66.4062,0,0,1,1,0
12026408,893,1,1,0,0.596903,164.547,181.477,40.0312,67.3594,1,0,1,1,0
12033035,894,1,1,0,0.274157,163.445,180.68,44.5156,67.2969,1,0,1,1,0
12040171,894,1,1,0,0.306942,163.867,180.922,42.6094,68.1562,0,-1,1,1,0
12046514,894,1,1,0,0.212722,163.324,182.547,46.7891,65.7812,1,0,1,1,0
12053843,893,1,1,0,0.398406,163.125,182.547,47.375,65.5938,0,0,1,1,0
12061437,893,1,1,0,0.327884,172.336,181.758,27.4219,67.8906,4,0,1,1,0
12067018,891,1,1,0,0.404507,172.039,181.859,28.5156,68.5312,3,0,1,1,0
12074681,893,1,1,0,0.495606,172.633,182.203,25.6406,66.9688,4,0,1,1,0
12081110,894,1,1,0,0.233359,173.262,182.75,22.7891,67.1875,4,0,1,1,0
12088787,894,1,1,0,0.212069,170.863,183.25,22.9141,68.25,3,0,1,1,0
12096088,894,1,1,0,0.27552,169.066,183.203,22.0703,68.9062,3,0,1,1,0
12102354,894,1,1,0,0.228502,168.621,183.469,21.1172,65.75,2,0,1,1,0
12109910,890,1,1,0,0.228502,168.621,183.469,21.1172,65.75,0,0,0,0,0
12115994,889,1,1,0,0.228502,168.621,183.469,21.1172,65.75,-1,0,0,0,0
12123503,891,1,1,0,0.228502,168.621,183.469,21.1172,65.75,0,1,0,0,0
12130112,893,1,1,0,0.348646,161.539,184.844,33.9531,64.6875,-1,0,1,1,0
12137405,893,1,1,0,0.348646,161.539,184.844,33.9531,64.6875,-2,1,0,0,0
12144515,895,1,1,0,0.258325,163.75,184.031,35.1875,67.375,0,0,1,1,0
12150563,893,1,1,0,0.447943,164.574,183.891,35.3203,67.0938,1,0,1,1,0
12158405,891,1,1,0,0.447943,164.574,183.891,35.3203,67.0938,0,0,0,0,0
12164751,891,1,1,0,0.447943,164.574,183.891,35.3203,67.0938,0,0,0,0,0
12171626,894,1,1,0,0.20947,168.953,183.766,29.9062,66.8438,1,0,1,1,0
12179551,894,1,1,0,0.519034,171.121,183.547,29.6016,68.2188,3,0,1,1,0
12185169,894,1,1,0,0.418221,172.699,182.859,28.1797,66.9688,4,0,1,1,0
12192731,895,1,1,0,0.63477,174.391,181.188,26.7812,69.5,5,0,1,1,0
12199479,895,1,1,0,0.40028,173.43,181.742,24.5781,71.5156,4,-1,1,1,0
12207120,896,1,1,0,0.490236,171.559,183.094,30.1797,65.4375,3,0,1,1,0
12213125,894,1,1,0,0.795658,168.164,185.164,33.4219,61.6719,2,0,1,1,0
12220529,895,1,1,0,0.401688,162.934,186.312,34.8672,64.25,0,1,1,1,0
12227922,893,1,1,0,0.298287,161.848,185.797,34.2578,62.4062,0,1,1,1,0
12234099,891,1,1,0,0.207536,165.688,186.125,26.2812,62.6875,0,1,1,1,0
12241303,893,1,1,0,0.527803,165.146,181.891,27.1992,69.5312,1,0,1,1,0
12248314,895,1,1,0,0.558808,164.908,181.906,26.6914,67.8125,1,0,1,1,0
12255012,894,1,1,0,0.296043,163.512,181.438,26.3359,69.375,0,-1,1,1,0
12262331,896,1,1,0,0.579401,162.141,181.828,27.2188,70.8438,1,0,1,1,0
12269287,895,1,1,0,0.494141,160.805,181.141,27.3594,70.9688,0,-1,1,1,0
12276412,893,1,1,0,0.726813,159.203,181.867,27.7812,71.1406,0,0,1,1,0
12282735,896,1,1,0,0.657539,158.047,183.758,27.25,68.6094,0,0,1,1,0
12290178,893,1,1,0,0.59408,157.258,184.617,27.1094,67.0781,0,0,1,1,0
12296743,894,1,1,0,0.250729,156.008,186.141,27.0781,63.4062,-1,1,1,1,0
12303662,893,1,1,0,0.395134,155.43,186.578,29.4531,63.7812,-1,1,1,1,0
12311081,894,1,1,0,0.368859,154.254,185.375,31.3984,65.5625,-1,0,1,1,0
12317363,895,1,1,0,0.544801,153.684,185.078,30.5078,62.1562,-1,0,1,1,0
12325189,896,1,1,0,0.569853,152.719,183.281,33.9375,63.9375,-2,0,1,1,0
12331434,893,1,1,0,0.598782,152.875,182.453,33.4062,63.4062,-1,0,1,1,0
12338663,895,1,1,0,0.654454,153.023,182.328,34.4219,62.5312,-2,0,1,1,0
12346290,895,1,1,0,0.6137,153.164,181.141,34.0781,63.0938,-1,0,1,1,0
12352339,894,1,1,0,0.32445,151.391,181.617,39.7812,63.9531,-2,0,1,1,0
12359767,893,1,1,0,0.411584,152.023,181.828,38.4219,63.8438,-2,0,1,1,0
12366056,891,1,1,0,0.395601,155.398,181.383,32.4531,61.8906,-1,0,1,1,0
12373965,893,1,1,0,0.457622,153.133,175.453,28.8906,48.4062,-1,0,1,1,0
12380127,894,1,1,0,0.212069,158.213,176.672,19.1758,51.7812,0,0,1,1,0
12387012,894,1,1,0,0.22135,154.484,177.836,31.9688,52.6094,-1,0,1,1,0
12395251,894,1,1,0,0.228158,156.258,179.812,42.3906,63.625,0,-1,1,1,0
12401006,894,1,1,0,0.704567,154.727,181.914,44.5156,61.8281,-1,0,1,1,0
12408473,894,1,1,0,0.246353,155.016,182.203,45.3438,60.2188,-1,0,1,1,0
12414876,896,1,1,0,0.497559,154.59,183.531,46.7578,62.125,-1,0,1,1,0
12421458,892,1,1,0,0.389546,154.25,183.602,42.5625,60.3906,-1,0,1,1,0
12429590,894,1,1,0,0.339389,154.297,182.781,39.2812,63.875,-1,0,1,1,0
12435278,894,1,1,0,0.419172,154.047,181.391,38.5312,64.0938,-1,0,1,1,0
12443277,893,1,1,0,0.648689,152.602,181.586,45.0781,64.2969,-2,0,1,1,0
12450094,895,1,1,0,0.487307,152.957,181.688,48.3359,64.5,-1,0,1,1,0
12457170,894,1,1,0,0.773558,152.969,181.672,48.625,64.9688,-2,0,1,1,0
12463866,893,1,1,0,0.549641,153.148,181.609,46.7969,64.3438,-1,0,1,1,0
12470328,895,1,1,0,0.716616,153.434,181.531,46.8672,64.75,-1,0,1,1,0
12478164,894,1,1,0,0.761359,154,182.094,47.1562,63.875,-2,0,1,1,0
12484376,903,1,1,0,0.77865,154.094,182.141,45.1875,64.5312,-1,0,1,1,0
12491758,895,1,1,0,0.584627,154.211,181.984,45.9844,64.4688,-1,0,1,1,0
12497788,894,1,1,0,0.641534,154.305,182.062,44.7969,64,-1,0,1,1,0
12505322,895,1,1,0,0.487307,154.164,184.805,44.9844,59.4531,-1,0,1,1,0
12512957,894,1,1,0,0.233709,152.234,183.719,39.375,60.875,-2,1,1,1,0
12519088,893,1,1,0,0.297266,152.797,182.734,40.9688,63.9062,-1,0,1,1,0
12526539,890,1,1,0,0.297266,152.797,182.734,40.9688,63.9062,0,0,0,0,0
12532995,895,1,1,0,0.306112,149.953,181.328,34.8125,63.7812,-3,0,1,1,0
12540099,896,1,1,0,0.301568,151.281,181.367,36.5938,63.6094,-2,0,1,1,0
12546830,893,1,1,0,0.48438,151.336,181.555,39.2969,62.8281,-2,0,1,1,0
12553840,896,1,1,0,0.616012,151.609,181.719,37.9062,61.8125,-2,0,1,1,0
12561565,895,1,1,0,0.441192,149.914,182.148,35.1406,62.1406,-3,0,1,1,0
12567619,893,1,1,0,0.276691,150.242,182.43,34.9844,62.7344,-2,0,1,1,0
12575142,895,1,1,0,0.492676,149.605,182.547,29.8672,61.6562,-3,0,1,1,0
12581873,892,1,1,0,0.492676,149.605,182.547,29.8672,61.6562,0,0,0,0,0
12588344,894,1,1,0,0.330688,149.977,182.281,26.8906,59.9375,-3,0,1,1,0
12595960,894,1,1,0,0.47317,151.566,181.508,30.6797,69.0469,-2,0,1,1,0
12602158,894,1,1,0,0.439747,150.121,181.117,29.2109,68.1094,-2,0,1,1,0
12610120,895,1,1,0,0.274352,151.094,183.203,28.8125,71.7812,-3,0,1,1,0
12616425,895,1,1,0,0.284973,151.547,182.406,27.2188,68.8125,-2,-1,1,1,0
12623902,894,1,1,0,0.419648,151.078,181.359,28.0938,64.1562,-2,0,1,1,0
12630602,895,1,1,0,0.448426,151.688,180,26.5938,66.375,-2,0,1,1,0
12636827,894,1,1,0,0.73867,151.609,180,26.6562,64.5625,-2,0,1,1,0
12644837,894,1,1,0,0.700075,152.18,180.125,25.5156,66,-2,-1,1,1,0
12650932,894,1,1,0,0.52829,152.055,180.07,25.5469,62.8281,-2,0,1,1,0
12658642,893,1,1,0,0.393269,152.875,180.031,24.0938,61.375,-1,0,1,1,0
12665257,895,1,1,0,0.270095,152.316,179.719,25.3828,64.8125,-2,-1,1,1,0
12672238,897,1,1,0,0.63477,152.121,180.789,28.5703,66.3281,-2,0,1,1,0
12679544,897,1,1,0,0.593609,152.184,180.828,26.8359,65.2188,-2,0,1,1,0
12685770,893,1,1,0,0.219003,154.395,179.203,23.5391,56.0312,-1,0,1,1,0
12693367,894,1,1,0,0.201185,152.922,178.531,26.125,61.5,-1,0,1,1,0
12699901,895,1,1,0,0.239352,154.73,179.828,23.0234,58.2812,-1,0,1,1,0
12707388,896,1,1,0,0.288569,153.77,179.25,23.7266,58.625,-2,0,1,1,0
12713837,896,1,1,0,0.272799,153.48,178.531,25.4922,58,-1,0,1,1,0
12720599,893,1,1,0,0.439747,153.199,178.211,25.0703,59.4844,-1,0,1,1,0
12728227,894,1,1,0,0.342461,152.918,178.648,25.9922,56.9531,-2,0,1,1,0
12734362,894,1,1,0,0.223716,152.902,178.766,22.5547,50.7812,-1,0,1,1,0
12741866,894,1,1,0,0.21028,152.238,181.016,27.5078,65.9062,-2,0,1,1,0
12748354,895,1,1,0,0.331553,152.266,181.328,27.7812,60.8438,-2,0,1,1,0
12755181,894,1,1,0,0.515132,152.113,181.5,27.3828,66.875,-1,0,1,1,0
12762677,892,1,1,0,0.314681,152.562,181.234,27.9375,66.1562,-2,0,1,1,0
12769262,893,1,1,0,0.531696,152.754,183.281,26.1484,61.9375,-2,0,1,1,0
12776487,896,1,1,0,0.639736,152.684,183.094,26.8984,63.0625,-1,0,1,1,0
12783423,895,1,1,0,0.345105,153.801,183.93,25.5391,61.2031,-2,0,1,1,0
12790516,894,1,1,0,0.368405,153.344,184.078,28.125,61.7188,-1,1,1,1,0
12796594,894,1,1,0,0.253121,153.293,184.867,25.3516,59.4531,-1,0,1,1,0
12803490,895,1,1,0,0.264358,153.641,184.328,28.2812,62.8438,-2,1,1,1,0
12811560,894,1,1,0,0.322526,153.039,183.172,28.6094,62.0312,-1,0,1,1,0
12818355,896,1,1,0,0.312369,152.973,183.742,26.3672,57.2656,-2,0,1,1,0
12825408,895,1,1,0,0.359815,153.148,182.984,28.4219,62.0312,-1,0,1,1,0
12831755,893,1,1,0,0.200245,152.676,182.828,27.6016,62.5312,-2,0,1,1,0
12839046,894,1,1,0,0.274741,152.547,183.141,29.6562,59.6562,-1,0,1,1,0
12846024,896,1,1,0,0.565059,154.445,182.781,29.5156,63,-1,1,1,1,0
12852243,895,1,1,0,0.327024,155.477,182.977,29.3906,58.8906,-1,0,1,1,0
12859656,892,1,1,0,0.271638,156.383,183.227,27.2656,59.7656,-1,0,1,1,0
12866217,895,1,1,0,0.317426,160.102,181.812,28.8281,64,0,0,1,1,0
12873901,894,1,1,0,0.482917,160.484,181.156,30.125,64.5625,0,0,1,1,0
12880838,896,1,1,0,0.407805,162.059,181.156,28.2109,62.6875,0,0,1,1,0
12887278,895,1,1,0,0.391406,162.859,180.836,29.2812,63.0156,1,0,1,1,0
12894716,892,1,1,0,0.533641,163.5,180.719,28.5781,66.3125,0,0,1,1,0
12901347,897,1,1,0,0.36094,164.367,180.914,29.6406,66.0469,1,-1,1,1,0
12908592,895,1,1,0,0.57081,164.555,181.328,27.5781,64.6562,1,0,1,1,0
12914946,896,1,1,0,0.318273,165.191,181.375,25.5078,62.75,1,0,1,1,0
12922383,895,1,1,0,0.405449,166.438,181.734,26.1562,66.2188,1,0,1,1,0
12927120,893,1,1,0,0.448909,166.445,181.469,26.0781,65.75,1,0,1,1,0
12933104,895,1,1,0,0.312369,166.35,181.328,24.7305,65.5938,1,0,1,1,0
12943364,893,1,1,0,0.282592,166.145,180.891,25.3203,60.2812,1,0,1,1,0
12950007,895,1,1,0,0.493653,166.043,180.492,23.5234,63.7969,2,0,1,1,0
12957300,895,1,1,0,0.404978,166.824,181.547,22.4609,63.9062,1,0,1,1,0
12963752,894,1,1,0,0.237755,167.246,183.312,22.8828,60,2,0,1,1,0
12970773,893,1,1,0,0.212722,167.34,182.438,23.7422,61.9375,1,0,1,1,0
12978296,897,1,1,0,0.58747,167.857,183.109,22.3086,59.4688,2,0,1,1,0
12984853,894,1,1,0,0.30549,167.336,182.477,22.4531,60.7031,1,0,1,1,0
12991576,895,1,1,0,0.219337,167.211,184.719,22.2656,57.875,2,1,1,1,0
12998262,894,1,1,0,0.300746,167.098,182.297,25.6328,64.3438,2,0,1,1,0
13005947,895,1,1,0,0.225929,167.453,185.328,22.6719,55.3438,1,1,1,1,0
13012751,896,1,1,0,0.378,167.467,180.281,22.1914,64.25,2,0,1,1,0
13019878,896,1,1,0,0.261896,167.082,180.719,23.7891,64.3125,1,0,1,1,0
13027097,897,1,1,0,0.404037,167.273,180.555,23.2344,62.6094,2,-1,1,1,0
13033962,894,1,1,0,0.404037,167.273,180.555,23.2344,62.6094,0,0,0,0,0
13041062,896,1,1,0,0.325307,167.461,181.219,23.8594,63,2,0,1,1,0
13048088,894,1,1,0,0.388154,167.203,182.734,24.625,63.1562,1,0,1,1,0
13054449,896,1,1,0,0.461017,168.258,185.547,25.1406,55.7812,2,1,1,1,0
13061526,895,1,1,0,0.300951,168.016,185.547,25.5,59.9062,2,1,1,1,0
13067821,895,1,1,0,0.462958,168.281,185.383,25.25,56.7656,2,1,1,1,0
13075526,893,1,1,0,0.208179,167.898,184.938,27.4531,58.3125,2,1,1,1,0
13082167,894,1,1,0,0.487795,167,182.188,28.4688,62.25,1,0,1,1,0
13089293,895,1,1,0,0.29462,166.305,181.328,29.7031,64.9688,2,0,1,1,0
13096256,894,1,1,0,0.366136,167.191,181.609,30.0078,60.9062,1,0,1,1,0
13102814,894,1,1,0,0.494629,167.605,180.938,29.6484,61.4375,2,0,1,1,0
13109727,896,1,1,0,0.426322,168,180.555,35.8125,63.6094,2,0,1,1,0
13116709,893,1,1,0,0.641085,168.375,180.609,36.4375,63.1562,1,-1,1,1,0
13123889,894,1,1,0,0.533641,169.023,180.617,37.6719,63.8594,3,0,1,1,0
13130729,893,1,1,0,0.423458,168.219,180.422,39.4375,64.2812,1,0,1,1,0
13138014,895,1,1,0,0.356224,167.5,180.156,38.6875,63.5,2,0,1,1,0
13144854,894,1,1,0,0.372048,166.711,180.086,40.6719,64.9531,2,-1,1,1,0
13151134,896,1,1,0,0.692642,165.766,181.422,39.5,61.1562,1,0,1,1,0
13158685,894,1,1,0,0.577495,165.762,180.844,38.0391,61.6875,1,0,1,1,0
13165119,895,1,1,0,0.213705,165.719,181.016,40.8125,64.0938,1,0,1,1,0
13171908,892,1,1,0,0.59408,164.945,181.5,41.7969,62.3125,1,0,1,1,0
13179640,894,1,1,0,0.300951,164.375,182.195,41.375,62.4531,1,0,1,1,0
13186044,894,1,1,0,0.292797,167.32,182.922,35.6094,60.2188,1,0,1,1,0
13193651,894,1,1,0,0.376623,170.746,183.164,25.5859,58.7031,3,0,1,1,0
13200003,894,1,1,0,0.247988,170.414,179.953,26.9062,64.7188,3,0,1,1,0
13207635,893,1,1,0,0.489259,173.031,180.148,22.625,63.8594,4,0,1,1,0
13214596,894,1,1,0,0.215021,162.027,180.914,38.5234,65.2656,0,-1,1,1,0
13220827,895,1,1,0,0.267409,162.785,180.047,40.3359,65.9062,0,0,1,1,0
13227992,892,1,1,0,0.775605,162.246,180.578,37.4609,64.6562,0,0,1,1,0
13234841,895,1,1,0,0.472683,163.512,181.297,37.7109,64.4688,0,0,1,1,0
13242067,896,1,1,0,0.666714,163.227,181.367,38.4531,64.3906,1,0,1,1,0
13248808,894,1,1,0,0.464901,164.859,181.25,37.1875,64.9375,0,0,1,1,0
13255929,894,1,1,0,0.270673,167.406,181.133,35.4375,64.0156,2,-1,1,1,0
13262904,894,1,1,0,0.378459,167.523,181.312,34.7031,63.3125,1,0,1,1,0
13269183,896,1,1,0,0.500488,168.461,179.969,34.9219,65.3125,2,0,1,1,0
13276483,896,1,1,0,0.625668,168.602,180.969,35.2656,65.6875,2,0,1,1,0
13283468,895,1,1,0,0.55929,170.016,181.406,32.0938,65.9375,3,0,1,1,0
13291214,895,1,1,0,0.432063,170.797,180.922,30.0312,64.8438,2,0,1,1,0
13297448,892,1,1,0,0.560734,171.086,180.672,29.8906,64.5312,3,-1,1,1,0
13304202,895,1,1,0,0.209794,170.953,181.016,29.1562,62.0312,3,0,1,1,0
13311751,893,1,1,0,0.366136,170.445,181.023,30.6406,63.4219,3,0,1,1,0
13318161,894,1,1,0,0.362067,167.605,180.578,31.9297,67.0312,2,0,1,1,0
13325595,895,1,1,0,0.339389,168.848,180.719,29.4141,67.375,2,0,1,1,0
13332036,896,1,1,0,0.479016,167.727,182.305,29.6094,63.9531,2,0,1,1,0
13339143,892,1,1,0,0.277865,167.25,182.828,30.5,65.9062,2,0,1,1,0
13346222,894,1,1,0,0.241134,167.059,182.219,31.0078,67.9375,1,0,1,1,0
13353323,895,1,1,0,0.397003,167.355,182.062,31.6016,68.25,2,0,1,1,0
13360310,895,1,1,0,0.366136,167.672,181.438,31.3438,69.375,2,0,1,1,0
13367050,895,1,1,0,0.350866,168.273,181.531,28.5781,66.5,2,0,1,1,0
13374099,895,1,1,0,0.699254,168.391,180.922,26.2812,70.9062,2,-1,1,1,0
13381041,895,1,1,0,0.277865,168.191,180.438,25.3828,66.8125,1,0,1,1,0
13387766,895,1,1,0,0.637031,167.102,180.977,25.5781,70.2969,2,-1,1,1,0
13394563,895,1,1,0,0.365909,166.848,182.203,27.8203,70.2188,2,0,1,1,0
13401769,894,1,1,0,0.573678,166.734,182.312,26.5156,71,1,0,1,1,0
13408962,894,1,1,0,0.202128,167.596,181.953,23.6914,60.9688,2,0,1,1,0
13415407,896,1,1,0,0.237402,167.656,183.289,24.5938,64.4531,1,0,1,1,0
13422151,894,1,1,0,0.239174,168.203,176.203,22.8438,53.5312,2,0,1,1,0
13427947,895,1,1,0,0.272218,167.098,184.883,25.2891,66.3594,2,0,1,1,0
13434369,893,1,1,0,0.205456,165.969,184.75,25.5156,66.875,1,0,1,1,0
13440724,897,1,1,0,0.203075,166.211,184.555,25.5469,65.8594,1,0,1,1,0
13447482,897,1,1,0,0.660173,166.312,185.539,25.5156,65.8594,2,0,1,1,0
13454669,896,1,1,0,0.330688,166.24,185.688,24.293,67.4375,1,1,1,1,0
13460953,895,1,1,0,0.368405,166.27,185.594,26.2266,67,1,0,1,1,0
13467699,896,1,1,0,0.397003,166.465,184.828,26.5703,65.7812,2,0,1,1,0
13475609,897,1,1,0,0.261896,166.297,185.18,25.0312,65.3906,1,0,1,1,0
13481480,895,1,1,0,0.292191,165.711,185.281,24.9531,64.1875,1,1,1,1,0
13489292,892,1,1,0,0.292191,165.711,185.281,24.9531,64.1875,0,0,0,0,0
13495181,895,1,1,0,0.335895,164.395,185.547,25.8047,68.4688,0,0,1,1,0
13502833,894,1,1,0,0.250913,164.246,185.484,25.9141,65.7188,1,0,1,1,0
13510360,892,1,1,0,0.250913,164.246,185.484,25.9141,65.7188,0,0,0,0,0
13516455,896,1,1,0,0.250913,164.246,185.484,25.9141,65.7188,0,1,0,0,0
13524415,897,1,1,0,0.396536,163.715,185.531,26.8672,65.5,0,0,1,1,0
13530032,896,1,1,0,0.547706,164.164,185.047,27.6719,66.2812,1,0,1,1,0
13537589,895,1,1,0,0.444565,164.551,184.859,27.4453,64.5312,0,0,1,1,0
13544884,894,1,1,0,0.388618,163.855,184.305,29.6328,63.7969,1,1,1,1,0
13551464,894,1,1,0,0.391871,163.934,184.312,31.6953,64.0625,1,0,1,1,0
13558947,896,1,1,0,0.498047,163.195,184.516,29.4844,60.6562,0,0,1,1,0
13564931,897,1,1,0,0.21305,163.012,183.766,28.4141,62.0938,0,0,1,1,0
13573085,891,1,1,0,0.21305,163.012,183.766,28.4141,62.0938,0,0,0,0,0
13579169,894,1,1,0,0.404978,162.32,183.594,30.1094,64.375,0,0,1,1,0
13585830,893,1,1,0,0.2602,162.734,183.578,31.0938,63.8438,0,0,1,1,0
13593279,892,1,1,0,0.2602,162.734,183.578,31.0938,63.8438,0,0,0,0,0
13599989,893,1,1,1,0.338514,166.748,155.666,8.98828,11.1602,1,0,1,1,0
13607763,892,1,1,1,0.372504,166.541,155.316,8.95703,10.6172,1,0,1,1,0
13613912,893,1,1,1,0.235111,164.926,155.805,10.0234,12.0938,1,0,1,1,0
13620861,895,1,1,1,0.423458,163.67,156.27,10.0039,12.0781,1,0,1,1,0
13629056,895,1,1,1,0.360264,164.66,154.6,10.0234,11.7461,0,0,1,1,0
13634876,893,1,1,1,0.2763,162.799,155.578,9.33203,11.3438,1,0,1,1,0
13642758,893,1,1,1,0.33764,163.232,155.314,9.29297,11.4258,0,0,1,1,0
13648541,894,1,1,1,0.40592,163.367,154.328,9.51562,11.6172,1,0,1,1,0
13655863,895,1,1,1,0.50293,163.338,154.307,9.67578,12.2383,0,0,1,1,0
13662493,896,1,1,1,0.607663,163.252,154.371,9.50391,12.1875,0,0,1,1,0
13669196,894,1,1,1,0.688469,163.482,154.047,9.40234,11.4609,1,0,1,1,0
13677510,894,1,1,1,0.41253,163.826,154.039,9.07422,11.1094,0,0,1,1,0
13682929,890,1,1,1,0.41253,163.826,154.039,9.07422,11.1094,1,0,0,0,0
13690739,891,1,1,1,0.41253,163.826,154.039,9.07422,11.1094,0,0,0,0,0
13696807,892,1,1,1,0.41253,163.826,154.039,9.07422,11.1094,0,0,0,0,0
13704329,893,1,0,-1,0,0,0,0,0,0,0,0,0,0
13712000,891,1,0,-1,0,0,0,0,0,0,0,0,0,0
13718038,893,1,0,-1,0,0,0,0,0,0,0,0,0,0
13725638,893,1,1,0,0.230922,159.988,182.188,27.9766,66.25,0,0,1,1,0
13731652,892,1,1,0,0.230922,159.988,182.188,27.9766,66.25,0,0,0,0,0
13739159,894,1,1,0,0.310694,159.664,183.031,28.0781,65.4375,0,0,1,1,0
13745677,895,1,1,0,0.223376,160.109,182.922,27.2188,65.5312,0,0,1,1,0
13752436,894,1,1,0,0.236519,158.578,181.516,31.5625,66.2812,0,0,1,1,0
13760766,895,1,1,0,0.259074,158.438,181.242,32.0625,66.4531,0,0,1,1,0
13766128,893,1,1,0,0.310694,158.672,181.852,28.375,64.4219,0,0,1,1,0
13774349,893,1,1,0,0.310694,158.672,181.852,28.375,64.4219,0,0,0,0,0
13780467,894,1,1,0,0.346209,159.062,181.211,30.375,66.1719,0,0,1,1,0
13787039,894,1,1,0,0.252937,158.477,181.883,29.3906,65.7344,0,0,1,1,0
13795066,894,1,1,0,0.23179,158.328,181.945,28.5312,66.2969,0,0,1,1,0
13801221,895,1,1,0,0.5,158.32,181.875,27.8594,66.9375,0,0,1,1,0
13808865,896,1,1,0,0.439266,158.422,181.359,27.1562,65.7812,0,0,1,1,0
13814805,894,1,1,0,0.568895,158.391,181.258,28.7812,66.2656,-1,0,1,1,0
13822899,894,1,1,0,0.423458,157.742,182.672,27.6406,63.2188,0,0,1,1,0
13829010,894,1,1,0,0.459561,159.137,181.172,28.1641,65.2188,0,0,1,1,0
13835786,894,1,1,0,0.537042,159.031,180.438,27.6875,66.9375,0,0,1,1,0
13843995,897,1,1,0,0.538013,159.375,181.109,26.7188,65.6562,0,0,1,1,0
13849445,894,1,1,0,0.564099,159.418,181.078,26.3828,63.0312,0,0,1,1,0
13857718,896,1,1,0,0.380759,159.064,180.625,24.9414,68.375,0,-1,1,1,0
13864168,896,1,1,0,0.484868,158.891,180.672,24.8438,64.8438,0,0,1,1,0
13870436,894,1,1,0,0.318273,159.242,181,25.7344,65.125,0,0,1,1,0
13878433,895,1,1,0,0.444083,159.102,181.281,25.9844,65.5625,0,0,1,1,0
13884739,896,1,1,0,0.664976,159.035,181.312,26.6016,65.3125,0,0,1,1,0
13892206,893,1,1,0,0.691393,159.227,181.297,25.8594,63.0312,0,0,1,1,0
13898119,895,1,1,0,0.650023,159.508,181.273,25.8594,65.9219,0,-1,1,1,0
13906063,895,1,1,0,0.654454,159.773,181.242,25.8594,64.2656,0,0,1,1,0
13912770,894,1,1,0,0.575588,159.711,182.984,25.7969,62.3438,0,0,1,1,0
13919347,892,1,1,0,0.631141,159.703,182.984,25.875,64.9062,0,0,1,1,0
13927259,895,1,1,0,0.61231,159.906,182.914,25.7812,66.3906,0,0,1,1,0
13933318,894,1,1,0,0.64288,159.625,183.195,25.8125,65.4219,0,0,1,1,0
13940985,900,1,1,0,0.665845,159.703,183.141,24.9375,63.7188,0,0,1,1,0
13946561,894,1,1,0,0.683843,160.25,183.266,26.9062,65.4062,0,0,1,1,0
13953778,896,1,1,0,0.667581,159.961,183.156,25.5781,64.1875,0,0,1,1,0
13961970,895,1,1,0,0.598312,159.812,183.117,25.7188,63.3594,0,0,1,1,0
13967500,894,1,1,0,0.422981,160.477,182.688,25.4219,63.875,0,0,1,1,0
13975378,893,1,1,0,0.692642,160.148,182.602,25.4844,64.2656,0,0,1,1,0
13981880,896,1,1,0,0.543832,160.168,185.297,26.7109,59.8438,0,0,1,1,0
13989116,895,1,1,0,0.438785,159.938,184.297,28.5312,61.2812,0,1,1,1,0
13995449,898,1,1,0,0.507324,160.266,183.531,29.1562,63.875,0,0,1,1,0
14002306,894,1,1,0,0.29098,160.27,183.289,28.8047,63.2031,0,0,1,1,0
14010144,894,1,1,0,0.322739,160.047,183.242,28,63.1719,0,0,1,1,0
14016611,895,1,1,0,0.322739,160.047,183.242,28,63.1719,0,0,0,0,0
14024447,895,1,1,0,0.334155,159.672,183.078,30.9062,63.9688,0,0,1,1,0
14029936,893,1,1,0,0.277865,159.605,183.531,29.1172,60.5,0,0,1,1,0
14037595,893,1,1,0,0.260953,159.68,183.547,31.6406,61.3438,0,0,1,1,0
14044967,892,1,1,0,0.437823,159.723,183.266,30.9297,61.0312,0,0,1,1,0
14051198,894,1,1,0,0.307358,159.402,183.609,30.1641,62.1562,0,0,1,1,0
14058809,893,1,1,0,0.230922,159.02,183.609,31.1641,60.7188,0,1,1,1,0
14065277,892,1,1,0,0.306112,159.289,183.781,33.2031,61.3125,0,0,1,1,0
14072778,897,1,1,0,0.302804,158.84,183.023,32.6172,58.6719,0,0,1,1,0
14079155,894,1,1,0,0.342461,157.344,182.828,36.5312,61.4688,0,0,1,1,0
14085728,891,1,1,0,0.274741,155.82,183.078,37.5781,60.7188,-1,0,1,1,0
14093976,893,1,1,0,0.307358,156.227,182.711,36.2656,61.6094,0,0,1,1,0
14099706,895,1,1,0,0.591723,156.109,183.055,38.125,61.7031,-1,1,1,1,0
14107564,893,1,1,0,0.259449,155.992,184.023,36.8281,57.0469,0,0,1,1,0
14113999,895,1,1,0,0.564099,155.961,183.969,35.0156,59.75,-1,1,1,1,0
14120378,892,1,1,0,0.254971,156.273,183.531,32.0156,55.9375,0,0,1,1,0
14128291,892,1,1,0,0.335242,157.055,185.18,33.7344,59.7656,-1,1,1,1,0
14134817,895,1,1,0,0.450843,156.195,183.297,34.3906,59.7812,0,0,1,1,0
14142290,894,1,1,0,0.219505,157.742,183.938,31.7344,56.0625,-1,1,1,1,0
14148560,894,1,1,0,0.223885,161.922,182.664,23.5625,59.6406,0,0,1,1,0
14156395,892,1,1,0,0.422028,163.18,183.805,20.1719,56.9531,0,1,1,1,0
14162405,894,1,1,0,0.397471,163.406,183.258,19.5625,55.9219,1,0,1,1,0
14168976,897,1,1,1,0.26588,165.316,155.189,8.33594,8.81641,1,0,1,1,0
14177307,892,1,1,1,0.26588,165.316,155.189,8.33594,8.81641,1,-1,0,0,0
14183578,894,1,1,1,0.201813,160.066,157.258,6.92969,8.07812,0,0,1,1,0
14190684,896,1,1,0,0.239352,160.641,180,22.7812,63,0,0,1,1,0
14197362,890,1,1,0,0.239352,160.641,180,22.7812,63,0,-1,0,0,0
14203675,892,1,1,0,0.239352,160.641,180,22.7812,63,0,-1,0,0,0
14212130,894,1,1,0,0.318273,158.107,176.953,26.3711,60.5938,-1,-1,1,1,0
14217489,894,1,1,0,0.288569,157.857,177.406,27.6836,59.5625,0,-1,1,1,0
14225837,892,1,1,0,0.20466,157.922,181.102,30.1562,64.5469,0,0,1,1,0
14231986,894,1,1,0,0.482917,156.664,181.906,31.3906,64.9375,-1,0,1,1,0
14239557,895,1,1,0,0.327024,155.625,182.469,29.7812,63.9375,0,0,1,1,0
14245479,892,1,1,0,0.327024,155.625,182.469,29.7812,63.9375,-1,0,0,0,0
14252757,894,1,1,0,0.327024,155.625,182.469,29.7812,63.9375,-1,1,0,0,0
14260110,894,1,1,0,0.327024,155.625,182.469,29.7812,63.9375,0,0,0,0,0
14266226,893,1,1,0,0.410166,156.133,181.875,27.5781,63.875,-1,0,1,1,0
14274278,893,1,1,0,0.410166,156.133,181.875,27.5781,63.875,0,0,0,0,0
14279990,893,1,1,0,0.431105,154.344,179.945,28.375,57.9531,-1,0,1,1,0
14287420,894,1,1,0,0.420599,154.598,182.305,27.4297,61.2656,-1,0,1,1,0
14294968,895,1,1,0,0.369314,154.367,181.781,28.5,61.1875,-1,0,1,1,0
14301039,895,1,1,0,0.727201,153.984,183.656,28.1875,62.8125,-1,1,1,1,0
14308942,894,1,1,0,0.446977,155.031,182.75,27.5938,65.875,-1,0,1,1,0
14314655,894,1,1,0,0.276691,153.25,181.672,29.25,59.3438,-1,0,1,1,0
14322468,894,1,1,0,0.261707,152.898,181.375,30.6719,61.1875,-2,0,1,1,0
14329065,896,1,1,0,0.367496,152.977,181.105,30.7656,59.0234,-1,0,1,1,0
14335641,894,1,1,0,0.348424,152.344,179.656,34.5,60.9375,-2,0,1,1,0
14343911,895,1,1,0,0.433502,151.789,178.578,33.2344,57.4688,-2,0,1,1,0
14349888,894,1,1,0,0.235111,152.547,178.484,34.9062,59.6562,-1,0,1,1,0
14357267,896,1,1,0,0.390941,154.352,177.641,31.8281,58.6562,-2,-1,1,1,0
14363824,893,1,1,0,0.38122,156.168,177.031,25.9453,53,0,0,1,1,0
14370533,894,1,1,0,0.290175,155.875,177.484,27.9375,50.4688,-1,0,1,1,0
14378274,893,1,1,0,0.317849,156.207,176.484,24.0703,49.6562,0,0,1,1,0
14384605,893,1,1,0,0.444083,155.805,179.336,36.6719,55.5156,-1,0,1,1,0
14391982,892,1,1,0,0.200245,155.971,175.82,22.8477,48.8281,-1,0,1,1,0
14398051,895,1,1,0,0.215021,155.641,176.07,29.2188,49.7344,0,0,1,1,0
14406283,892,1,1,0,0.208985,15.4375,269.031,29.9688,75.5625,-25,17,1,1,0
14412487,894,1,1,0,0.257951,154.762,177.5,31.9609,52,8,-8,1,1,0
14418969,894,1,1,1,0.219672,166.225,141.82,9.38672,10.1875,11,-15,1,1,0
14426728,896,1,1,1,0.226442,160.119,146.01,11.1055,10.8633,2,-5,1,1,0
14432857,893,1,1,0,0.679178,157.062,181.742,45.1562,63.3594,0,0,1,1,0
14441238,894,1,1,0,0.801626,155.594,184.938,51.0625,65.75,0,0,1,1,0
14447056,897,1,1,0,0.717012,154.934,184.781,47.5078,64.25,-1,1,1,1,0
14453680,894,1,1,0,0.540924,154.441,184.742,46.4922,64.5469,-1,0,1,1,0
14462049,896,1,1,0,0.357793,153.727,184.828,48.1406,64.5312,-1,0,1,1,0
14467453,896,1,1,0,0.611382,153.047,185.156,48.0312,57.6875,-1,1,1,1,0
14475300,893,1,1,0,0.611382,153.047,185.156,48.0312,57.6875,-1,2,0,0,0
14482034,894,1,1,0,0.469763,153.465,181.922,45.6797,66.2188,-1,0,1,1,0
14489141,896,1,1,0,0.332636,153.223,181.281,45.8047,63.75,-2,0,1,1,0
14495241,892,1,1,0,0.487795,152.789,181.32,44.8281,63.6406,-1,0,1,1,0
14502222,894,1,1,0,0.367496,152.766,181.359,44.6562,64.3438,-2,0,1,1,0
14510307,895,1,1,0,0.651798,152.445,180.078,44.0781,65.8438,-1,-1,1,1,0
14516066,895,1,1,0,0.69802,152.523,179.977,42.2656,65.9531,-2,0,1,1,0
14523805,895,1,1,0,0.571288,152.273,180.711,42.6406,66.6406,-2,0,1,1,0
14530253,895,1,1,0,0.258512,152.047,180.57,41.8438,66.3594,-1,-1,1,1,0
14536990,901,1,1,0,0.279829,151.914,180.227,40.1406,66.9219,-2,0,1,1,0
14545513,896,1,1,0,0.338295,149.539,181.414,36.6094,63.0469,-3,0,1,1,0
14550817,896,1,1,0,0.387227,149.906,180.961,35.9062,64.2969,-2,0,1,1,0
14558546,893,1,1,0,0.226442,151.008,184.062,36.2344,57.8125,-3,0,1,1,0
14565090,894,1,1,0,0.235814,148.438,183.609,28.625,57.8438,-3,1,1,1,0
14572926,896,1,1,0,0.382603,148.145,181.203,29.0391,62.4688,-3,0,1,1,0
14578789,894,1,1,0,0.682151,148.211,180.953,27.2656,64.4688,-3,0,1,1,0
14585614,895,1,1,0,0.433981,149.375,180.234,28.875,68.7188,-3,-1,1,1,0
14593327,891,1,1,0,0.82133,152.219,178.586,30.1406,64.8281,-2,0,1,1,0
14599415,896,1,1,0,0.398406,151.824,180.703,28.1172,62.0938,-2,-1,1,1,0
14607484,893,1,1,0,0.623836,152.543,180.281,26.9141,67.3125,-2,0,1,1,0
14613646,897,1,1,0,0.290175,152.547,180.484,25.5312,65.0312,-2,0,1,1,0
14620447,894,1,1,0,0.756716,153.227,180.492,27.1406,65.0781,-1,0,1,1,0
14628146,895,1,1,0,0.514644,153.168,179.906,25.6016,64,-2,-1,1,1,0
14634378,895,1,1,0,0.540439,152.836,180.047,26.9844,66.1562,-1,0,1,1,0
14642031,895,1,1,0,0.637482,153.488,179.898,24.0078,63.1719,-2,0,1,1,0
14648079,895,1,1,0,0.201499,153.152,180.086,24.2109,63.2344,-1,-1,1,1,0
14655754,896,1,1,0,0.713033,152.371,179.578,26.7109,64.5938,-2,0,1,1,0
14661883,894,1,1,0,0.633864,151.648,180.078,26.7031,66.2812,-2,0,1,1,0
14669065,894,1,1,0,0.746879,152.445,180.102,27.3281,65.3906,-1,-1,1,1,0
14676792,894,1,1,0,0.309023,153.32,178.18,28.1094,62.1719,-2,0,1,1,0
14682770,895,1,1,0,0.417746,152.773,181.016,27.2656,66.1562,-1,-1,1,1,0
14690546,893,1,1,0,0.52829,153.395,181.422,24.9141,65.1562,-2,0,1,1,0
14696575,891,1,1,0,0.52829,153.395,181.422,24.9141,65.1562,0,0,0,0,0
14703709,893,1,1,0,0.52829,153.395,181.422,24.9141,65.1562,0,0,0,0,0
14711642,895,1,1,0,0.279829,152.449,182.141,28.2578,66.4688,-1,0,1,1,0
14718119,896,1,1,0,0.33372,151.387,182.172,27.8672,65.8438,-2,0,1,1,0
14725192,892,1,1,0,0.33372,151.387,182.172,27.8672,65.8438,0,0,0,0,0
14731479,894,1,1,0,0.295433,151.4,182.211,23.9883,65.4219,-2,0,1,1,0
14739234,893,1,1,0,0.25739,151.309,182.047,27.5234,67.0312,-3,0,1,1,0
14745245,896,1,1,0,0.397003,151.309,181.977,26.3984,66.2969,-2,0,1,1,0
14752179,895,1,1,0,0.433502,151.781,182.258,26.25,65.1406,-2,0,1,1,0
14760098,898,1,1,0,0.270095,151.34,182.859,26.5234,63.8438,-2,0,1,1,0
14766119,896,1,1,0,0.496582,152.418,182.641,26.5547,64.4062,-1,0,1,1,0
14773860,892,1,1,0,0.382603,152.293,182.484,26.8984,62.7188,-2,0,1,1,0
14780569,895,1,1,0,0.443118,152.812,182.195,26.0938,65.3906,-2,0,1,1,0
14787171,894,1,1,0,0.481941,152.863,182.57,26.8984,64.7344,-2,0,1,1,0
14795271,895,1,1,0,0.428712,153.02,183.055,28.0547,63.8281,-1,0,1,1,0
14800817,894,1,1,0,0.231964,153.75,182.656,28.3125,63.0625,-1,0,1,1,0
14809323,895,1,1,0,0.281801,153.777,182.555,26.8203,63.7344,-2,0,1,1,0
14815194,897,1,1,0,0.440229,153.734,182.312,26.6562,63.8125,-1,0,1,1,0
14822533,896,1,1,0,0.242207,153.035,182.266,29.3359,65.7188,-1,0,1,1,0
14828233,896,1,1,0,0.468791,153.41,183.094,28.6016,63.8125,-2,0,1,1,0
14835666,893,1,1,0,0.486819,152.867,183.266,30.0156,63.0938,-1,0,1,1,0
14843371,896,1,1,0,0.375248,151.965,183.547,32.6016,62.9062,-2,0,1,1,0
14849491,895,1,1,0,0.449392,151.762,183.75,31.3672,62.625,-2,0,1,1,0
14856906,895,1,1,0,0.277865,151.672,183.938,33.2188,63.5625,-2,0,1,1,0
14863047,894,1,1,0,0.242207,156.715,182.891,23.3828,62.2188,0,0,1,1,0
14870161,892,1,1,0,0.242207,156.715,182.891,23.3828,62.2188,1,0,0,0,0
14877933,895,1,1,0,0.27591,156.811,181.156,22.3086,58.6875,0,0,1,1,0
14883958,893,1,1,0,0.229192,151.617,180.125,27.8906,53.25,-2,0,1,1,0
14891639,892,1,1,0,0.229192,151.617,180.125,27.8906,53.25,-1,0,0,0,0
14898401,894,1,1,0,0.229192,151.617,180.125,27.8906,53.25,-1,0,0,0,0
14905687,893,1,1,0,0.229192,151.617,180.125,27.8906,53.25,-1,0,0,0,0
14911562,890,1,0,-1,0,0,0,0,0,0,0,0,0,0
14918905,892,1,0,-1,0,0,0,0,0,0,0,0,0,0
14926574,892,1,0,-1,0,0,0,0,0,0,0,0,0,0
14932700,893,1,1,1,0.278257,149.6,155.732,7.92578,10.2227,-2,0,1,1,0
14940764,894,1,1,0,0.219337,147.023,176.867,25.1406,46.1094,-4,0,1,1,0
14946924,893,1,1,1,0.220678,148.977,155.613,8.0625,10.8203,-3,0,1,1,0
14953553,893,1,1,1,0.267792,149.818,155.67,7.80078,10.2461,-3,0,1,1,0
14961511,891,1,1,1,0.267792,149.818,155.67,7.80078,10.2461,0,0,0,0,0
14967218,891,1,1,1,0.267792,149.818,155.67,7.80078,10.2461,0,0,0,0,0
14975041,893,1,1,1,0.444083,150.131,155.172,7.69141,9.73438,-2,0,1,1,0
14981915,895,1,1,1,0.319121,149.17,155.562,7.33203,9.41406,-3,0,1,1,0
14989394,896,1,1,1,0.294215,149.152,155.777,7.40625,9.8125,-3,0,1,1,0
14995259,894,1,1,1,0.277473,149.477,155.117,7.4375,9.73438,-3,0,1,1,0
15002165,896,1,1,0,0.312579,146.773,181.18,26.7344,56.8906,-4,0,1,1,0
15009883,893,1,1,0,0.312579,146.773,181.18,26.7344,56.8906,0,0,0,0,0
15016383,896,1,1,0,0.236872,151.203,174.891,22.4688,47.6562,-3,0,1,1,0
15024486,895,1,1,0,0.217005,152.48,175.188,17.2266,46.4375,-2,0,1,1,0
15030522,893,1,1,0,0.217005,152.48,175.188,17.2266,46.4375,1,0,0,0,0
15037064,895,1,1,0,0.231269,151.189,177.078,25.0039,51.7188,-2,0,1,1,0
15044641,892,1,1,0,0.231269,151.189,177.078,25.0039,51.7188,0,0,0,0,0
15050836,894,1,1,0,0.231269,151.189,177.078,25.0039,51.7188,0,0,0,0,0
15058371,893,1,1,0,0.350421,150.553,175.742,20.9023,47.9219,-2,-1,1,1,0
15064474,893,1,1,0,0.236166,150.34,175.633,19.9453,48.4219,-2,0,1,1,0
15072263,892,1,1,0,0.236166,150.34,175.633,19.9453,48.4219,0,0,0,0,0
15079212,895,1,1,0,0.220007,148.836,186.328,25.3594,52.4062,-3,2,1,1,0
15085346,894,1,1,0,0.205296,146.879,184.594,27.1172,56.375,-4,1,1,1,0
15093230,896,1,1,0,0.304042,147.102,183.961,28.2188,59.5469,-4,1,1,1,0
15099352,894,1,1,0,0.395601,149.82,182.977,28.4844,57.0781,-3,0,1,1,0
15107939,895,1,1,0,0.25349,153.559,180.406,22.1484,61.6875,-1,0,1,1,0
15113510,895,1,1,0,0.263219,154.902,179.164,27.0703,60.1406,-1,0,1,1,0
15120189,894,1,1,0,0.26569,154.367,179.031,25.7031,58.125,-1,-1,1,1,0
15127967,894,1,1,0,0.347316,155.039,178.859,23.5312,58.3438,-1,0,1,1,0
15133904,896,1,1,0,0.306527,153.889,180.711,20.043,60.4531,-1,0,1,1,0
15141822,894,1,1,0,0.267409,153.066,182,21.2422,55.4375,-1,0,1,1,0
15147822,894,1,1,0,0.350866,152.258,180.641,24.8594,61.4688,-2,0,1,1,0
15155562,896,1,1,0,0.376623,152.793,180.109,23.1484,62.2812,-1,0,1,1,0
15162167,894,1,1,0,0.503418,151.465,179.453,26.1797,61.0938,-2,0,1,1,0
15168945,896,1,1,0,0.343341,150.48,181.148,26.3984,60.7656,-3,0,1,1,0
15176553,891,1,1,0,0.343341,150.48,181.148,26.3984,60.7656,0,0,0,0,0
15182565,889,1,1,0,0.343341,150.48,181.148,26.3984,60.7656,-1,0,0,0,0
15190257,891,1,1,0,0.343341,150.48,181.148,26.3984,60.7656,0,0,0,0,0
15197057,892,1,0,-1,0,0,0,0,0,0,0,0,0,0
15203632,891,1,0,-1,0,0,0,0,0,0,0,0,0,0
15211208,893,1,1,1,0.207857,150.602,154.121,7.55469,9.61719,-2,0,1,1,0
15217198,894,1,1,1,0.318697,149.271,153.932,7.66016,9.84766,-3,0,1,1,0
15225031,892,1,1,1,0.430147,149.586,153.266,7.76562,9.03906,-2,0,1,1,0
15232032,893,1,1,1,0.213377,150.666,152.902,7.27734,9.07031,-3,0,1,1,0
15238070,895,1,1,1,0.468791,151.172,153.318,6.96875,9.55859,-2,0,1,1,0
15245800,895,1,1,1,0.5,152.316,153.342,7.60156,9.75391,-2,-1,1,1,0
15252204,895,1,1,1,0.33112,152.936,153.699,7.93359,9.78906,-2,0,1,1,0
15260507,893,1,1,1,0.278257,152.707,153.803,8.69531,9.92578,-1,0,1,1,0
15266794,894,1,1,1,0.569853,153.961,153.367,9.65625,10.3984,-2,0,1,1,0
15273749,896,1,1,1,0.436382,152.908,153.193,9.19141,9.86328,-1,0,1,1,0
15279672,893,1,1,1,0.327239,154.516,154.096,9.63281,10.9414,-1,0,1,1,0
15286683,894,1,1,1,0.353987,154.785,154.189,9.46094,10.8477,-1,0,1,1,0
15294736,894,1,1,0,0.496582,150.789,180.844,28.2031,60.75,-2,0,1,1,0
15301165,895,1,1,0,0.577972,150.977,180.844,26.6719,61.0625,-2,0,1,1,0
15308267,895,1,1,0,0.525856,151.105,180.828,27.7109,59.9062,-2,0,1,1,0
15314937,894,1,1,0,0.480966,151.039,182.453,27.3281,63.7188,-3,0,1,1,0
15321373,895,1,1,0,0.501465,151.156,182.391,27.875,62.5938,-2,0,1,1,0
15329417,894,1,1,0,0.614163,152.523,183,28.1094,64.3125,-2,0,1,1,0
15335420,895,1,1,0,0.390011,153.086,182.945,28.7031,63.3906,-1,0,1,1,0
15343260,897,1,1,0,0.27552,154.469,182.25,28.1562,65.25,-1,0,1,1,0
15349646,896,1,1,0,0.684687,154.75,182.828,28.7656,66.3438,-1,0,1,1,0
15357053,896,1,1,0,0.664105,154.68,182.219,28.6406,60.9375,-1,0,1,1,0
15363689,893,1,1,0,0.70902,155.273,182.375,28.5781,62.4375,-1,0,1,1,0
15370277,894,1,1,0,0.638835,155.289,182.312,27.2344,59.3125,-1,0,1,1,0
15378631,894,1,1,0,0.650023,156.453,183.039,28.4062,65.5469,-1,0,1,1,0
15384036,894,1,1,0,0.422505,155.562,184.281,28.0312,58.5625,0,0,1,1,0
15391958,895,1,1,0,0.271252,155.266,184.031,25.125,58.5,-1,1,1,1,0
15398787,893,1,1,0,0.242925,156.125,184.016,26.1562,59.9062,-1,0,1,1,0
15404714,895,1,1,0,0.349532,157.023,182.871,26.8594,57.6172,0,0,1,1,0
15412772,894,1,1,0,0.428234,157.574,182.508,28.9141,57.3281,0,1,1,1,0
15418744,895,1,1,0,0.420124,157.949,183.055,27.8828,55.6406,0,0,1,1,0
15426582,894,1,1,0,0.627496,159.82,180.438,25.5781,58.4375,0,0,1,1,0
15432660,895,1,1,0,0.617858,160.25,180.469,24.625,58.5625,0,0,1,1,0
15440952,895,1,1,0,0.564099,160.047,180.547,26.4688,58.9688,0,0,1,1,0
15447459,895,1,1,0,0.544801,159.93,180.484,27.7969,62.0312,0,0,1,1,0
15453524,895,1,1,0,0.569374,159.949,180.656,26.5234,59.25,0,0,1,1,0
15461260,896,1,1,0,0.495606,160.117,179.672,27.1094,60.0312,0,0,1,1,0
15467268,895,1,1,0,0.288569,160.453,179.406,24.875,59.9375,0,0,1,1,0
15475314,895,1,1,0,0.433502,160.098,181.656,26.4141,58.625,0,0,1,1,0
15481282,895,1,1,0,0.283384,160.16,181.594,26.1797,55.25,0,0,1,1,0
15488146,893,1,1,0,0.376853,161.34,180.875,30.4766,62.75,0,0,1,1,0
15496030,896,1,1,0,0.26133,162.391,181.242,31.125,60.1406,0,0,1,1,0
15501959,896,1,1,0,0.314471,162.113,183.469,25.3359,52.5625,1,1,1,1,0
15509905,895,1,1,0,0.259824,163.223,181.219,29.1172,63.875,0,0,1,1,0
15516048,894,1,1,0,0.353094,163.078,180.391,38.4375,65.4688,0,0,1,1,0
15523536,894,1,1,0,0.35914,164.074,178.844,35.3516,62.1875,1,-1,1,1,0
15529856,894,1,1,0,0.210604,162.043,177.789,32.6172,60.4219,0,0,1,1,0
15536721,895,1,1,0,0.388154,163.195,181.367,38.2031,61.7656,0,0,1,1,0
15544799,896,1,1,0,0.236695,163.859,180.562,38.6562,62.6875,1,0,1,1,0
15550809,895,1,1,0,0.500977,162.84,182.953,41.6016,57.8438,0,0,1,1,0
15558633,895,1,1,0,0.404978,161.988,181.211,41.6797,63.8594,1,0,1,1,0
15565136,894,1,1,0,0.431584,162.371,181.18,40.5703,63.9844,0,0,1,1,0
15571425,893,1,1,0,0.205137,161.195,180.352,36.1406,63.9219,0,0,1,1,0
15579241,894,1,1,0,0.225246,157.441,181.484,39.6328,65.5312,0,0,1,1,0
15585376,895,1,1,0,0.756716,157.223,181.523,33.3672,67.1719,0,0,1,1,0
15593426,896,1,1,0,0.538013,155.207,180.688,25.5234,61.5625,-1,0,1,1,0
15599242,892,1,1,0,0.423458,155.355,180.172,24.6016,60.4062,-1,0,1,1,0
15606888,894,1,1,0,0.472197,157.344,177.688,26.25,61.9375,0,-1,1,1,0
15612977,901,1,1,0,0.421076,159.363,177.969,28.2891,63.625,0,-1,1,1,0
15620525,894,1,1,0,0.555435,160.121,180.062,29.5547,61.3125,0,0,1,1,0
15628048,895,1,1,0,0.527317,158.469,183.055,34.5,63.1094,0,0,1,1,0
15633944,894,1,1,0,0.635675,158.805,182.562,32.3906,65.125,0,0,1,1,0
15642190,895,1,1,0,0.469277,158.594,182.234,30.0938,65.9688,0,0,1,1,0
15647690,895,1,1,0,0.648689,158.781,182.531,29.3125,67.4375,0,0,1,1,0
15654950,896,1,1,0,0.40592,158.168,181.906,28.1016,61.875,0,0,1,1,0
15668713,894,1,1,0,0.245448,160.934,181.203,28.2578,62.3438,0,0,1,1,0
15676585,895,1,1,0,0.385375,162.023,181.141,28.8281,61.7188,0,0,1,1,0
15682938,894,1,1,0,0.226613,163.203,179.484,27.5625,64.2812,0,0,1,1,0
15690205,895,1,1,0,0.5,164.738,179.898,25.3359,63.7969,1,0,1,1,0
15696719,894,1,1,0,0.394668,164.969,180.5,24.9688,62.625,1,0,1,1,0
15703260,894,1,1,0,0.5,164.938,179.188,26.3125,64.9375,1,-1,1,1,0
15711209,894,1,1,0,0.376623,165.742,179.305,24.5469,64.6094,1,0,1,1,0
15717174,896,1,1,0,0.449392,166.043,179.953,26.0547,64.7188,1,-1,1,1,0
15725315,895,1,1,0,0.558327,166.605,180.133,26.4922,64.9531,1,0,1,1,0
15732293,895,1,1,0,0.484868,167.094,180.297,26.4062,63.5938,2,0,1,1,0
15737954,893,1,1,0,0.304042,167.211,178.203,24.8281,56.0938,1,0,1,1,0
15746053,896,1,1,0,0.27048,167.656,178.391,25.1562,62.4688,2,-1,1,1,0
15752230,893,1,1,0,0.605332,167.93,178.891,24.6406,63.3438,1,0,1,1,0
15766132,894,1,1,0,0.336985,167.57,180.766,26.9062,65.7188,2,-1,1,1,0
15773504,895,1,1,0,0.344663,167.551,183.219,24.1953,58.8125,2,0,1,1,0
15779540,895,1,1,0,0.558808,167.961,183.305,24.7656,61.8281,2,0,1,1,0
15786859,896,1,1,0,0.38122,167.723,182.938,24.9141,62.1875,1,0,1,1,0
15794649,894,1,1,0,0.515132,167.633,182.758,25.8281,64.6406,2,0,1,1,0
15800537,894,1,1,0,0.459561,167.324,182.602,25.8828,64.5469,2,0,1,1,0
15808529,894,1,1,0,0.569853,167.387,182.609,26.2422,64.8438,1,0,1,1,0
15821324,895,1,1,0,0.462958,167.473,182.562,26.2266,65.125,2,0,1,1,0
15836053,893,1,1,0,0.268943,167.512,185.406,24.9141,59.625,2,0,1,1,0
15843860,892,1,1,0,0.590779,168.902,185.062,25.4766,64.4375,2,1,1,1,0
15856652,895,1,1,0,0.249447,168.906,184.828,23.6562,60.2188,2,0,1,1,0
15863169,895,1,1,0,0.207857,169.578,184.797,23.2031,59.7188,2,1,1,1,0
15870588,895,1,1,0,0.458106,168.82,184.531,28.6094,59.1875,2,1,1,1,0
15884695,894,1,1,0,0.254601,169.023,184.141,28.4531,62.9062,3,0,1,1,0
15892153,895,1,1,0,0.590307,168.77,184.219,29.3203,60.3125,2,0,1,1,0
15897834,894,1,1,0,0.358466,168,184.125,29.5625,55,2,1,1,1,0
15912899,895,1,1,0,0.633411,169.109,181.844,31.5,61.8125,2,0,1,1,0
15918633,894,1,1,0,0.528777,168.781,182.367,36.75,60.0156,2,0,1,1,0
15932539,895,1,1,0,0.684687,167.34,182.684,32.6172,56.7422,2,0,1,1,0
15940195,893,1,1,0,0.292191,167.617,182.766,35.8906,60.0938,2,0,1,1,0
15946212,894,1,1,0,0.405449,167.617,182.844,40.4844,62.25,1,0,1,1,0
15960713,895,1,1,0,0.267026,172.129,184.133,23.3828,52.6094,4,1,1,1,0
15967352,896,1,1,0,0.260576,172.68,184.75,27.7031,57.8125,3,1,1,1,0
15981283,895,1,1,0,0.36795,173.594,181.301,23.25,57.6016,4,0,1,1,0
15988313,895,1,1,0,0.435901,173.348,181.234,25.1953,61.3438,4,0,1,1,0
15995972,895,1,1,0,0.351311,172.717,181.359,21.5273,59.7188,4,0,1,1,0
16009286,895,1,1,0,0.355776,172.555,183.492,18.7031,57.2344,4,0,1,1,0
16015900,896,1,1,0,0.218669,164.953,182.062,31.9688,62.875,0,0,1,1,0
16024322,891,1,1,0,0.218669,164.953,182.062,31.9688,62.875,-2,0,0,0,0
16030652,895,1,1,0,0.205137,161.828,179.414,35.4375,61.6719,-1,-1,1,1,0
16036811,893,1,1,0,0.208179,170.766,180.391,19.0781,59.1562,2,0,1,1,0
16045270,896,1,1,0,0.24726,168.703,182.125,27.5938,59.125,2,0,1,1,0
16050769,894,1,1,0,0.202917,167.328,180.977,37.0938,64.4219,2,0,1,1,0
16058869,894,1,1,0,0.202917,167.328,180.977,37.0938,64.4219,0,0,0,0,0
16071605,892,1,1,0,0.202917,167.328,180.977,37.0938,64.4219,0,-1,0,0,0
16079494,894,1,1,1,0.214362,177.775,153.793,8.76172,11.0078,6,0,1,1,0
16086042,892,1,1,1,0.214362,177.775,153.793,8.76172,11.0078,3,0,0,0,0
16093568,895,1,1,1,0.214362,177.775,153.793,8.76172,11.0078,3,0,0,0,0
16099161,893,1,1,1,0.214362,177.775,153.793,8.76172,11.0078,3,0,0,0,0
16106962,894,0,1,1,0.228502,175.973,153.209,7.83594,9.59766,5,-1,1,1,0
16113505,895,0,1,1,0.293,174.662,153.559,8.32422,10.6406,5,0,1,1,0
16120573,895,0,1,1,0.319971,173.754,153.377,8.52344,10.3242,4,0,1,1,0
16127894,896,0,1,1,0.220342,175.102,156.164,8.60156,11.3906,5,0,1,1,0
16134501,891,0,1,1,0.220342,175.102,156.164,8.60156,11.3906,0,1,0,0,0
16141751,892,0,1,1,0.422028,177.234,154.387,7.97656,10.6641,6,0,1,1,0
16147694,895,0,1,1,0.530236,177.955,154.25,7.59766,10.2969,6,0,1,1,0
16155156,895,0,1,1,0.336767,179.002,154.186,7.69922,10.4023,6,0,1,1,0
16163245,893,0,1,1,0.322099,179.633,154.271,7.51562,10.4102,7,0,1,1,0
16168562,893,0,1,1,0.498047,180.442,154.225,8.59961,10.4102,7,0,1,1,0
16177097,894,0,1,1,0.555435,181.053,154.193,8.81641,11.3086,7,0,1,1,0
16182669,894,0,1,1,0.475605,181.93,154.055,8.03906,10.7188,8,0,1,1,0
16190219,895,0,1,1,0.362518,182.666,154.17,7.72266,10.3398,8,0,1,1,0
16196981,898,0,1,1,0.362518,182.666,154.17,7.72266,10.3398,1,0,0,0,0
16203423,891,0,1,1,0.362518,182.666,154.17,7.72266,10.3398,1,0,0,0,0
16211205,892,0,1,1,0.362518,182.666,154.17,7.72266,10.3398,0,0,0,0,0
16217966,893,0,0,-1,0,0,0,0,0,0,0,0,0,0
16225109,891,0,0,-1,0,0,0,0,0,0,0,0,0,0
16231651,890,0,0,-1,0,0,0,0,0,0,0,0,0,0
16238160,890,0,0,-1,0,0,0,0,0,0,0,0,0,0
16246054,891,0,0,-1,0,0,0,0,0,0,0,0,0,0
16251837,892,0,0,-1,0,0,0,0,0,0,0,0,0,0
16259840,891,0,0,-1,0,0,0,0,0,0,0,0,0,0
16266126,892,0,1,0,0.237402,8.45703,271.5,16.9922,88.75,-26,14,1,1,0
16273612,893,0,1,0,0.388154,10.9375,272.625,22,82.75,-26,15,1,1,0
16279630,896,0,1,0,0.552057,12.2148,271.797,24.3359,79.9688,-26,15,1,1,0
16286740,894,0,1,0,0.426322,14.8906,269.344,28.9688,75.6875,-25,16,1,1,0
16294676,894,0,1,0,0.268559,16.5859,271.047,32.8281,77.0938,-26,15,1,1,0
16300829,892,0,1,0,0.857049,19.0859,266.266,38.3594,82.1562,-26,15,1,1,0
16308483,892,0,1,0,0.857527,20.957,265.156,41.9609,79.125,-26,15,1,1,0
16314573,895,0,1,0,0.860366,22.7109,263.852,45.5156,78.3281,-26,15,1,1,0
16322037,894,0,1,0,0.870819,24.5,263.219,48.0625,77.6875,-26,16,1,1,0
16329216,893,0,1,0,0.870819,24.5,263.219,48.0625,77.6875,-26,15,1,1,0
16335166,892,0,1,0,0.870819,24.5,263.219,48.0625,77.6875,0,0,0,0,0
16341298,894,0,1,0,0.870819,24.5,263.219,48.0625,77.6875,1,0,0,0,0
16347700,891,0,1,0,0.870819,24.5,263.219,48.0625,77.6875,1,-1,0,0,0
16355667,889,0,0,-1,0,0,0,0,0,0,0,0,0,0
16361718,890,0,0,-1,0,0,0,0,0,0,0,0,0,0
16369466,894,0,0,-1,0,0,0,0,0,0,0,0,0,0
16374762,888,0,0,-1,0,0,0,0,0,0,0,0,0,0
16380284,892,0,0,-1,0,0,0,0,0,0,0,0,0,0
16386263,894,0,1,0,0.581303,29.75,265.836,53.75,72.4531,-25,16,1,1,0
16429122,1177,0,1,0,0.414425,35.1641,262.07,52.0156,79.3594,-25,16,1,1,0
16481618,1165,0,1,0,0.397938,41.8594,262.102,52.2812,81.0469,-25,16,1,1,0
16486195,896,0,1,0,0.397938,41.8594,262.102,52.2812,81.0469,-25,17,1,1,0
16501228,899,0,1,0,0.397938,41.8594,262.102,52.2812,81.0469,-25,16,1,1,0
16515621,897,0,1,0,0.397938,41.8594,262.102,52.2812,81.0469,-25,17,1,1,0
16521974,898,0,1,0,0.397938,41.8594,262.102,52.2812,81.0469,-25,16,1,1,0
16536373,895,0,1,0,0.708616,53.875,262.375,41.6875,83.5,-25,18,1,1,0
16550454,894,0,1,0,0.708616,53.875,262.375,41.6875,83.5,-24,18,1,1,0
16559440,894,0,1,0,0.708616,53.875,262.375,41.6875,83.5,-24,18,1,1,0
16585748,1162,0,1,0,0.296858,65.0625,259.406,36.5,82.8125,-23,19,1,1,0
16638819,1162,0,1,0,0.499512,72.7422,258.719,31.4219,79.6875,-22,20,1,1,0
16691350,1160,0,1,0,0.38769,81.457,261.516,27.0391,77.2812,-20,23,1,1,0
16742850,1162,0,1,0,0.417271,87.168,262.609,28.5234,71.7188,-18,23,1,1,0
16795820,1171,0,1,0,0.530723,94.7461,262.039,39.2734,79.6719,-17,25,1,1,0
16848047,1163,0,1,0,0.693888,100.234,260.328,48.7188,76.3438,-17,25,1,1,0
16900655,1162,0,1,0,0.343341,105.695,258.234,48.1406,72.0312,-15,26,1,1,0
16954022,1160,0,1,0,0.256831,124.516,257.828,18.8438,67.9062,-6,29,1,1,0
17007417,1160,0,1,0,0.209632,125.281,260.664,36.5625,79.6719,-9,29,1,1,0
17060577,1170,0,1,0,0.209632,125.281,260.664,36.5625,79.6719,5,0,0,0,0
